created_at,entry_id,field1,field2,field3,field4,field5,latitude,longitude,elevation,status
2026-07-09T19:15:48+00:00,1,22.5,55,8,10,1012.3,,,,
2026-07-09T21:34:06+00:00,2,25.88,59.48,0,0,1015.5,,,,
2026-07-10T17:06:18+00:00,3,23.16,65.27,4,4,1016.5,,,,
2026-07-10T17:16:17+00:00,4,24.54,59.65,3,3,1016.6,,,,
2026-07-10T17:26:17+00:00,5,24.88,58,3,3,1016.6,,,,
2026-07-10T17:36:17+00:00,6,24.67,58.13,2,2,1016.5,,,,
2026-07-10T17:46:17+00:00,7,24.5,58.45,3,3,1016.7,,,,
2026-07-10T17:56:17+00:00,8,24.44,58.75,5,5,1016.7,,,,
2026-07-10T18:06:17+00:00,9,24.31,58.98,2,2,1016.8,,,,
2026-07-10T18:16:17+00:00,10,24.25,58.98,1,1,1016.9,,,,
2026-07-10T18:26:17+00:00,11,24.15,58.69,0,0,1016.9,,,,
2026-07-10T18:36:17+00:00,12,24.02,57.62,0,0,1016.8,,,,
2026-07-10T18:46:17+00:00,13,24.02,57.32,1,1,1016.8,,,,
2026-07-13T11:45:46+00:00,14,22.55,60.58,1,1,1021,,,,
2026-07-13T11:59:48+00:00,15,22.92,61.11,0,0,1021,,,,
2026-07-13T12:09:47+00:00,16,22.54,62.27,0,0,1021.1,,,,
2026-07-13T12:19:47+00:00,17,22.64,63.47,0,0,1021.2,,,,
2026-07-13T12:20:47+00:00,18,22.77,63.14,3,3,1021.1,,,,
2026-07-13T13:30:07+00:00,19,21.84,65.96,0,0,1020.1,,,,
2026-07-13T13:40:07+00:00,20,21.95,64.76,0,0,1020.2,,,,
2026-07-13T13:50:07+00:00,21,21.84,64.36,0,0,1020.2,,,,
2026-07-13T13:52:30+00:00,22,22.35,63.7,3,3,1020.1,,,,
2026-07-13T14:02:29+00:00,23,23.2,70.95,3,3,1019.9,,,,
2026-07-13T14:12:29+00:00,24,23.14,62.38,1,1,1019.9,,,,
2026-07-13T14:20:09+00:00,25,24.69,64.49,4,4,1020,,,,
2026-07-13T14:30:08+00:00,26,26.37,55.85,2,2,1019.7,,,,
2026-07-13T14:40:08+00:00,27,29.21,50.51,9,9,1019.8,,,,
2026-07-13T14:50:08+00:00,28,26.67,53.55,1,1,1019.6,,,,
2026-07-13T15:00:08+00:00,29,25.39,64.2,232,253,1019.5,,,,
2026-07-13T15:01:43+00:00,30,25.42,59.34,13,13,1019.4,,,,
2026-07-13T15:11:42+00:00,31,24.62,58.03,11,11,1019.6,,,,
2026-07-13T15:21:42+00:00,32,23.97,59.7,0,0,1019.5,,,,
2026-07-13T15:31:42+00:00,33,23.38,60.49,0,0,1019.4,,,,
2026-07-13T15:41:42+00:00,34,27.34,51.5,5,5,1019.5,,,,
2026-07-13T15:51:42+00:00,35,25.76,56.13,7,7,1019.6,,,,
2026-07-13T16:01:42+00:00,36,25.67,55.24,6,6,1019.4,,,,
2026-07-13T16:11:42+00:00,37,25.62,55.64,6,6,1019.5,,,,
2026-07-13T16:21:42+00:00,38,25.55,55.54,6,6,1019.2,,,,
2026-07-13T16:31:42+00:00,39,25.77,55.02,5,5,1019.2,,,,
2026-07-13T16:41:42+00:00,40,25.57,55.94,3,3,1019.1,,,,
2026-07-13T16:51:42+00:00,41,25.52,55.76,7,7,1019.2,,,,
2026-07-13T17:01:42+00:00,42,25.43,58.04,4,4,1019.1,,,,
2026-07-13T17:11:42+00:00,43,24.81,59.22,5,5,1019.3,,,,
2026-07-13T17:31:42+00:00,44,24.81,57.43,6,6,1019.1,,,,
2026-07-13T17:41:42+00:00,45,24.77,57.73,3,3,1019.1,,,,
2026-07-13T17:51:42+00:00,46,24.44,61.24,7,7,1019,,,,
2026-07-13T18:01:42+00:00,47,24.32,61.96,10,10,1019.2,,,,
2026-07-13T18:11:42+00:00,48,24.18,62.56,9,9,1019.2,,,,
2026-07-13T18:31:42+00:00,49,23.75,64.51,7,7,1019.3,,,,
2026-07-13T18:41:42+00:00,50,23.6,65.84,6,6,1019.5,,,,
2026-07-13T18:51:42+00:00,51,23.48,66.83,8,8,1019.7,,,,
2026-07-13T19:01:42+00:00,52,23.27,67.17,7,7,1019.7,,,,
2026-07-13T19:11:42+00:00,53,23.07,68.19,7,7,1019.7,,,,
2026-07-13T19:21:42+00:00,54,22.7,70.03,7,7,1019.9,,,,
2026-07-13T19:31:42+00:00,55,22.4,70.19,8,8,1020,,,,
2026-07-13T19:41:42+00:00,56,21.9,71.76,5,5,1020.3,,,,
2026-07-13T19:51:42+00:00,57,21.66,73.19,8,8,1020.5,,,,
2026-07-13T20:01:41+00:00,58,21.4,74.33,7,7,1020.6,,,,
2026-07-13T20:11:42+00:00,59,20.87,75.8,5,5,1020.6,,,,
2026-07-13T20:21:41+00:00,60,20.77,75.84,8,8,1020.7,,,,
2026-07-13T20:31:41+00:00,61,20.54,76.28,6,6,1020.8,,,,
2026-07-13T20:41:41+00:00,62,20.35,76.57,4,4,1020.8,,,,
2026-07-13T20:51:41+00:00,63,20.16,76.91,3,3,1020.9,,,,
2026-07-13T21:01:41+00:00,64,20.01,77.45,2,2,1020.8,,,,
2026-07-13T21:11:41+00:00,65,19.86,77.95,4,4,1020.9,,,,
2026-07-13T21:21:41+00:00,66,19.71,78.49,5,5,1021,,,,
2026-07-13T21:31:41+00:00,67,19.52,79.23,7,7,1021.1,,,,
2026-07-13T21:41:41+00:00,68,19.33,80.07,5,5,1021.1,,,,
2026-07-13T21:51:41+00:00,69,19.18,80.68,8,8,1021.2,,,,
2026-07-13T22:01:41+00:00,70,19.04,80.81,15,15,1021.3,,,,
2026-07-13T22:11:41+00:00,71,18.78,81.35,2,2,1021.3,,,,
2026-07-13T22:21:41+00:00,72,18.72,81.65,6,6,1021.4,,,,
2026-07-13T22:31:41+00:00,73,18.55,82.2,4,4,1021.5,,,,
2026-07-13T22:41:41+00:00,74,18.41,82.64,12,12,1021.4,,,,
2026-07-13T22:51:41+00:00,75,18.32,82.74,4,4,1021.6,,,,
2026-07-13T23:01:41+00:00,76,18.25,82.84,11,11,1021.4,,,,
2026-07-13T23:11:41+00:00,77,18.12,83.59,11,11,1021.3,,,,
2026-07-13T23:21:41+00:00,78,17.97,83.93,6,12,1021.3,,,,
2026-07-13T23:31:41+00:00,79,17.92,84.33,6,6,1021.4,,,,
2026-07-13T23:41:41+00:00,80,17.75,84.57,8,8,1021.5,,,,
2026-07-13T23:51:41+00:00,81,17.77,84.67,7,7,1021.2,,,,
2026-07-14T00:01:41+00:00,82,17.7,84.88,6,11,1021.3,,,,
2026-07-14T00:11:41+00:00,83,17.55,85.38,9,9,1021.3,,,,
2026-07-14T00:21:41+00:00,84,17.34,86.22,7,7,1021.1,,,,
2026-07-14T00:31:41+00:00,85,17.29,86.77,4,4,1021.1,,,,
2026-07-14T00:41:41+00:00,86,17.3,86.73,11,11,1021.1,,,,
2026-07-14T00:51:41+00:00,87,17.3,86.63,2,2,1020.9,,,,
2026-07-14T01:01:41+00:00,88,17.14,87.07,11,11,1021,,,,
2026-07-14T01:11:41+00:00,89,17.15,86.87,3,3,1020.8,,,,
2026-07-14T01:21:41+00:00,90,17.06,87.21,4,4,1020.9,,,,
2026-07-14T01:31:41+00:00,91,17.03,87.32,8,8,1021,,,,
2026-07-14T01:41:41+00:00,92,17.11,86.77,15,15,1021.1,,,,
2026-07-14T01:51:41+00:00,93,17.08,86.77,6,6,1021.2,,,,
2026-07-14T02:01:41+00:00,94,17.01,86.51,7,7,1021.3,,,,
2026-07-14T02:11:41+00:00,95,17.12,86.16,7,7,1021.1,,,,
2026-07-14T02:21:41+00:00,96,17.12,86.07,4,4,1021.2,,,,
2026-07-14T02:31:41+00:00,97,17.03,86,7,7,1021,,,,
2026-07-14T02:41:41+00:00,98,17.11,86.07,4,4,1021,,,,
2026-07-14T02:51:41+00:00,99,17.11,86.16,7,7,1020.9,,,,
2026-07-14T03:01:41+00:00,100,17.06,86.3,5,5,1020.8,,,,
2026-07-14T03:11:41+00:00,101,17.01,86.61,7,7,1020.7,,,,
2026-07-14T03:21:41+00:00,102,17.01,86.71,6,6,1020.6,,,,
2026-07-14T03:31:41+00:00,103,17.06,86.91,11,11,1020.6,,,,
2026-07-14T03:41:41+00:00,104,17.04,87.21,10,10,1020.6,,,,
2026-07-14T03:51:41+00:00,105,17.04,87.52,5,5,1020.6,,,,
2026-07-14T04:01:41+00:00,106,17.11,87.58,4,4,1020.6,,,,
2026-07-14T04:11:41+00:00,107,17.15,87.48,10,10,1020.8,,,,
2026-07-14T04:21:41+00:00,108,17.19,87.27,6,6,1020.7,,,,
2026-07-14T04:31:41+00:00,109,17.19,87.68,8,14,1020.8,,,,
2026-07-14T04:41:41+00:00,110,17.22,86.87,13,13,1020.7,,,,
2026-07-14T04:51:41+00:00,111,17.29,86.87,8,8,1020.7,,,,
2026-07-14T05:01:41+00:00,112,17.37,86.53,3,3,1020.7,,,,
2026-07-14T05:11:41+00:00,113,17.41,86.43,7,7,1020.6,,,,
2026-07-14T05:21:41+00:00,114,17.4,86.43,2,2,1020.8,,,,
2026-07-14T05:31:41+00:00,115,17.37,86.93,7,7,1020.9,,,,
2026-07-14T05:41:41+00:00,116,17.37,87.03,16,16,1021,,,,
2026-07-14T05:51:41+00:00,117,17.4,87.03,21,21,1021,,,,
2026-07-14T06:01:41+00:00,118,17.34,87.43,3,3,1021,,,,
2026-07-14T06:11:41+00:00,119,17.4,87.13,7,7,1021,,,,
2026-07-14T06:21:41+00:00,120,17.59,86.69,5,5,1021.1,,,,
2026-07-14T06:31:41+00:00,121,17.86,85.44,7,7,1021,,,,
2026-07-14T06:41:41+00:00,122,18.18,83.99,7,7,1021,,,,
2026-07-14T06:51:41+00:00,123,18.41,83.25,7,7,1020.9,,,,
2026-07-14T07:01:41+00:00,124,18.5,82.7,6,6,1020.9,,,,
2026-07-14T07:11:41+00:00,125,18.77,81.76,8,8,1021,,,,
2026-07-14T07:21:41+00:00,126,19.22,80.47,6,6,1020.9,,,,
2026-07-14T07:31:41+00:00,127,19.47,79.53,11,11,1021,,,,
2026-07-14T07:41:41+00:00,128,19.73,78.19,6,6,1021,,,,
2026-07-14T07:51:41+00:00,129,19.99,77.15,5,5,1021,,,,
2026-07-14T08:01:41+00:00,130,20.63,75.04,3,3,1020.8,,,,
2026-07-14T08:11:41+00:00,131,20.84,73.7,10,10,1020.8,,,,
2026-07-14T08:21:41+00:00,132,22.72,69.53,7,7,1020.8,,,,
2026-07-14T08:31:41+00:00,133,22.99,66.3,3,3,1020.8,,,,
2026-07-14T08:41:41+00:00,134,23.51,65.14,4,4,1020.7,,,,
2026-07-14T08:51:41+00:00,135,24.49,62.04,7,7,1020.8,,,,
2026-07-14T09:01:41+00:00,136,22.97,66.8,9,9,1020.8,,,,
2026-07-14T09:11:41+00:00,137,22.72,67.33,8,8,1020.8,,,,
2026-07-14T09:21:41+00:00,138,22.48,67.96,8,8,1020.8,,,,
2026-07-14T09:31:41+00:00,139,22.32,68.89,3,3,1020.7,,,,
2026-07-14T09:41:41+00:00,140,23.14,67.36,3,3,1020.7,,,,
2026-07-14T09:51:41+00:00,141,23.33,67.07,8,8,1020.7,,,,
2026-07-14T10:01:41+00:00,142,22.97,67.4,5,5,1020.8,,,,
2026-07-14T10:11:41+00:00,143,23.28,66.57,6,6,1020.6,,,,
2026-07-14T10:21:41+00:00,144,23.44,66.24,9,9,1020.6,,,,
2026-07-14T10:31:41+00:00,145,24.84,62.77,6,6,1020.6,,,,
2026-07-14T10:41:41+00:00,146,24.29,64.06,7,7,1020.5,,,,
2026-07-14T10:51:41+00:00,147,24.43,64.62,8,8,1020.6,,,,
2026-07-14T11:01:41+00:00,148,23.94,65.68,8,8,1020.4,,,,
2026-07-14T11:11:41+00:00,149,24.75,63.6,7,7,1020.5,,,,
2026-07-14T11:21:41+00:00,150,24.85,64.06,6,6,1020.5,,,,
2026-07-14T11:31:41+00:00,151,25.87,62.95,6,6,1020.5,,,,
2026-07-14T11:41:41+00:00,152,26.09,61.83,9,9,1020.4,,,,
2026-07-14T11:51:41+00:00,153,26.64,59.99,8,8,1020.3,,,,
2026-07-14T12:01:41+00:00,154,25.96,61.26,6,6,1020.3,,,,
2026-07-14T12:11:41+00:00,155,26.64,59.69,13,13,1020.3,,,,
2026-07-14T12:21:41+00:00,156,26.7,59.49,16,16,1020.3,,,,
2026-07-14T12:31:41+00:00,157,26.29,60.81,13,13,1020.3,,,,
2026-07-14T12:41:41+00:00,158,27.67,57.2,5,5,1020.1,,,,
2026-07-14T12:51:41+00:00,159,28.63,56.4,9,9,1020,,,,
2026-07-14T13:01:41+00:00,160,29.38,54.05,9,9,1020.1,,,,
2026-07-14T13:11:41+00:00,161,27.66,56.91,6,6,1020,,,,
2026-07-14T13:21:41+00:00,162,29.57,53.83,14,14,1020,,,,
2026-07-14T13:31:41+00:00,163,27.97,56.36,8,8,1019.7,,,,
2026-07-14T13:41:41+00:00,164,28.89,55.09,15,15,1019.8,,,,
2026-07-14T13:51:41+00:00,165,30.42,52.15,14,14,1019.5,,,,
2026-07-14T14:01:41+00:00,166,29.39,53.86,8,8,1019.5,,,,
2026-07-14T14:11:41+00:00,167,30.44,51.27,10,10,1019.2,,,,
2026-07-14T14:21:41+00:00,168,31.13,50.22,5,5,1019,,,,
2026-07-14T14:31:41+00:00,169,29.77,50.26,12,12,1018.8,,,,
2026-07-14T14:41:41+00:00,170,32.48,40.7,5,5,1018.8,,,,
2026-07-14T14:51:41+00:00,171,32.07,40.84,12,12,1018.9,,,,
2026-07-14T15:01:41+00:00,172,32.26,39.84,3,3,1018.9,,,,
2026-07-14T15:11:41+00:00,173,32.49,38.75,6,6,1018.8,,,,
2026-07-14T15:21:41+00:00,174,32.34,38.86,6,6,1018.9,,,,
2026-07-14T15:31:41+00:00,175,31.65,38.9,7,7,1018.7,,,,
2026-07-14T15:41:41+00:00,176,32.19,38.37,6,6,1018.7,,,,
2026-07-14T15:51:41+00:00,177,29.47,42.71,5,5,1018.6,,,,
2026-07-14T16:01:41+00:00,178,29.49,42.32,5,5,1018.5,,,,
2026-07-14T16:11:41+00:00,179,29.49,42.71,5,5,1018.6,,,,
2026-07-14T16:21:41+00:00,180,29.03,42.85,3,3,1018.6,,,,
2026-07-14T16:31:41+00:00,181,29.09,43.24,3,3,1018.6,,,,
2026-07-14T16:41:41+00:00,182,28.85,43.86,4,4,1018.6,,,,
2026-07-14T16:51:41+00:00,183,28.77,43.96,5,5,1018.5,,,,
2026-07-14T17:01:41+00:00,184,28.75,43.86,3,3,1018.7,,,,
2026-07-14T17:11:41+00:00,185,28.63,42.89,4,4,1018.7,,,,
2026-07-14T17:21:41+00:00,186,28.53,43.19,1,1,1018.8,,,,
2026-07-14T17:31:41+00:00,187,28.34,44.2,4,4,1018.8,,,,
2026-07-14T17:41:40+00:00,188,28.03,44.42,4,4,1018.9,,,,
2026-07-14T17:51:40+00:00,189,27.81,45.42,3,3,1019.1,,,,
2026-07-14T18:01:40+00:00,190,27.75,45.62,1,1,1019.1,,,,
2026-07-14T18:11:41+00:00,191,27.63,45.25,2,2,1019.1,,,,
2026-07-14T18:21:40+00:00,192,27.47,45.64,3,3,1019.1,,,,
2026-07-14T18:31:40+00:00,193,27.41,45.27,0,0,1019.2,,,,
2026-07-14T18:41:41+00:00,194,27.19,45.79,3,3,1019.2,,,,
2026-07-14T18:51:40+00:00,195,27.15,47.07,2,2,1019.4,,,,
2026-07-14T19:01:40+00:00,196,26.89,46.01,1,1,1019.4,,,,
2026-07-14T19:11:40+00:00,197,26.91,45.61,7,7,1019.4,,,,
2026-07-14T19:21:40+00:00,198,26.62,46.52,1,1,1019.6,,,,
2026-07-14T19:31:40+00:00,199,26.32,47.74,6,6,1019.6,,,,
2026-07-14T19:41:40+00:00,200,26.09,49.74,6,6,1019.8,,,,
2026-07-14T19:51:40+00:00,201,25.79,52.04,5,5,1019.9,,,,
2026-07-14T20:01:40+00:00,202,25.33,53.19,2,2,1020.2,,,,
2026-07-14T20:11:40+00:00,203,25.11,53.7,5,5,1020.2,,,,
2026-07-14T20:21:40+00:00,204,24.77,55.35,7,7,1020.5,,,,
2026-07-14T20:31:40+00:00,205,24.5,57.06,4,4,1020.7,,,,
2026-07-14T20:41:40+00:00,206,24.17,58.18,8,8,1020.7,,,,
2026-07-14T20:51:40+00:00,207,23.91,59.91,6,6,1020.8,,,,
2026-07-14T21:01:40+00:00,208,23.66,61.23,6,6,1020.9,,,,
2026-07-14T21:11:40+00:00,209,23.35,62.68,4,4,1021.1,,,,
2026-07-14T21:21:40+00:00,210,23.06,65.5,6,6,1021.2,,,,
2026-07-14T21:31:40+00:00,211,22.79,66.93,5,5,1021.3,,,,
2026-07-14T21:41:40+00:00,212,22.48,67.86,9,9,1021.3,,,,
2026-07-14T21:51:40+00:00,213,22.21,68.82,0,0,1021.3,,,,
2026-07-14T22:01:40+00:00,214,21.95,69.66,5,5,1021.4,,,,
2026-07-14T22:11:40+00:00,215,21.79,70.66,15,15,1021.5,,,,
2026-07-14T22:21:40+00:00,216,21.5,71.33,7,7,1021.7,,,,
2026-07-14T22:31:40+00:00,217,21.25,72.26,6,6,1021.7,,,,
2026-07-14T22:41:40+00:00,218,20.94,72.89,8,8,1021.9,,,,
2026-07-14T22:51:40+00:00,219,20.74,73.43,9,9,1021.9,,,,
2026-07-14T23:01:40+00:00,220,20.63,74.13,1,1,1021.9,,,,
2026-07-14T23:11:40+00:00,221,20.38,74.67,7,7,1022,,,,
2026-07-14T23:21:40+00:00,222,20.18,75.31,10,10,1022.1,,,,
2026-07-14T23:31:40+00:00,223,19.96,75.84,6,6,1022,,,,
2026-07-14T23:41:40+00:00,224,19.88,76.34,5,5,1022.2,,,,
2026-07-14T23:51:40+00:00,225,19.73,76.89,7,7,1022.2,,,,
2026-07-15T00:01:40+00:00,226,19.58,77.52,3,8,1022.3,,,,
2026-07-15T00:11:40+00:00,227,19.43,78.22,6,6,1022.3,,,,
2026-07-15T00:21:40+00:00,228,19.23,78.66,2,2,1022.3,,,,
2026-07-15T00:31:40+00:00,229,19.08,79.71,9,9,1022.4,,,,
2026-07-15T00:41:40+00:00,230,18.9,80.55,9,9,1022.5,,,,
2026-07-15T00:51:40+00:00,231,18.75,81.56,3,3,1022.4,,,,
2026-07-15T01:01:40+00:00,232,18.63,82.3,6,6,1022.6,,,,
2026-07-15T01:11:40+00:00,233,18.51,83.2,7,7,1022.4,,,,
2026-07-15T01:21:40+00:00,234,18.41,83.75,4,4,1022.4,,,,
2026-07-15T01:31:40+00:00,235,18.27,84.35,6,6,1022.5,,,,
2026-07-15T01:41:40+00:00,236,18.27,84.75,3,3,1022.5,,,,
2026-07-15T01:51:40+00:00,237,18.22,85.3,4,4,1022.5,,,,
2026-07-15T02:01:40+00:00,238,18.1,85.9,6,6,1022.5,,,,
2026-07-15T02:11:40+00:00,239,18.02,86.51,6,6,1022.4,,,,
2026-07-15T02:21:40+00:00,240,17.9,86.95,10,10,1022.4,,,,
2026-07-15T02:31:40+00:00,241,17.78,87.65,8,14,1022.5,,,,
2026-07-15T02:41:40+00:00,242,17.72,87.9,12,12,1022.4,,,,
2026-07-15T02:51:40+00:00,243,17.7,88.4,11,11,1022.5,,,,
2026-07-15T03:01:40+00:00,244,17.7,88.6,5,5,1022.4,,,,
2026-07-15T03:11:40+00:00,245,17.62,89.21,11,11,1022.5,,,,
2026-07-15T03:21:40+00:00,246,17.49,89.45,8,8,1022.5,,,,
2026-07-15T03:31:40+00:00,247,17.56,90.01,9,9,1022.4,,,,
2026-07-15T03:41:40+00:00,248,17.56,90.52,10,10,1022.6,,,,
2026-07-15T03:51:40+00:00,249,17.46,91.17,14,14,1022.5,,,,
2026-07-15T04:01:40+00:00,250,17.52,91.57,14,14,1022.6,,,,
2026-07-15T04:11:40+00:00,251,17.45,91.77,12,12,1022.6,,,,
2026-07-15T04:21:40+00:00,252,17.49,91.77,17,23,1022.6,,,,
2026-07-15T04:31:40+00:00,253,17.72,90.92,5,5,1022.5,,,,
2026-07-15T04:51:40+00:00,254,17.72,90.72,8,8,1022.7,,,,
2026-07-15T05:01:40+00:00,255,17.93,89.87,11,11,1022.7,,,,
2026-07-15T05:11:40+00:00,256,17.95,90.17,18,18,1022.7,,,,
2026-07-15T05:21:40+00:00,257,18.07,89.43,13,13,1022.7,,,,
2026-07-15T05:31:40+00:00,258,18.32,88.58,11,11,1022.7,,,,
2026-07-15T05:41:40+00:00,259,18.22,89.12,15,15,1022.7,,,,
2026-07-15T05:51:40+00:00,260,18.3,88.58,16,16,1022.8,,,,
2026-07-15T06:01:40+00:00,261,18.84,86.38,21,21,1022.8,,,,
2026-07-15T06:11:40+00:00,262,19.55,83.25,16,16,1022.9,,,,
2026-07-15T06:21:40+00:00,263,19.19,84.29,12,12,1022.9,,,,
2026-07-15T06:31:40+00:00,264,19.47,83.45,11,11,1023.1,,,,
2026-07-15T06:41:40+00:00,265,19.91,81.16,15,15,1023,,,,
2026-07-15T06:51:40+00:00,266,19.56,82.45,12,12,1023,,,,
2026-07-15T07:01:40+00:00,267,19.92,81.67,16,21,1022.9,,,,
2026-07-15T07:11:40+00:00,268,20.7,78.74,13,13,1022.7,,,,
2026-07-15T07:21:40+00:00,269,20.73,78.44,15,15,1022.9,,,,
2026-07-15T07:31:40+00:00,270,21.46,76.33,9,9,1022.9,,,,
2026-07-15T07:41:40+00:00,271,21.71,74.39,21,21,1023,,,,
2026-07-15T07:51:40+00:00,272,22.18,73.22,7,13,1023,,,,
2026-07-15T08:01:40+00:00,273,22.15,73.22,12,12,1023.1,,,,
2026-07-15T08:11:40+00:00,274,21.88,73.96,13,13,1022.9,,,,
2026-07-15T08:21:40+00:00,275,21.99,74.02,15,23,1023,,,,
2026-07-15T08:31:40+00:00,276,22.02,73.42,13,19,1023.1,,,,
2026-07-15T08:41:40+00:00,277,22.07,72.52,9,9,1022.9,,,,
2026-07-15T08:51:40+00:00,278,23.58,68.13,10,10,1022.9,,,,
2026-07-15T09:01:40+00:00,279,24.36,64.82,17,17,1022.8,,,,
2026-07-15T09:11:40+00:00,280,23.62,66.44,4,4,1022.8,,,,
2026-07-15T09:21:40+00:00,281,23.65,66.2,8,8,1022.7,,,,
2026-07-15T09:31:40+00:00,282,24.93,63.27,18,18,1022.8,,,,
2026-07-15T09:41:40+00:00,283,24.39,64.03,10,10,1022.8,,,,
2026-07-15T09:51:40+00:00,284,26.27,59.12,9,9,1022.7,,,,
2026-07-15T10:01:40+00:00,285,25.24,61.55,2,2,1022.6,,,,
2026-07-15T10:11:40+00:00,286,24.85,61.78,16,16,1022.6,,,,
2026-07-15T10:21:40+00:00,287,24.44,63.13,9,9,1022.6,,,,
2026-07-15T10:31:40+00:00,288,26.59,57.31,21,21,1022.5,,,,
2026-07-15T10:41:40+00:00,289,25.4,59.63,18,18,1022.4,,,,
2026-07-15T10:51:40+00:00,290,26.2,58.26,11,11,1022.3,,,,
2026-07-15T11:01:40+00:00,291,25.66,59.61,8,14,1022.3,,,,
2026-07-15T11:11:40+00:00,292,25.54,59.21,11,11,1022.1,,,,
2026-07-15T11:21:40+00:00,293,26.96,55.01,12,12,1022,,,,
2026-07-15T11:31:40+00:00,294,27.59,53.75,7,7,1021.9,,,,
2026-07-15T11:41:40+00:00,295,26.97,54.52,14,14,1022.1,,,,
2026-07-15T11:51:40+00:00,296,27.04,53.8,10,16,1021.7,,,,
2026-07-15T12:01:40+00:00,297,27.78,51.54,14,14,1021.6,,,,
2026-07-15T12:11:40+00:00,298,29.02,48.86,11,11,1021.5,,,,
2026-07-15T12:21:40+00:00,299,29.31,48.74,10,10,1021.5,,,,
2026-07-15T12:31:40+00:00,300,29.28,47.85,6,6,1021.3,,,,
2026-07-15T12:41:40+00:00,301,30.01,46.5,6,6,1021.3,,,,
2026-07-15T12:51:40+00:00,302,30.96,44.26,8,8,1021.4,,,,
2026-07-15T13:01:40+00:00,303,29.92,45.13,15,15,1021.6,,,,
2026-07-15T13:11:40+00:00,304,29.68,45.74,6,6,1021.3,,,,
2026-07-15T13:21:40+00:00,305,27.89,47.79,10,10,1021.1,,,,
2026-07-15T13:31:40+00:00,306,31.33,42.86,1,1,1021.1,,,,
2026-07-15T13:41:40+00:00,307,28.82,47.01,5,5,1021.1,,,,
2026-07-15T13:51:40+00:00,308,31.72,42.33,8,8,1021,,,,
2026-07-15T14:01:40+00:00,309,33.36,39.45,4,4,1021,,,,
2026-07-15T14:11:40+00:00,310,32.71,40.09,8,8,1021.1,,,,
2026-07-15T14:21:40+00:00,311,31.92,41.23,5,5,1020.8,,,,
2026-07-15T14:31:40+00:00,312,30.99,41.21,4,4,1021,,,,
2026-07-15T14:41:39+00:00,313,31.74,40.86,5,5,1020.8,,,,
2026-07-15T14:51:39+00:00,314,28.78,49.48,6,6,1020.8,,,,
2026-07-15T15:01:39+00:00,315,29.61,47.04,5,5,1020.9,,,,
2026-07-15T15:11:39+00:00,316,30.91,44.16,6,6,1020.9,,,,
2026-07-15T15:21:39+00:00,317,31.07,43.57,4,4,1020.8,,,,
2026-07-15T15:31:39+00:00,318,30.43,43.8,2,2,1020.7,,,,
2026-07-15T15:41:40+00:00,319,29.86,45.05,5,5,1020.5,,,,
2026-07-15T15:51:39+00:00,320,27.25,50.21,1,1,1020.5,,,,
2026-07-15T16:01:39+00:00,321,27.29,49.42,2,2,1020.4,,,,
2026-07-15T16:21:39+00:00,322,27.29,47.44,3,3,1020.3,,,,
2026-07-15T16:31:39+00:00,323,27.57,47.52,6,6,1020.1,,,,
2026-07-15T16:41:39+00:00,324,27.69,47.52,7,7,1020.2,,,,
2026-07-15T16:51:39+00:00,325,27.03,49.05,6,6,1020.1,,,,
2026-07-15T17:01:39+00:00,326,27.1,47.66,9,9,1020,,,,
2026-07-15T17:11:39+00:00,327,26.84,46.89,2,2,1020.1,,,,
2026-07-15T17:21:39+00:00,328,26.73,47.81,5,5,1019.9,,,,
2026-07-15T17:31:39+00:00,329,26.35,49.62,6,6,1020,,,,
2026-07-15T17:41:39+00:00,330,26.17,51.12,1,1,1020.1,,,,
2026-07-15T17:51:39+00:00,331,25.98,51.45,4,4,1020.1,,,,
2026-07-15T18:01:39+00:00,332,25.88,51.54,6,6,1020.2,,,,
2026-07-15T18:11:39+00:00,333,25.85,52.84,14,14,1020.2,,,,
2026-07-15T18:21:39+00:00,334,25.59,53.45,5,5,1020.3,,,,
2026-07-15T18:31:39+00:00,335,25.39,54.68,7,7,1020.4,,,,
2026-07-15T18:41:39+00:00,336,25.15,55.49,4,4,1020.6,,,,
2026-07-15T18:51:39+00:00,337,25,55.82,8,8,1020.6,,,,
2026-07-15T19:01:39+00:00,338,24.99,56.02,11,11,1020.6,,,,
2026-07-15T19:11:39+00:00,339,24.8,56.04,3,3,1020.8,,,,
2026-07-15T19:21:39+00:00,340,24.61,56.84,9,9,1020.9,,,,
2026-07-15T19:31:39+00:00,341,24.55,55.87,7,7,1020.9,,,,
2026-07-15T19:41:39+00:00,342,24.4,55.47,4,4,1021,,,,
2026-07-15T19:51:39+00:00,343,24.25,55.8,5,5,1021,,,,
2026-07-15T20:01:39+00:00,344,23.99,56.92,10,10,1021.2,,,,
2026-07-15T20:11:39+00:00,345,23.81,57.94,8,8,1021.2,,,,
2026-07-15T20:21:39+00:00,346,23.54,59.17,4,4,1021.4,,,,
2026-07-15T20:31:39+00:00,347,23.17,59.89,4,4,1021.5,,,,
2026-07-15T20:41:39+00:00,348,22.91,60.85,9,9,1021.6,,,,
2026-07-15T20:51:39+00:00,349,22.76,61.55,8,8,1021.8,,,,
2026-07-15T21:01:39+00:00,350,22.48,62.67,9,9,1021.8,,,,
2026-07-15T21:11:39+00:00,351,22.2,63.73,9,9,1021.8,,,,
2026-07-15T21:21:39+00:00,352,21.97,65.26,6,6,1022,,,,
2026-07-15T21:31:39+00:00,353,21.68,66.39,9,9,1022,,,,
2026-07-15T21:41:39+00:00,354,21.42,68.02,12,12,1022,,,,
2026-07-15T21:51:39+00:00,355,21.25,69.06,7,7,1022,,,,
2026-07-15T22:01:39+00:00,356,20.94,70.09,3,3,1022,,,,
2026-07-15T22:11:39+00:00,357,20.48,72.27,16,16,1022,,,,
2026-07-15T22:21:39+00:00,358,20.21,73.8,7,7,1022,,,,
2026-07-15T22:31:39+00:00,359,19.89,75.04,9,9,1022.1,,,,
2026-07-15T22:41:39+00:00,360,19.65,76.28,7,7,1022.2,,,,
2026-07-15T22:51:39+00:00,361,19.37,76.76,14,14,1022.2,,,,
2026-07-15T23:01:39+00:00,362,19.18,77.16,10,10,1022.2,,,,
2026-07-15T23:11:39+00:00,363,18.96,77.59,22,22,1022.2,,,,
2026-07-15T23:21:39+00:00,364,18.77,78.64,11,11,1022.2,,,,
2026-07-15T23:31:39+00:00,365,18.58,79.18,9,9,1022.1,,,,
2026-07-15T23:41:39+00:00,366,18.42,79.62,12,12,1022.1,,,,
2026-07-15T23:51:39+00:00,367,18.29,80.02,7,7,1022.3,,,,
2026-07-16T00:01:39+00:00,368,17.99,81.3,9,9,1022.2,,,,
2026-07-16T00:11:39+00:00,369,17.97,81.61,11,17,1022.1,,,,
2026-07-16T00:21:39+00:00,370,17.9,82.21,9,14,1022.1,,,,
2026-07-16T00:31:39+00:00,371,17.72,82.65,11,11,1022.2,,,,
2026-07-16T00:41:39+00:00,372,17.59,83.36,6,6,1022.2,,,,
2026-07-16T00:51:39+00:00,373,17.45,84.31,4,4,1022.1,,,,
2026-07-16T01:01:39+00:00,374,17.4,84.61,19,19,1022,,,,
2026-07-16T01:11:39+00:00,375,17.27,85.16,10,10,1021.9,,,,
2026-07-16T01:21:39+00:00,376,17.12,85.66,6,6,1021.9,,,,
2026-07-16T01:31:39+00:00,377,17.14,85.86,15,15,1021.8,,,,
2026-07-16T01:41:39+00:00,378,17.08,86.36,6,6,1021.8,,,,
2026-07-16T01:51:39+00:00,379,17.01,86.81,12,12,1021.8,,,,
2026-07-16T02:01:39+00:00,380,16.93,87.21,10,10,1021.7,,,,
2026-07-16T02:11:39+00:00,381,16.91,87.12,11,17,1021.5,,,,
2026-07-16T02:21:39+00:00,382,16.82,87.46,11,11,1021.7,,,,
2026-07-16T02:31:39+00:00,383,16.71,87.96,8,8,1021.7,,,,
2026-07-16T02:41:39+00:00,384,16.61,88.01,18,24,1021.6,,,,
2026-07-16T02:51:39+00:00,385,16.42,89.42,13,13,1021.5,,,,
2026-07-16T03:01:39+00:00,386,16.46,89.83,16,16,1021.5,,,,
2026-07-16T03:11:39+00:00,387,16.3,89.87,11,11,1021.5,,,,
2026-07-16T03:21:39+00:00,388,16.11,91.42,28,28,1021.4,,,,
2026-07-16T03:31:39+00:00,389,16.02,91.93,7,7,1021.4,,,,
2026-07-16T03:41:39+00:00,390,15.97,92.03,10,10,1021.5,,,,
2026-07-16T03:51:39+00:00,391,15.82,92.79,11,11,1021.4,,,,
2026-07-16T04:01:39+00:00,392,15.82,93.08,10,10,1021.4,,,,
2026-07-16T04:11:39+00:00,393,15.77,93.29,6,24,1021.3,,,,
2026-07-16T04:21:39+00:00,394,15.82,93.19,13,13,1021.4,,,,
2026-07-16T04:31:39+00:00,395,15.84,93.29,12,12,1021.3,,,,
2026-07-16T04:41:39+00:00,396,15.86,92.88,11,11,1021.4,,,,
2026-07-16T04:51:39+00:00,397,15.97,92.84,5,5,1021.3,,,,
2026-07-16T05:01:39+00:00,398,16.2,92.19,5,10,1021.4,,,,
2026-07-16T05:11:39+00:00,399,16.42,91.64,9,9,1021.2,,,,
2026-07-16T05:21:39+00:00,400,16.66,90.49,21,21,1021.3,,,,
2026-07-16T05:31:39+00:00,401,16.88,89.64,11,17,1021.3,,,,
2026-07-16T05:41:39+00:00,402,17.25,87.98,23,23,1021.2,,,,
2026-07-16T05:51:39+00:00,403,17.74,86.69,4,4,1021.3,,,,
2026-07-16T06:01:39+00:00,404,18.44,83.75,10,10,1021.2,,,,
2026-07-16T06:11:39+00:00,405,18.52,82.7,14,19,1021.2,,,,
2026-07-16T06:21:39+00:00,406,18.8,81.26,19,19,1021.2,,,,
2026-07-16T06:31:39+00:00,407,19.04,80.01,21,21,1021.2,,,,
2026-07-16T06:41:39+00:00,408,18.98,80.31,10,18,1021.2,,,,
2026-07-16T06:51:39+00:00,409,19.55,78.63,7,7,1021.2,,,,
2026-07-16T07:01:39+00:00,410,19.76,77.48,11,11,1021.3,,,,
2026-07-16T07:11:39+00:00,411,20.09,76.85,9,9,1021.3,,,,
2026-07-16T07:21:39+00:00,412,20.26,75.81,6,6,1021.3,,,,
2026-07-16T07:31:39+00:00,413,20.63,74.54,13,13,1021.2,,,,
2026-07-16T07:41:39+00:00,414,21.12,72.76,8,8,1021.2,,,,
2026-07-16T07:51:39+00:00,415,21.03,72.8,9,9,1021.1,,,,
2026-07-16T08:01:39+00:00,416,21.71,70.69,15,15,1021.1,,,,
2026-07-16T08:11:39+00:00,417,21.44,70.32,21,26,1020.9,,,,
2026-07-16T08:21:39+00:00,418,22.02,68.93,11,11,1020.9,,,,
2026-07-16T08:31:39+00:00,419,22.2,68.93,12,12,1021,,,,
2026-07-16T08:41:39+00:00,420,22.43,67.99,9,9,1021,,,,
2026-07-16T08:51:39+00:00,421,23.28,65.27,12,12,1020.8,,,,
2026-07-16T09:01:39+00:00,422,24.07,63.19,8,8,1020.8,,,,
2026-07-16T09:11:39+00:00,423,24.96,60.88,7,7,1020.8,,,,
2026-07-16T09:21:39+00:00,424,24.57,62.83,13,13,1020.7,,,,
2026-07-16T09:31:39+00:00,425,25.43,59.53,17,17,1020.7,,,,
2026-07-16T09:41:39+00:00,426,25.88,59.48,10,10,1020.6,,,,
2026-07-16T09:51:39+00:00,427,25.94,58.59,18,26,1020.5,,,,
2026-07-16T10:01:39+00:00,428,25.69,59.21,7,12,1020.4,,,,
2026-07-16T10:11:39+00:00,429,26.64,56.82,10,10,1020.3,,,,
2026-07-16T10:21:39+00:00,430,28.22,53.08,7,7,1020.2,,,,
2026-07-16T10:31:39+00:00,431,29.33,51.89,6,6,1020,,,,
2026-07-16T10:41:39+00:00,432,29.34,50.9,5,5,1019.8,,,,
2026-07-16T10:51:39+00:00,433,28.9,50.36,19,19,1019.7,,,,
2026-07-16T11:01:39+00:00,434,28.36,51.69,8,8,1019.3,,,,
2026-07-16T11:11:39+00:00,435,26.92,53.82,15,15,1019.5,,,,
2026-07-16T11:21:39+00:00,436,29.11,49.85,15,15,1019.3,,,,
2026-07-16T11:31:39+00:00,437,29.36,47.26,11,11,1019.1,,,,
2026-07-16T11:41:39+00:00,438,29.95,47.58,14,14,1019,,,,
2026-07-16T11:51:38+00:00,439,29.95,45.13,12,12,1018.8,,,,
2026-07-16T12:01:38+00:00,440,32.82,40.68,9,9,1018.7,,,,
2026-07-16T12:11:38+00:00,441,28.01,47.67,10,10,1018.8,,,,
2026-07-16T12:21:38+00:00,442,29.84,43.57,4,4,1018.5,,,,
2026-07-16T12:31:38+00:00,443,32.88,38.61,6,6,1018.6,,,,
2026-07-16T12:41:38+00:00,444,32.44,39.62,6,6,1018.5,,,,
2026-07-16T12:51:38+00:00,445,31.48,39.8,12,12,1018.3,,,,
2026-07-16T13:01:38+00:00,446,30.79,42.8,6,6,1018.1,,,,
2026-07-16T13:11:38+00:00,447,31.36,40.11,12,12,1018.1,,,,
2026-07-16T13:21:38+00:00,448,31.21,39.82,21,21,1018.1,,,,
2026-07-16T13:31:38+00:00,449,33.77,38.55,5,5,1018,,,,
2026-07-16T13:41:38+00:00,450,33.77,40.01,5,5,1017.7,,,,
2026-07-16T13:51:38+00:00,451,32.72,42.64,8,8,1017.7,,,,
2026-07-16T14:01:38+00:00,452,29.46,48.82,10,10,1017.6,,,,
2026-07-16T14:11:38+00:00,453,28.68,50.46,8,8,1017.6,,,,
2026-07-16T14:21:38+00:00,454,28.73,50.26,8,8,1017.4,,,,
2026-07-16T14:31:38+00:00,455,29.97,48.27,7,7,1017.5,,,,
2026-07-16T14:41:38+00:00,456,31.44,44.9,7,7,1017.5,,,,
2026-07-16T14:51:38+00:00,457,31.41,44.7,9,9,1017.5,,,,
2026-07-16T15:01:38+00:00,458,31.69,43.6,2,2,1017.3,,,,
2026-07-16T15:11:38+00:00,459,31.8,42.52,6,6,1017.3,,,,
2026-07-16T15:21:38+00:00,460,31.6,42.65,7,7,1017.2,,,,
2026-07-16T15:31:38+00:00,461,32.29,41.21,8,8,1017.1,,,,
2026-07-16T15:41:38+00:00,462,30.02,43.26,10,10,1017,,,,
2026-07-16T15:51:38+00:00,463,27.03,48.55,10,10,1017.1,,,,
2026-07-16T16:01:38+00:00,464,26.62,49.19,7,7,1016.9,,,,
2026-07-16T16:11:38+00:00,465,26.03,50.23,8,8,1017,,,,
2026-07-16T16:21:38+00:00,466,25.84,50.36,4,10,1016.8,,,,
2026-07-16T16:31:38+00:00,467,25.77,49.86,8,8,1016.7,,,,
2026-07-16T16:41:38+00:00,468,25.52,49.02,6,6,1016.7,,,,
2026-07-16T16:51:38+00:00,469,25.15,50.23,9,9,1016.6,,,,
2026-07-16T17:01:38+00:00,470,24.9,50.16,6,14,1016.5,,,,
2026-07-16T17:11:38+00:00,471,24.69,50.48,5,5,1016.5,,,,
2026-07-16T17:21:38+00:00,472,24.73,51.17,9,14,1016.2,,,,
2026-07-16T17:31:38+00:00,473,24.54,51.89,11,11,1016.2,,,,
2026-07-16T17:41:38+00:00,474,24.43,51.7,5,11,1016.1,,,,
2026-07-16T17:51:38+00:00,475,24.32,52.02,5,5,1016.2,,,,
2026-07-16T18:01:38+00:00,476,24.4,52.29,9,9,1016.3,,,,
2026-07-16T18:11:38+00:00,477,24.35,53.19,10,10,1016.3,,,,
2026-07-16T18:21:38+00:00,478,24.21,53.91,0,0,1016.2,,,,
2026-07-16T18:31:38+00:00,479,24.06,54.73,8,8,1016.3,,,,
2026-07-16T18:41:38+00:00,480,23.88,56.12,11,11,1016.3,,,,
2026-07-16T18:51:38+00:00,481,23.66,56.95,5,5,1016.3,,,,
2026-07-16T19:01:38+00:00,482,23.57,57.67,6,6,1016.4,,,,
2026-07-16T19:11:38+00:00,483,23.36,58.5,16,16,1016.6,,,,
2026-07-16T19:21:38+00:00,484,23.17,59.49,7,7,1016.6,,,,
2026-07-16T19:31:38+00:00,485,22.92,60.72,7,7,1016.7,,,,
2026-07-16T19:41:38+00:00,486,22.75,62.24,8,8,1016.8,,,,
2026-07-16T19:51:38+00:00,487,22.51,63.27,12,17,1016.9,,,,
2026-07-16T20:01:38+00:00,488,22.35,62.6,6,6,1017,,,,
2026-07-16T20:11:38+00:00,489,22.11,63.03,4,4,1017.1,,,,
2026-07-16T20:21:38+00:00,490,21.88,63.66,10,10,1017,,,,
2026-07-16T20:31:38+00:00,491,21.69,63.89,7,7,1017.2,,,,
2026-07-16T20:41:38+00:00,492,21.39,64.22,8,8,1017.2,,,,
2026-07-16T20:51:38+00:00,493,21.19,64.65,8,8,1017.2,,,,
2026-07-16T21:01:38+00:00,494,20.92,64.78,3,3,1017.1,,,,
2026-07-16T21:11:38+00:00,495,20.74,66.12,14,14,1017,,,,
2026-07-16T21:21:38+00:00,496,20.57,66.92,7,7,1017,,,,
2026-07-16T21:31:38+00:00,497,20.39,67.76,10,10,1016.9,,,,
2026-07-16T21:41:38+00:00,498,20.21,68.59,15,21,1016.9,,,,
2026-07-16T21:51:38+00:00,499,20.03,69.32,6,6,1016.8,,,,
2026-07-16T22:01:38+00:00,500,19.95,71.03,6,6,1017,,,,
2026-07-16T22:11:38+00:00,501,19.65,72.56,13,13,1016.8,,,,
2026-07-16T22:21:38+00:00,502,19.59,73.61,12,12,1016.8,,,,
2026-07-16T22:31:38+00:00,503,19.38,75.25,7,7,1016.7,,,,
2026-07-16T22:41:38+00:00,504,19.26,76.25,7,7,1016.7,,,,
2026-07-16T22:51:38+00:00,505,19.08,77.29,14,14,1016.7,,,,
2026-07-16T23:01:38+00:00,506,18.92,78,13,18,1016.8,,,,
2026-07-16T23:11:38+00:00,507,18.91,79.04,10,15,1016.7,,,,
2026-07-16T23:21:38+00:00,508,19.15,78.3,13,21,1016.7,,,,
2026-07-16T23:31:38+00:00,509,19.15,77.5,17,17,1016.5,,,,
2026-07-16T23:41:38+00:00,510,19.31,73.14,9,9,1016.5,,,,
2026-07-16T23:51:38+00:00,511,19.29,72.64,4,10,1016.3,,,,
2026-07-17T00:01:38+00:00,512,19.14,72.57,8,8,1016.5,,,,
2026-07-17T00:11:38+00:00,513,19,72.87,9,9,1016.4,,,,
2026-07-17T00:21:38+00:00,514,18.8,73.11,9,9,1016.4,,,,
2026-07-17T00:31:38+00:00,515,18.72,74.82,21,28,1016.4,,,,
2026-07-17T00:41:38+00:00,516,18.62,74.85,10,10,1016.4,,,,
2026-07-17T00:51:38+00:00,517,18.47,75.35,9,14,1016.3,,,,
2026-07-17T01:01:38+00:00,518,18.4,76.1,18,23,1016.3,,,,
2026-07-17T01:11:38+00:00,519,18.15,76.84,9,9,1016.3,,,,
2026-07-17T01:21:38+00:00,520,18.01,76.57,12,12,1016.3,,,,
2026-07-17T01:31:38+00:00,521,17.96,77.08,7,7,1016.4,,,,
2026-07-17T01:41:38+00:00,522,17.8,77.68,16,16,1016.4,,,,
2026-07-17T01:51:38+00:00,523,17.63,78.72,8,8,1016.5,,,,
2026-07-17T02:01:38+00:00,524,17.52,79.77,7,7,1016.4,,,,
2026-07-17T02:11:38+00:00,525,17.37,80.38,10,10,1016.4,,,,
2026-07-17T02:21:38+00:00,526,17.33,81.28,14,14,1016.4,,,,
2026-07-17T02:31:38+00:00,527,17.27,81.82,11,11,1016.4,,,,
2026-07-17T02:41:38+00:00,528,17.04,82.27,11,17,1016.4,,,,
2026-07-17T02:51:38+00:00,529,16.88,83.38,14,19,1016.5,,,,
2026-07-17T03:01:38+00:00,530,16.81,83.92,16,16,1016.5,,,,
2026-07-17T03:11:38+00:00,531,16.64,84.63,12,12,1016.5,,,,
2026-07-17T03:21:38+00:00,532,16.46,85.58,13,13,1016.7,,,,
2026-07-17T03:31:38+00:00,533,16.41,85.99,15,15,1016.5,,,,
2026-07-17T03:41:38+00:00,534,16.24,86.63,14,14,1016.7,,,,
2026-07-17T03:51:38+00:00,535,16.01,87.18,15,15,1016.6,,,,
2026-07-17T04:01:38+00:00,536,15.84,87.73,25,41,1016.7,,,,
2026-07-17T04:11:38+00:00,537,15.75,88.23,15,15,1016.7,,,,
2026-07-17T04:21:38+00:00,538,15.64,88.48,19,19,1016.6,,,,
2026-07-17T04:31:38+00:00,539,15.67,88.68,17,22,1016.6,,,,
2026-07-17T04:41:38+00:00,540,15.69,88.17,30,30,1016.6,,,,
2026-07-17T04:51:38+00:00,541,15.71,88.53,18,18,1016.4,,,,
2026-07-17T05:01:38+00:00,542,15.69,88.37,21,29,1016.5,,,,
2026-07-17T05:11:38+00:00,543,15.49,88.68,16,16,1016.5,,,,
2026-07-17T05:21:38+00:00,544,15.22,89.67,29,29,1016.5,,,,
2026-07-17T05:31:38+00:00,545,15.03,89.77,10,10,1016.5,,,,
2026-07-17T05:41:38+00:00,546,15.06,90.18,21,21,1016.6,,,,
2026-07-17T05:51:38+00:00,547,14.91,91.03,27,33,1016.6,,,,
2026-07-17T06:01:38+00:00,548,14.65,93.1,30,31,1016.6,,,,
2026-07-17T06:11:38+00:00,549,15.01,91.3,12,12,1016.8,,,,
2026-07-17T06:21:38+00:00,550,15.11,90.58,17,22,1016.8,,,,
2026-07-17T06:31:38+00:00,551,15.32,88.51,18,18,1016.9,,,,
2026-07-17T06:41:38+00:00,552,15.43,88.01,6,6,1016.8,,,,
2026-07-17T06:51:38+00:00,553,15.86,86.61,14,19,1016.7,,,,
2026-07-17T07:01:38+00:00,554,16.17,85.93,15,15,1016.8,,,,
2026-07-17T07:11:38+00:00,555,16.41,85.08,11,11,1016.9,,,,
2026-07-17T07:31:38+00:00,556,16.64,83.82,8,8,1016.8,,,,
2026-07-17T07:41:38+00:00,557,17.31,80.98,7,7,1016.8,,,,
2026-07-17T07:51:38+00:00,558,17.97,78.89,18,23,1016.7,,,,
2026-07-17T08:01:38+00:00,559,18.54,76.36,14,19,1016.5,,,,
2026-07-17T08:11:38+00:00,560,18.92,74.88,10,10,1016.6,,,,
2026-07-17T08:21:38+00:00,561,20.33,71.46,10,10,1016.4,,,,
2026-07-17T08:31:38+00:00,562,20.98,69.39,11,11,1016.4,,,,
2026-07-17T08:41:38+00:00,563,21.77,66.76,20,20,1016.3,,,,
2026-07-17T08:51:38+00:00,564,20.77,69.42,16,16,1016.3,,,,
2026-07-17T09:01:38+00:00,565,20.85,68.59,18,18,1016.3,,,,
2026-07-17T09:11:38+00:00,566,22.05,66.13,10,16,1016.2,,,,
2026-07-17T09:21:38+00:00,567,24.58,59.62,6,6,1016.2,,,,
2026-07-17T09:31:38+00:00,568,25.2,56.98,6,6,1016,,,,
2026-07-17T09:41:38+00:00,569,26.89,52.14,14,14,1015.9,,,,
2026-07-17T09:51:38+00:00,570,24.52,55.18,14,14,1015.8,,,,
2026-07-17T10:01:37+00:00,571,23.75,56.55,6,6,1015.8,,,,
2026-07-17T10:11:37+00:00,572,23.38,57.3,11,11,1015.7,,,,
2026-07-17T10:21:37+00:00,573,23.63,55.55,11,11,1015.7,,,,
2026-07-17T10:31:37+00:00,574,27.59,49.2,13,13,1015.5,,,,
2026-07-17T10:41:37+00:00,575,24.99,52.24,10,10,1015.6,,,,
2026-07-17T10:51:37+00:00,576,26.57,49.99,7,7,1015.4,,,,
2026-07-17T11:01:37+00:00,577,27.1,48.55,11,11,1015.3,,,,
2026-07-17T11:11:37+00:00,578,26.69,48.6,12,12,1015.2,,,,
2026-07-17T11:21:37+00:00,579,27.63,46.33,12,12,1015.2,,,,
2026-07-17T11:31:37+00:00,580,28.61,44.67,17,17,1015.1,,,,
2026-07-17T11:41:37+00:00,581,29.43,43.2,14,14,1015.1,,,,
2026-07-17T11:51:37+00:00,582,31.58,39.11,11,11,1015.1,,,,
2026-07-17T12:01:37+00:00,583,29.64,40.35,10,10,1015.1,,,,
2026-07-17T12:11:37+00:00,584,28.71,42.28,13,13,1015,,,,
2026-07-17T12:21:37+00:00,585,27.6,44.65,14,14,1015.1,,,,
2026-07-17T12:31:37+00:00,586,30.34,40.69,18,18,1015,,,,
2026-07-17T12:41:37+00:00,587,30.34,40.98,12,12,1014.9,,,,
2026-07-17T12:51:37+00:00,588,30.96,39.15,6,6,1014.9,,,,
2026-07-17T13:01:37+00:00,589,29.24,42.24,14,14,1014.9,,,,
2026-07-17T13:11:37+00:00,590,28.87,42.58,8,8,1014.7,,,,
2026-07-17T13:21:37+00:00,591,28.33,44.69,10,10,1014.7,,,,
2026-07-17T13:31:37+00:00,592,31.92,38.68,12,12,1014.6,,,,
2026-07-17T13:41:37+00:00,593,29.77,41.11,23,23,1014.6,,,,
2026-07-17T13:51:37+00:00,594,29.61,41.04,11,11,1014.6,,,,
2026-07-17T14:01:37+00:00,595,30.19,40.09,20,20,1014.5,,,,
2026-07-17T14:11:37+00:00,596,29.75,41.61,20,20,1014.6,,,,
2026-07-17T14:21:37+00:00,597,29.08,41.86,17,17,1014.5,,,,
2026-07-17T14:31:37+00:00,598,31.03,39.84,22,22,1014.5,,,,
2026-07-17T14:41:37+00:00,599,29.89,40.43,16,16,1014.5,,,,
2026-07-17T14:51:37+00:00,600,31.66,38.51,11,11,1014.4,,,,
2026-07-17T15:01:37+00:00,601,32.87,37.06,9,9,1014.4,,,,
2026-07-17T15:11:37+00:00,602,30.01,40.61,13,13,1014.4,,,,
2026-07-17T15:31:37+00:00,603,28.83,42.77,14,14,1014.3,,,,
2026-07-17T15:41:37+00:00,604,29.84,41.41,13,13,1014.3,,,,
2026-07-17T15:51:37+00:00,605,27.84,43.74,26,26,1014.2,,,,
2026-07-17T16:01:37+00:00,606,27.37,45.27,17,17,1014.2,,,,
2026-07-17T16:11:37+00:00,607,27.29,45.07,8,8,1014,,,,
2026-07-17T16:21:37+00:00,608,26.64,45.43,15,15,1014,,,,
2026-07-17T16:31:37+00:00,609,27.07,44.6,10,10,1013.9,,,,
2026-07-17T16:41:37+00:00,610,27.11,44.8,30,31,1013.9,,,,
2026-07-17T16:51:37+00:00,611,27.31,44.38,10,10,1013.8,,,,
2026-07-17T17:01:37+00:00,612,26.87,42.94,8,8,1013.8,,,,
2026-07-17T17:11:37+00:00,613,26.92,42.35,16,16,1013.7,,,,
2026-07-17T17:21:37+00:00,614,27,43.21,15,15,1013.6,,,,
2026-07-17T17:31:37+00:00,615,26.97,42.74,15,15,1013.6,,,,
2026-07-17T17:41:37+00:00,616,26.92,40.17,13,13,1013.7,,,,
2026-07-17T17:51:37+00:00,617,26.99,40.74,8,8,1013.6,,,,
2026-07-17T18:01:37+00:00,618,26.73,43.75,11,11,1013.7,,,,
2026-07-17T18:11:37+00:00,619,26.52,52.07,12,12,1014,,,,
2026-07-17T18:21:37+00:00,620,24.69,62.7,18,18,1014.1,,,,
2026-07-17T18:31:37+00:00,621,24.1,64.45,12,12,1014.2,,,,
2026-07-17T18:41:37+00:00,622,23.66,65.11,12,12,1014.4,,,,
2026-07-17T18:51:37+00:00,623,23.63,64.61,13,13,1014.4,,,,
2026-07-17T19:01:37+00:00,624,23.66,64.01,10,10,1014.5,,,,
2026-07-17T19:11:37+00:00,625,23.48,63.35,14,14,1014.6,,,,
2026-07-17T19:21:37+00:00,626,23.39,62.95,14,14,1014.9,,,,
2026-07-17T19:31:37+00:00,627,23.02,65.01,15,15,1014.9,,,,
2026-07-17T19:41:37+00:00,628,22.69,68.53,9,9,1015.2,,,,
2026-07-17T19:51:37+00:00,629,22.35,69.89,13,13,1015.2,,,,
2026-07-17T20:01:37+00:00,630,21.96,71.26,7,7,1015.5,,,,
2026-07-17T20:11:37+00:00,631,21.55,72.99,14,14,1015.7,,,,
2026-07-17T20:21:37+00:00,632,21.29,74.43,14,14,1016,,,,
2026-07-17T20:31:37+00:00,633,20.92,76.4,10,10,1016.1,,,,
2026-07-17T20:41:37+00:00,634,20.41,78.58,13,13,1016.3,,,,
2026-07-17T20:51:37+00:00,635,20.18,79.42,17,17,1016.5,,,,
2026-07-17T21:01:37+00:00,636,20.09,79.66,21,21,1016.5,,,,
2026-07-17T21:11:37+00:00,637,20.03,79.66,24,24,1016.6,,,,
2026-07-17T21:21:37+00:00,638,19.62,80.54,17,17,1016.8,,,,
2026-07-17T21:31:37+00:00,639,19.41,81.04,20,20,1016.9,,,,
2026-07-17T21:41:37+00:00,640,19.14,82.12,20,20,1017.1,,,,
2026-07-17T21:51:37+00:00,641,18.91,83.47,6,6,1017.1,,,,
2026-07-17T22:01:37+00:00,642,18.82,83.47,9,9,1017.1,,,,
2026-07-17T22:11:37+00:00,643,18.75,83.47,13,13,1017.2,,,,
2026-07-17T22:21:37+00:00,644,18.72,83.47,11,11,1017.3,,,,
2026-07-17T22:31:37+00:00,645,18.6,83.91,11,11,1017.2,,,,
2026-07-17T22:41:37+00:00,646,18.5,84.21,21,21,1017.3,,,,
2026-07-17T22:51:37+00:00,647,18.4,85.05,11,11,1017.3,,,,
2026-07-17T23:01:37+00:00,648,18.26,86.26,12,12,1017.2,,,,
2026-07-17T23:11:37+00:00,649,18.22,86.91,7,7,1017.4,,,,
2026-07-17T23:21:37+00:00,650,18.17,87.92,14,14,1017.2,,,,
2026-07-17T23:31:37+00:00,651,18.1,88.42,17,17,1017.2,,,,
2026-07-17T23:41:37+00:00,652,18.22,88.32,9,9,1017.4,,,,
2026-07-17T23:51:37+00:00,653,18.25,87.87,11,11,1017.4,,,,
2026-07-18T00:01:37+00:00,654,18.04,87.62,14,14,1017.5,,,,
2026-07-18T00:11:37+00:00,655,17.81,88.66,23,23,1017.6,,,,
2026-07-18T00:21:37+00:00,656,17.72,89.01,21,21,1017.5,,,,
2026-07-18T00:31:37+00:00,657,17.68,89.31,7,7,1017.7,,,,
2026-07-18T00:41:37+00:00,658,17.63,89.41,12,12,1017.7,,,,
2026-07-18T00:51:37+00:00,659,17.51,89.75,15,15,1017.8,,,,
2026-07-18T01:01:37+00:00,660,17.4,89.45,17,22,1017.9,,,,
2026-07-18T01:11:37+00:00,661,17.33,88.85,12,12,1017.8,,,,
2026-07-18T01:21:37+00:00,662,17.27,88.28,7,7,1017.8,,,,
2026-07-18T01:31:37+00:00,663,17.4,86.43,16,16,1017.9,,,,
2026-07-18T01:41:37+00:00,664,17.46,83.2,22,22,1017.8,,,,
2026-07-18T01:51:37+00:00,665,17.29,81.32,7,7,1017.9,,,,
2026-07-18T02:01:37+00:00,666,17.29,80.72,15,15,1017.9,,,,
2026-07-18T02:11:37+00:00,667,17.03,80.76,9,9,1017.8,,,,
2026-07-18T02:21:37+00:00,668,17,80.85,9,9,1017.8,,,,
2026-07-18T02:31:37+00:00,669,17.04,80.25,17,17,1017.8,,,,
2026-07-18T02:41:37+00:00,670,17.09,79.61,19,19,1017.8,,,,
2026-07-18T02:51:37+00:00,671,17.11,78.9,16,16,1017.8,,,,
2026-07-18T03:01:37+00:00,672,17.16,77.59,30,31,1017.7,,,,
2026-07-18T03:11:37+00:00,673,17.01,79.14,28,28,1017.7,,,,
2026-07-18T03:21:37+00:00,674,16.85,80.45,16,16,1017.8,,,,
2026-07-18T03:31:37+00:00,675,16.71,81.2,18,18,1017.8,,,,
2026-07-18T03:41:37+00:00,676,16.49,82.04,17,17,1018,,,,
2026-07-18T03:51:37+00:00,677,16.33,82.49,8,8,1018,,,,
2026-07-18T04:01:37+00:00,678,16.33,82.99,16,16,1018,,,,
2026-07-18T04:11:37+00:00,679,16.27,82.99,17,17,1017.9,,,,
2026-07-18T04:21:37+00:00,680,16.21,83.19,12,12,1018,,,,
2026-07-18T04:31:37+00:00,681,16.2,83.09,13,13,1018,,,,
2026-07-18T04:41:37+00:00,682,16.27,83.29,12,12,1018,,,,
2026-07-18T04:51:37+00:00,683,16.08,84.04,14,14,1018,,,,
2026-07-18T05:01:37+00:00,684,16.07,84.25,15,15,1018.1,,,,
2026-07-18T05:11:37+00:00,685,16.23,84.31,9,9,1018.1,,,,
2026-07-18T05:21:37+00:00,686,16.51,83.46,20,20,1018.1,,,,
2026-07-18T05:31:37+00:00,687,16.56,83.15,12,12,1018,,,,
2026-07-18T05:41:37+00:00,688,16.64,83.52,13,13,1018.1,,,,
2026-07-18T05:51:37+00:00,689,16.85,81.87,32,34,1018.2,,,,
2026-07-18T06:01:37+00:00,690,16.91,80.35,14,14,1018.2,,,,
2026-07-18T06:11:37+00:00,691,17.23,79.1,17,17,1018.3,,,,
2026-07-18T06:21:37+00:00,692,17.21,78.3,22,22,1018.4,,,,
2026-07-18T06:31:37+00:00,693,17.04,78.23,20,20,1018.4,,,,
2026-07-18T06:41:37+00:00,694,17.33,76.84,20,20,1018.5,,,,
2026-07-18T06:51:37+00:00,695,17.15,74.76,22,22,1018.5,,,,
2026-07-18T07:01:37+00:00,696,17.22,73.25,14,14,1018.6,,,,
2026-07-18T07:11:37+00:00,697,17.62,71.37,12,12,1018.5,,,,
2026-07-18T07:21:37+00:00,698,17.46,71.8,17,17,1018.5,,,,
2026-07-18T07:31:37+00:00,699,17.75,71.37,13,13,1018.7,,,,
2026-07-18T07:41:37+00:00,700,18.11,69.38,3,3,1018.7,,,,
2026-07-18T07:51:36+00:00,701,18.91,66.77,12,12,1018.7,,,,
2026-07-18T08:01:37+00:00,702,18.14,68.28,14,14,1018.8,,,,
2026-07-18T08:11:36+00:00,703,18.38,66.63,15,15,1018.9,,,,
2026-07-18T08:21:36+00:00,704,18.17,67.07,10,10,1018.9,,,,
2026-07-18T08:31:36+00:00,705,18.92,64.03,12,12,1018.9,,,,
2026-07-18T08:41:37+00:00,706,19.48,59.85,18,18,1019,,,,
2026-07-18T08:51:36+00:00,707,19.14,61.41,9,9,1018.8,,,,
2026-07-18T09:01:36+00:00,708,19.78,58.81,9,9,1018.9,,,,
2026-07-18T09:11:37+00:00,709,20.51,57.73,12,12,1018.7,,,,
2026-07-18T09:21:36+00:00,710,21.57,53.79,6,6,1018.8,,,,
2026-07-18T09:31:36+00:00,711,21.57,54.49,11,11,1018.7,,,,
2026-07-18T09:41:36+00:00,712,19.99,57.28,12,12,1018.6,,,,
2026-07-18T09:51:36+00:00,713,22.14,53.74,7,7,1018.7,,,,
2026-07-18T10:01:36+00:00,714,21.09,53.94,7,7,1018.7,,,,
2026-07-18T10:11:36+00:00,715,22.73,51.27,4,4,1018.8,,,,
2026-07-18T10:21:36+00:00,716,21.77,52.47,10,10,1018.8,,,,
2026-07-18T10:31:36+00:00,717,22.64,50.2,6,6,1018.8,,,,
2026-07-18T10:41:36+00:00,718,22.35,51.02,14,14,1019,,,,
2026-07-18T10:51:36+00:00,719,22.4,51.32,9,9,1018.8,,,,
2026-07-18T11:01:36+00:00,720,21.13,54.35,6,6,1018.9,,,,
2026-07-18T11:11:36+00:00,721,21.95,53.27,3,3,1018.8,,,,
2026-07-18T11:21:36+00:00,722,23.78,48.98,7,7,1018.8,,,,
2026-07-18T11:31:36+00:00,723,22.92,50.85,8,8,1018.8,,,,
2026-07-18T11:41:36+00:00,724,23.27,49.83,3,3,1019,,,,
2026-07-18T11:51:36+00:00,725,24.02,49.06,6,6,1018.8,,,,
2026-07-18T12:01:36+00:00,726,21.65,53.89,4,4,1018.8,,,,
2026-07-18T12:11:36+00:00,727,24.13,49.73,3,3,1018.9,,,,
2026-07-18T12:21:36+00:00,728,23.6,49.8,3,3,1019.1,,,,
2026-07-18T12:31:36+00:00,729,24.46,48.81,3,3,1019.1,,,,
2026-07-18T12:41:36+00:00,730,23.58,50.5,6,6,1019.1,,,,
2026-07-18T12:51:36+00:00,731,22.6,52.09,2,2,1019.2,,,,
2026-07-18T13:01:36+00:00,732,24.46,48.41,3,3,1019.2,,,,
2026-07-18T13:11:36+00:00,733,22.91,52.37,2,2,1019.2,,,,
2026-07-18T13:21:36+00:00,734,24.31,50.03,7,7,1019.2,,,,
2026-07-18T13:31:36+00:00,735,23.33,51.42,6,6,1019.2,,,,
2026-07-18T13:41:36+00:00,736,24.05,50.05,5,5,1019,,,,
2026-07-18T13:51:36+00:00,737,22.92,51.95,2,2,1019,,,,
2026-07-18T14:01:36+00:00,738,25.65,46.51,15,15,1019,,,,
2026-07-18T14:11:36+00:00,739,24.13,48.44,9,9,1019,,,,
2026-07-18T14:21:36+00:00,740,22.95,51.95,2,2,1019.1,,,,
2026-07-18T14:31:36+00:00,741,23.53,50.1,9,9,1019.1,,,,
2026-07-18T14:41:36+00:00,742,23.14,50.92,9,9,1019.2,,,,
2026-07-18T14:51:36+00:00,743,26.03,45.97,19,19,1019.1,,,,
2026-07-18T15:01:36+00:00,744,24.65,47.1,8,8,1019.3,,,,
2026-07-18T15:11:36+00:00,745,22.28,52.02,9,9,1019.3,,,,
2026-07-18T15:21:36+00:00,746,23.24,50.52,9,9,1019.2,,,,
2026-07-18T15:31:36+00:00,747,22.57,52.59,15,15,1019.3,,,,
2026-07-18T15:41:36+00:00,748,22.77,51.57,10,10,1019.1,,,,
2026-07-18T15:51:36+00:00,749,21.62,53.79,9,9,1019.1,,,,
2026-07-18T16:01:36+00:00,750,21.55,53.59,16,16,1019.1,,,,
2026-07-18T16:11:36+00:00,751,21.96,53.47,12,12,1019,,,,
2026-07-18T16:21:36+00:00,752,21.93,53.07,5,5,1018.9,,,,
2026-07-18T16:31:36+00:00,753,21.61,53.39,7,7,1018.7,,,,
2026-07-18T16:41:36+00:00,754,21.65,53.79,3,3,1018.9,,,,
2026-07-18T16:51:36+00:00,755,22.4,52.82,9,9,1018.7,,,,
2026-07-18T17:01:36+00:00,756,21.62,53.59,8,8,1018.9,,,,
2026-07-18T17:11:36+00:00,757,21.84,53.67,4,4,1018.9,,,,
2026-07-18T17:21:36+00:00,758,21.84,54.27,8,8,1018.9,,,,
2026-07-18T17:31:36+00:00,759,21.35,55.52,4,4,1018.9,,,,
2026-07-18T17:41:36+00:00,760,21.4,55.52,5,5,1019.1,,,,
2026-07-18T17:51:36+00:00,761,20.92,56.48,7,7,1019,,,,
2026-07-18T18:01:36+00:00,762,20.82,57.28,6,6,1019,,,,
2026-07-18T18:11:36+00:00,763,20.73,57.4,4,4,1019.1,,,,
2026-07-18T18:21:36+00:00,764,20.44,58.53,4,4,1019.2,,,,
2026-07-18T18:31:36+00:00,765,20.2,59.06,2,2,1019.3,,,,
2026-07-18T18:41:36+00:00,766,19.93,59.99,6,6,1019.4,,,,
2026-07-18T18:51:36+00:00,767,19.74,59.42,9,9,1019.3,,,,
2026-07-18T19:01:36+00:00,768,19.78,59.92,1,1,1019.4,,,,
2026-07-18T19:11:36+00:00,769,19.63,59.72,5,5,1019.4,,,,
2026-07-18T19:21:36+00:00,770,19.44,59.85,5,5,1019.5,,,,
2026-07-18T19:31:36+00:00,771,19.28,60.58,2,2,1019.6,,,,
2026-07-18T19:41:36+00:00,772,19.28,60.48,0,0,1019.7,,,,
2026-07-18T19:51:36+00:00,773,19.07,61.21,1,1,1019.7,,,,
2026-07-18T20:01:36+00:00,774,18.95,61.01,3,3,1019.9,,,,
2026-07-18T20:11:36+00:00,775,18.82,61.34,1,1,1020,,,,
2026-07-18T20:21:36+00:00,776,18.62,62.07,4,4,1020.3,,,,
2026-07-18T20:31:36+00:00,777,18.44,63.01,2,2,1020.4,,,,
2026-07-18T20:41:36+00:00,778,18.18,63.54,2,2,1020.5,,,,
2026-07-18T20:51:36+00:00,779,18.01,64.48,3,3,1020.7,,,,
2026-07-18T21:01:36+00:00,780,17.89,65.39,0,0,1020.8,,,,
2026-07-18T21:11:36+00:00,781,17.74,66.02,7,7,1020.8,,,,
2026-07-18T21:21:36+00:00,782,17.52,66.96,1,1,1021.1,,,,
2026-07-18T21:31:36+00:00,783,17.45,67.57,0,0,1021.1,,,,
2026-07-18T21:41:36+00:00,784,17.3,67.57,0,0,1021.2,,,,
2026-07-18T21:51:36+00:00,785,17.21,68.1,2,2,1021.4,,,,
2026-07-18T22:01:36+00:00,786,17.04,68.54,1,1,1021.4,,,,
2026-07-18T22:11:36+00:00,787,16.85,69.04,3,3,1021.5,,,,
2026-07-18T22:21:36+00:00,788,16.64,69.48,6,6,1021.5,,,,
2026-07-18T22:31:36+00:00,789,16.39,70.12,0,0,1021.6,,,,
2026-07-18T22:41:36+00:00,790,16.28,70.76,3,3,1021.6,,,,
2026-07-18T22:51:36+00:00,791,16.15,70.96,0,0,1021.6,,,,
2026-07-18T23:01:36+00:00,792,16.12,70.69,5,5,1021.7,,,,
2026-07-18T23:11:36+00:00,793,16,71.4,1,1,1021.7,,,,
2026-07-18T23:21:36+00:00,794,15.87,71.84,1,1,1021.7,,,,
2026-07-18T23:31:36+00:00,795,15.82,71.84,0,0,1021.7,,,,
2026-07-18T23:41:36+00:00,796,15.68,72.28,0,0,1021.7,,,,
2026-07-18T23:51:36+00:00,797,15.54,72.68,2,2,1021.6,,,,
2026-07-19T00:01:36+00:00,798,15.52,72.78,0,0,1021.6,,,,
2026-07-19T00:11:36+00:00,799,15.46,73.22,0,0,1021.7,,,,
2026-07-19T00:21:36+00:00,800,15.42,73.32,1,1,1021.7,,,,
2026-07-19T00:31:36+00:00,801,15.42,73.83,1,1,1021.7,,,,
2026-07-19T00:41:36+00:00,802,15.28,74.33,0,0,1021.8,,,,
2026-07-19T00:51:36+00:00,803,15.25,75.25,3,3,1021.8,,,,
2026-07-19T01:01:36+00:00,804,15.11,76.09,0,0,1021.9,,,,
2026-07-19T01:11:36+00:00,805,14.95,76.94,2,2,1021.9,,,,
2026-07-19T01:21:36+00:00,806,14.85,77.34,3,3,1022,,,,
2026-07-19T01:31:36+00:00,807,14.77,77.79,0,0,1022.1,,,,
2026-07-19T01:41:36+00:00,808,14.69,78.09,2,2,1022.1,,,,
2026-07-19T01:51:36+00:00,809,14.66,77.89,2,2,1022.1,,,,
2026-07-19T02:01:36+00:00,810,14.58,78.09,0,0,1022.1,,,,
2026-07-19T02:11:36+00:00,811,14.55,77.52,3,3,1022.3,,,,
2026-07-19T02:21:36+00:00,812,14.47,77.62,3,3,1022.2,,,,
2026-07-19T02:31:36+00:00,813,14.29,77.56,0,0,1022.3,,,,
2026-07-19T02:41:36+00:00,814,14.22,77.86,2,2,1022.3,,,,
2026-07-19T02:51:36+00:00,815,14.03,78.1,3,3,1022.3,,,,
2026-07-19T03:01:36+00:00,816,13.93,78.91,0,0,1022.4,,,,
2026-07-19T03:11:36+00:00,817,13.88,79.72,2,2,1022.5,,,,
2026-07-19T03:21:36+00:00,818,13.8,80.27,5,5,1022.5,,,,
2026-07-19T03:31:36+00:00,819,13.75,80.58,0,0,1022.5,,,,
2026-07-19T03:41:36+00:00,820,13.74,80.47,1,1,1022.7,,,,
2026-07-19T03:51:36+00:00,821,13.62,80.62,1,1,1022.6,,,,
2026-07-19T04:01:36+00:00,822,13.67,80.68,1,1,1022.8,,,,
2026-07-19T04:11:36+00:00,823,13.57,80.82,0,0,1022.8,,,,
2026-07-19T04:21:36+00:00,824,13.41,81.26,2,2,1022.8,,,,
2026-07-19T04:31:36+00:00,825,13.48,80.41,1,1,1022.8,,,,
2026-07-19T04:41:36+00:00,826,13.56,80.11,2,2,1022.8,,,,
2026-07-19T04:51:36+00:00,827,13.48,79.7,2,2,1022.8,,,,
2026-07-19T05:01:36+00:00,828,13.75,78.85,0,0,1022.9,,,,
2026-07-19T05:11:36+00:00,829,13.48,78.89,3,3,1022.9,,,,
2026-07-19T05:21:36+00:00,830,13.81,77.83,3,3,1022.9,,,,
2026-07-19T05:31:36+00:00,831,14.1,76.64,3,3,1023,,,,
2026-07-19T05:41:36+00:00,832,14.25,74.21,0,0,1023,,,,
2026-07-19T05:51:36+00:00,833,14.29,74.1,1,1,1023.2,,,,
2026-07-19T06:01:36+00:00,834,14.57,71.09,1,1,1023,,,,
2026-07-19T06:11:36+00:00,835,14.8,70.86,3,3,1023,,,,
2026-07-19T06:21:36+00:00,836,15.27,68.46,1,1,1023.3,,,,
2026-07-19T06:31:36+00:00,837,15.24,69.27,1,1,1023.3,,,,
2026-07-19T06:41:36+00:00,838,15.43,68.97,0,0,1023.3,,,,
2026-07-19T06:51:35+00:00,839,15.62,68.02,2,2,1023.3,,,,
2026-07-19T07:01:35+00:00,840,15.86,67.29,2,2,1023.3,,,,
2026-07-19T07:11:35+00:00,841,15.98,65.03,0,0,1023.3,,,,
2026-07-19T07:21:35+00:00,842,16.45,62.24,2,2,1023.2,,,,
2026-07-19T07:31:35+00:00,843,16.79,61.91,3,3,1023.3,,,,
2026-07-19T07:41:36+00:00,844,16.94,61.98,0,0,1023.3,,,,
2026-07-19T07:51:35+00:00,845,17.34,58.89,0,0,1023.4,,,,
2026-07-19T08:01:35+00:00,846,17.77,58.26,1,1,1023.3,,,,
2026-07-19T08:11:35+00:00,847,18.01,56.12,3,3,1023.4,,,,
2026-07-19T08:21:35+00:00,848,17.93,58.84,3,3,1023.4,,,,
2026-07-19T08:31:35+00:00,849,18.5,57.35,3,3,1023.5,,,,
2026-07-19T08:41:35+00:00,850,18.52,55.33,1,1,1023.7,,,,
2026-07-19T08:51:35+00:00,851,18.87,53.7,1,1,1023.4,,,,
2026-07-19T09:01:35+00:00,852,18.92,54.38,3,3,1023.6,,,,
2026-07-19T09:11:35+00:00,853,19.78,51.79,1,1,1023.5,,,,
2026-07-19T09:21:35+00:00,854,20.73,50.59,0,0,1023.5,,,,
2026-07-19T09:31:35+00:00,855,18.9,53.9,0,0,1023.7,,,,
2026-07-19T09:41:35+00:00,856,18.65,54.23,3,3,1023.8,,,,
2026-07-19T09:51:35+00:00,857,19.56,52.72,1,1,1023.6,,,,
2026-07-19T10:01:35+00:00,858,20.88,51.07,5,5,1023.5,,,,
2026-07-19T10:11:35+00:00,859,20.33,52.32,2,2,1023.7,,,,
2026-07-19T10:21:35+00:00,860,21.34,49.91,2,2,1023.5,,,,
2026-07-19T10:31:35+00:00,861,21.93,47.37,2,2,1023.6,,,,
2026-07-19T10:41:35+00:00,862,19.92,49.66,2,2,1023.5,,,,
2026-07-19T10:51:35+00:00,863,20.72,47.19,3,3,1023.5,,,,
2026-07-19T11:01:35+00:00,864,21.99,44.65,0,0,1023.4,,,,
2026-07-19T11:11:35+00:00,865,22.39,43.83,0,0,1023.4,,,,
2026-07-19T11:21:35+00:00,866,21.16,44.84,3,3,1023.6,,,,
2026-07-19T11:31:35+00:00,867,21.96,44.27,3,3,1023.4,,,,
2026-07-19T11:41:35+00:00,868,21.81,43.77,3,3,1023.5,,,,
2026-07-19T11:51:35+00:00,869,21.76,42.97,0,0,1023.6,,,,
2026-07-19T12:01:35+00:00,870,22.88,42.69,4,4,1023.6,,,,
2026-07-19T12:11:35+00:00,871,24.15,39.18,0,0,1023.6,,,,
2026-07-19T12:21:35+00:00,872,23.32,40.26,1,1,1023.5,,,,
2026-07-19T12:31:35+00:00,873,22.39,41.83,3,3,1023.8,,,,
2026-07-19T12:41:35+00:00,874,24.28,38.09,0,0,1023.5,,,,
2026-07-19T12:51:35+00:00,875,24.8,37.96,0,0,1023.5,,,,
2026-07-19T13:01:35+00:00,876,23.53,38.75,0,0,1023.5,,,,
2026-07-19T13:11:35+00:00,877,24.13,38.09,0,0,1023.5,,,,
2026-07-19T13:21:35+00:00,878,25.18,36.13,7,7,1023.5,,,,
2026-07-19T13:31:35+00:00,879,24.47,37.58,0,0,1023.5,,,,
2026-07-19T13:41:35+00:00,880,25.24,37.03,1,1,1023.5,,,,
2026-07-19T13:51:35+00:00,881,24.59,37.96,3,3,1023.4,,,,
2026-07-19T14:01:35+00:00,882,24.57,37.48,1,1,1023.4,,,,
2026-07-19T14:11:35+00:00,883,26.2,35.97,0,0,1023.5,,,,
2026-07-19T14:21:35+00:00,884,24.98,37.54,1,1,1023.4,,,,
2026-07-19T14:31:35+00:00,885,25.22,37.62,0,0,1023.4,,,,
2026-07-19T14:41:35+00:00,886,24.28,37.79,0,0,1023.6,,,,
2026-07-19T14:51:35+00:00,887,24.99,36.25,2,2,1023.5,,,,
2026-07-19T15:01:35+00:00,888,25.66,35.41,0,0,1023.5,,,,
2026-07-19T15:11:35+00:00,889,25.66,35.11,0,0,1023.5,,,,
2026-07-19T15:21:35+00:00,890,24.61,37.16,1,1,1023.3,,,,
2026-07-19T15:31:35+00:00,891,24.1,38.99,2,2,1023.4,,,,
2026-07-19T15:41:35+00:00,892,23.28,40.56,0,0,1023.3,,,,
2026-07-19T15:51:35+00:00,893,21.61,42.79,3,3,1023.4,,,,
2026-07-19T16:01:35+00:00,894,21.31,43.01,0,0,1023.3,,,,
2026-07-19T16:11:35+00:00,895,21.32,44.12,1,1,1023.3,,,,
2026-07-19T16:21:35+00:00,896,21.29,45.62,1,1,1023.2,,,,
2026-07-19T16:31:35+00:00,897,21.03,45.66,2,2,1023.2,,,,
2026-07-19T16:41:35+00:00,898,20.72,46.38,3,3,1023.2,,,,
2026-07-19T16:51:35+00:00,899,21.13,44.84,6,6,1023.2,,,,
2026-07-19T17:01:35+00:00,900,21.02,45.76,5,5,1023.4,,,,
2026-07-19T17:11:35+00:00,901,20.98,45.76,3,3,1023.3,,,,
2026-07-19T17:21:35+00:00,902,20.54,46,1,1,1023.6,,,,
2026-07-19T17:31:35+00:00,903,20.54,46,4,4,1023.6,,,,
2026-07-19T17:41:35+00:00,904,20.26,46.42,3,3,1023.7,,,,
2026-07-19T17:51:35+00:00,905,20.26,46.62,4,4,1023.6,,,,
2026-07-19T18:01:35+00:00,906,20.32,46.61,2,2,1023.6,,,,
2026-07-19T18:11:35+00:00,907,20.25,47.63,3,3,1023.5,,,,
2026-07-19T18:21:35+00:00,908,19.98,48.46,2,2,1023.6,,,,
2026-07-19T18:31:35+00:00,909,19.78,48.98,2,2,1023.7,,,,
2026-07-19T18:41:35+00:00,910,19.74,48.78,3,3,1023.9,,,,
2026-07-19T18:51:35+00:00,911,19.55,49.21,0,0,1023.9,,,,
2026-07-19T19:01:35+00:00,912,19.38,50.53,0,0,1024,,,,
2026-07-19T19:11:35+00:00,913,19.29,50.93,0,0,1024.1,,,,
2026-07-19T19:21:35+00:00,914,19.1,51.06,0,0,1024.1,,,,
2026-07-19T19:31:35+00:00,915,18.92,51.16,1,1,1024.3,,,,
2026-07-19T19:41:35+00:00,916,18.8,51.39,0,0,1024.4,,,,
2026-07-19T19:51:35+00:00,917,18.62,52.11,1,1,1024.4,,,,
2026-07-19T20:01:35+00:00,918,18.44,53.05,0,0,1024.6,,,,
2026-07-19T20:11:35+00:00,919,18.29,53.25,2,2,1024.7,,,,
2026-07-19T20:21:35+00:00,920,17.99,54.61,0,0,1024.7,,,,
2026-07-19T20:31:35+00:00,921,17.78,55.21,0,0,1024.8,,,,
2026-07-19T20:41:35+00:00,922,17.55,55.94,0,0,1024.9,,,,
2026-07-19T20:51:35+00:00,923,17.46,56.27,0,0,1025.1,,,,
2026-07-19T21:01:35+00:00,924,17.37,56.77,1,1,1025.1,,,,
2026-07-19T21:11:35+00:00,925,17.21,57.21,0,0,1025.2,,,,
2026-07-19T21:21:35+00:00,926,17.09,57.51,0,0,1025.3,,,,
2026-07-19T21:31:35+00:00,927,17.01,57.64,1,1,1025.2,,,,
2026-07-19T21:41:35+00:00,928,16.75,58.27,0,0,1025.3,,,,
2026-07-19T21:51:35+00:00,929,16.66,58.58,0,0,1025.4,,,,
2026-07-19T22:01:35+00:00,930,16.61,59.11,0,0,1025.4,,,,
2026-07-19T22:11:35+00:00,931,16.39,60.12,0,0,1025.4,,,,
2026-07-19T22:21:35+00:00,932,16.11,61.19,0,0,1025.5,,,,
2026-07-19T22:31:35+00:00,933,15.83,62.33,0,0,1025.6,,,,
2026-07-19T22:51:35+00:00,934,15.65,63.37,0,0,1025.7,,,,
2026-07-19T23:01:35+00:00,935,15.47,64.58,1,1,1025.7,,,,
2026-07-19T23:11:35+00:00,936,15.27,65.63,1,1,1025.7,,,,
2026-07-19T23:21:35+00:00,937,15.11,66.27,0,0,1025.7,,,,
2026-07-19T23:31:35+00:00,938,14.99,66.8,1,1,1025.8,,,,
2026-07-19T23:41:35+00:00,939,14.89,67.51,2,2,1025.7,,,,
2026-07-19T23:51:35+00:00,940,14.69,67.85,0,0,1025.7,,,,
2026-07-20T00:01:35+00:00,941,14.61,68.26,1,1,1025.7,,,,
2026-07-20T00:11:35+00:00,942,14.51,68.7,1,1,1025.7,,,,
2026-07-20T00:21:35+00:00,943,14.45,68.9,4,4,1025.7,,,,
2026-07-20T00:31:35+00:00,944,14.32,69.13,1,1,1025.6,,,,
2026-07-20T00:41:35+00:00,945,14.22,69.74,1,1,1025.7,,,,
2026-07-20T00:51:35+00:00,946,14.15,70.55,1,1,1025.7,,,,
2026-07-20T01:01:35+00:00,947,14.06,70.59,0,0,1025.7,,,,
2026-07-20T01:11:35+00:00,948,13.87,71.53,1,1,1025.7,,,,
2026-07-20T01:21:35+00:00,949,13.84,72.65,1,1,1025.8,,,,
2026-07-20T01:31:35+00:00,950,13.75,72.85,0,0,1025.8,,,,
2026-07-20T01:41:35+00:00,951,13.6,73.8,0,0,1026,,,,
2026-07-20T01:51:35+00:00,952,13.6,74.52,3,3,1025.9,,,,
2026-07-20T02:01:35+00:00,953,13.48,75.12,0,0,1025.9,,,,
2026-07-20T02:11:35+00:00,954,13.32,75.98,0,0,1025.8,,,,
2026-07-20T02:21:35+00:00,955,13.38,75.57,0,0,1026,,,,
2026-07-20T02:31:35+00:00,956,13.44,75.73,1,1,1025.9,,,,
2026-07-20T02:41:35+00:00,957,13.3,76.59,2,2,1025.9,,,,
2026-07-20T02:51:35+00:00,958,13.3,77.7,1,1,1025.9,,,,
2026-07-20T03:01:35+00:00,959,13.23,77.81,1,1,1025.9,,,,
2026-07-20T03:11:35+00:00,960,13.21,78.11,3,3,1026,,,,
2026-07-20T03:21:35+00:00,961,13.1,78.35,2,2,1025.9,,,,
2026-07-20T03:31:35+00:00,962,13.04,78.35,2,2,1025.9,,,,
2026-07-20T03:41:35+00:00,963,12.97,78.66,0,0,1025.9,,,,
2026-07-20T03:51:35+00:00,964,12.92,79.1,2,2,1026.1,,,,
2026-07-20T04:01:35+00:00,965,12.86,78.69,1,1,1026,,,,
2026-07-20T04:11:35+00:00,966,12.88,78.59,9,9,1026.1,,,,
2026-07-20T04:21:35+00:00,967,12.89,79.1,1,1,1026,,,,
2026-07-20T04:31:35+00:00,968,12.79,79,1,1,1026.1,,,,
2026-07-20T04:51:35+00:00,969,12.64,80.56,3,3,1026.1,,,,
2026-07-20T05:01:35+00:00,970,12.63,81.48,0,0,1026.2,,,,
2026-07-20T05:11:35+00:00,971,12.88,81.44,4,4,1026.2,,,,
2026-07-20T05:21:35+00:00,972,13.21,80.96,4,4,1026.2,,,,
2026-07-20T05:31:35+00:00,973,13.38,81.06,2,2,1026.4,,,,
2026-07-20T05:41:35+00:00,974,13.69,79.97,2,2,1026.4,,,,
2026-07-20T05:51:35+00:00,975,13.7,80.07,7,7,1026.5,,,,
2026-07-20T06:01:35+00:00,976,13.84,79.77,2,2,1026.5,,,,
2026-07-20T06:11:35+00:00,977,14.37,77.62,0,0,1026.4,,,,
2026-07-20T06:21:34+00:00,978,14.91,76.13,2,2,1026.4,,,,
2026-07-20T06:31:34+00:00,979,14.66,76.78,0,0,1026.5,,,,
2026-07-20T06:41:35+00:00,980,15.2,75.08,0,0,1026.5,,,,
2026-07-20T06:51:34+00:00,981,14.85,76.64,5,5,1026.6,,,,
2026-07-20T07:01:34+00:00,982,14.69,76.78,2,2,1026.8,,,,
2026-07-20T07:11:34+00:00,983,15.47,74.6,3,3,1026.8,,,,
2026-07-20T07:21:34+00:00,984,15.49,75.21,0,0,1026.8,,,,
2026-07-20T07:31:34+00:00,985,15.72,73.86,1,1,1026.7,,,,
2026-07-20T07:41:34+00:00,986,16.39,71.73,3,3,1026.7,,,,
2026-07-20T07:51:34+00:00,987,16.46,70.02,7,7,1026.5,,,,
2026-07-20T08:01:34+00:00,988,16.81,68.27,3,3,1026.5,,,,
2026-07-20T08:11:34+00:00,989,17.34,65.65,2,2,1026.4,,,,
2026-07-20T08:21:34+00:00,990,18.41,63.82,4,4,1026.3,,,,
2026-07-20T08:31:34+00:00,991,18.41,62.01,3,3,1026.5,,,,
2026-07-20T08:41:34+00:00,992,18.45,61.9,1,1,1026.4,,,,
2026-07-20T08:51:34+00:00,993,18.66,61.67,2,2,1026.5,,,,
2026-07-20T09:01:34+00:00,994,19.04,60.71,2,2,1026.4,,,,
2026-07-20T09:11:35+00:00,995,19.37,57.46,2,2,1026.5,,,,
2026-07-20T09:21:34+00:00,996,19.7,56.21,2,2,1026.3,,,,
2026-07-20T09:31:34+00:00,997,19.46,56.34,1,1,1026.4,,,,
2026-07-20T09:41:34+00:00,998,20.28,53.64,0,0,1026.4,,,,
2026-07-20T09:51:34+00:00,999,20.44,52.92,2,2,1026.3,,,,
2026-07-20T10:01:34+00:00,1000,21.74,49.69,3,3,1026.2,,,,
2026-07-20T10:11:34+00:00,1001,23.36,45.64,2,2,1026.1,,,,
2026-07-20T10:21:34+00:00,1002,22.51,47.5,0,0,1026.2,,,,
2026-07-20T10:31:34+00:00,1003,25.87,43.02,0,0,1026.1,,,,
2026-07-20T10:41:34+00:00,1004,26.13,41.52,0,0,1025.9,,,,
2026-07-20T10:51:34+00:00,1005,25.5,39.79,0,0,1025.9,,,,
2026-07-20T11:01:34+00:00,1006,24.59,40.44,2,2,1025.9,,,,
2026-07-20T11:11:34+00:00,1007,24.18,40.88,1,1,1025.7,,,,
2026-07-20T11:21:34+00:00,1008,26.89,37.7,2,2,1025.6,,,,
2026-07-20T11:31:34+00:00,1009,25.85,37.57,0,0,1025.7,,,,
2026-07-20T11:41:35+00:00,1010,25.25,38.71,0,0,1025.6,,,,
2026-07-20T11:51:34+00:00,1011,27.62,34.78,0,0,1025.6,,,,
2026-07-20T12:01:34+00:00,1012,25.84,37.77,0,0,1025.6,,,,
2026-07-20T12:11:34+00:00,1013,27.07,36.29,0,0,1025.5,,,,
2026-07-20T12:21:34+00:00,1014,27.04,35.3,0,0,1025.5,,,,
2026-07-20T12:31:34+00:00,1015,27.67,35.07,1,1,1025.4,,,,
2026-07-20T12:41:34+00:00,1016,27.69,34.78,1,1,1025.5,,,,
2026-07-20T12:51:34+00:00,1017,27.22,35.3,0,0,1025.3,,,,
2026-07-20T13:01:34+00:00,1018,28.18,33.95,2,2,1025.3,,,,
2026-07-20T13:11:34+00:00,1019,27.94,35.05,0,0,1025,,,,
2026-07-20T13:21:34+00:00,1020,27.01,35.5,1,1,1025,,,,
2026-07-20T13:31:34+00:00,1021,27.19,35.21,1,1,1025.1,,,,
2026-07-20T13:41:34+00:00,1022,27.9,34.66,1,1,1025,,,,
2026-07-20T13:51:34+00:00,1023,28.38,34.13,1,1,1024.8,,,,
2026-07-20T14:01:34+00:00,1024,28.52,33.03,0,0,1024.9,,,,
2026-07-20T14:11:34+00:00,1025,27.4,34.39,0,0,1024.8,,,,
2026-07-20T14:21:34+00:00,1026,28.16,33.95,1,1,1024.9,,,,
2026-07-20T14:31:34+00:00,1027,29.58,32.67,2,2,1024.7,,,,
2026-07-20T14:41:34+00:00,1028,28.87,33.11,1,1,1024.8,,,,
2026-07-20T14:51:34+00:00,1029,28.73,32.82,0,0,1024.7,,,,
2026-07-20T15:01:34+00:00,1030,28.55,33.62,0,0,1024.7,,,,
2026-07-20T15:11:34+00:00,1031,28.95,33.29,0,0,1024.6,,,,
2026-07-20T15:21:34+00:00,1032,29.43,32.48,0,0,1024.7,,,,
2026-07-20T15:31:34+00:00,1033,27.77,33.87,3,3,1024.7,,,,
2026-07-20T15:41:34+00:00,1034,25.7,36.79,0,0,1024.4,,,,
2026-07-20T15:51:34+00:00,1035,25.07,37.72,1,1,1024.3,,,,
2026-07-20T16:01:34+00:00,1036,25.37,37.21,2,2,1024.2,,,,
2026-07-20T16:11:34+00:00,1037,25.02,37.54,3,3,1024.2,,,,
2026-07-20T16:21:34+00:00,1038,24.85,37.64,0,0,1024.1,,,,
2026-07-20T16:31:34+00:00,1039,24.78,38.06,0,0,1024.1,,,,
2026-07-20T16:41:34+00:00,1040,24.49,38.77,1,1,1024,,,,
2026-07-20T16:51:34+00:00,1041,24.62,38.75,2,2,1024,,,,
2026-07-20T17:01:34+00:00,1042,24.44,38.77,0,0,1024,,,,
2026-07-20T17:11:34+00:00,1043,24.43,38.87,2,2,1024.1,,,,
2026-07-20T17:21:34+00:00,1044,23.97,46.17,1,1,1024.1,,,,
2026-07-20T17:31:34+00:00,1045,23.47,48.01,0,0,1024.2,,,,
2026-07-20T17:41:34+00:00,1046,23.01,50.65,1,1,1024.3,,,,
2026-07-20T17:51:34+00:00,1047,22.79,50.87,1,1,1024.3,,,,
2026-07-20T18:01:34+00:00,1048,22.6,51.4,3,3,1024.4,,,,
2026-07-20T18:11:34+00:00,1049,22.27,52.32,1,1,1024.5,,,,
2026-07-20T18:21:34+00:00,1050,21.9,54.27,0,0,1024.5,,,,
2026-07-20T18:31:34+00:00,1051,21.77,56.27,0,0,1024.6,,,,
2026-07-20T18:41:34+00:00,1052,21.42,58.12,0,0,1024.7,,,,
2026-07-20T18:51:34+00:00,1053,21.1,59.05,2,2,1024.8,,,,
2026-07-20T19:01:34+00:00,1054,20.87,60.58,1,1,1024.8,,,,
2026-07-20T19:11:34+00:00,1055,20.55,61.84,1,1,1024.9,,,,
2026-07-20T19:21:34+00:00,1056,20.39,61.84,0,0,1025,,,,
2026-07-20T19:31:34+00:00,1057,20.13,62.97,2,2,1025,,,,
2026-07-20T19:41:34+00:00,1058,19.88,64.01,0,0,1025.3,,,,
2026-07-20T19:51:34+00:00,1059,19.74,64.64,1,1,1025.3,,,,
2026-07-20T20:01:34+00:00,1060,19.4,66.61,0,0,1025.4,,,,
2026-07-20T20:11:34+00:00,1061,19.19,67.21,2,2,1025.6,,,,
2026-07-20T20:21:34+00:00,1062,18.95,67.85,1,1,1025.8,,,,
2026-07-20T20:31:34+00:00,1063,18.73,69.09,1,1,1026,,,,
2026-07-20T20:41:34+00:00,1064,18.59,70.03,1,1,1026.1,,,,
2026-07-20T20:51:34+00:00,1065,18.41,71.26,1,1,1026.3,,,,
2026-07-20T21:01:34+00:00,1066,18.27,71.16,1,1,1026.4,,,,
2026-07-20T21:11:34+00:00,1067,18.23,71.8,5,5,1026.5,,,,
2026-07-20T21:21:34+00:00,1068,18.2,72,1,1,1026.6,,,,
2026-07-20T21:31:34+00:00,1069,18.08,72.81,1,1,1026.6,,,,
2026-07-20T21:41:34+00:00,1070,18.07,73.52,2,2,1026.6,,,,
2026-07-20T21:51:34+00:00,1071,17.93,73.75,1,1,1026.6,,,,
2026-07-20T22:01:34+00:00,1072,17.92,74.05,1,1,1026.8,,,,
2026-07-20T22:11:34+00:00,1073,17.92,74.26,3,3,1026.8,,,,
2026-07-20T22:21:34+00:00,1074,17.78,74.96,4,4,1026.9,,,,
2026-07-20T22:31:34+00:00,1075,17.56,75.5,3,3,1026.8,,,,
2026-07-20T22:41:34+00:00,1076,17.49,75.94,4,4,1026.8,,,,
2026-07-20T22:51:34+00:00,1077,17.37,76.44,4,4,1026.7,,,,
2026-07-20T23:01:34+00:00,1078,17.46,76.34,0,0,1026.8,,,,
2026-07-20T23:11:34+00:00,1079,17.45,75.94,2,2,1026.8,,,,
2026-07-20T23:21:34+00:00,1080,17.31,75.84,2,2,1026.8,,,,
2026-07-20T23:31:34+00:00,1081,17.23,76.28,2,2,1026.8,,,,
2026-07-20T23:41:34+00:00,1082,17.08,76.68,0,0,1026.9,,,,
2026-07-20T23:51:34+00:00,1083,16.96,77.42,1,1,1026.8,,,,
2026-07-21T00:01:34+00:00,1084,16.79,78.67,1,1,1026.9,,,,
2026-07-21T00:11:34+00:00,1085,16.79,79.08,0,0,1026.9,,,,
2026-07-21T00:21:34+00:00,1086,16.61,79.41,2,2,1026.9,,,,
2026-07-21T00:31:34+00:00,1087,16.57,80.73,1,1,1026.9,,,,
2026-07-21T00:41:34+00:00,1088,16.6,80.83,2,2,1027,,,,
2026-07-21T00:51:34+00:00,1089,16.42,81.03,0,0,1026.9,,,,
2026-07-21T01:01:34+00:00,1090,16.27,81.68,2,2,1026.9,,,,
2026-07-21T01:11:34+00:00,1091,16.21,82.08,0,0,1026.9,,,,
2026-07-21T01:21:34+00:00,1092,16.16,82.49,2,2,1026.8,,,,
2026-07-21T01:31:34+00:00,1093,16.04,82.73,0,0,1026.9,,,,
2026-07-21T01:41:34+00:00,1094,16.26,81.57,2,2,1027,,,,
2026-07-21T01:51:34+00:00,1095,16.41,81.03,4,4,1026.9,,,,
2026-07-21T02:01:34+00:00,1096,16.31,81.37,1,1,1026.9,,,,
2026-07-21T02:11:34+00:00,1097,16.16,81.88,3,3,1026.9,,,,
2026-07-21T02:21:34+00:00,1098,16.12,82.62,3,3,1026.9,,,,
2026-07-21T02:31:34+00:00,1099,16.02,83.03,2,2,1026.9,,,,
2026-07-21T02:41:34+00:00,1100,15.97,83.54,3,3,1026.8,,,,
2026-07-21T02:51:34+00:00,1101,15.92,83.64,2,2,1026.8,,,,
2026-07-21T03:01:34+00:00,1102,15.83,83.47,2,2,1026.8,,,,
2026-07-21T03:11:34+00:00,1103,15.71,83.37,0,0,1026.8,,,,
2026-07-21T03:21:34+00:00,1104,15.69,83.61,0,0,1026.9,,,,
2026-07-21T03:31:34+00:00,1105,15.64,83.82,3,3,1026.9,,,,
2026-07-21T03:41:34+00:00,1106,15.5,84.53,3,3,1027.1,,,,
2026-07-21T03:51:34+00:00,1107,15.35,85.88,0,0,1027.1,,,,
2026-07-21T04:01:34+00:00,1108,15.19,86.13,1,1,1027.2,,,,
2026-07-21T04:11:34+00:00,1109,15.19,86.73,1,1,1027.2,,,,
2026-07-21T04:21:33+00:00,1110,15.22,86.13,1,1,1027.3,,,,
2026-07-21T04:31:33+00:00,1111,15.11,86.02,2,2,1027.5,,,,
2026-07-21T04:41:34+00:00,1112,14.96,86.57,1,1,1027.5,,,,
2026-07-21T04:51:34+00:00,1113,15.14,85.72,1,1,1027.6,,,,
2026-07-21T05:01:33+00:00,1114,15.46,84.77,6,6,1027.7,,,,
2026-07-21T05:11:33+00:00,1115,15.22,84.7,1,1,1027.6,,,,
2026-07-21T05:21:33+00:00,1116,15.4,84.16,1,1,1027.7,,,,
2026-07-21T05:31:33+00:00,1117,15.31,83.96,3,3,1027.8,,,,
2026-07-21T05:41:33+00:00,1118,15.68,82.3,0,0,1027.8,,,,
2026-07-21T05:51:33+00:00,1119,15.89,81.76,4,4,1027.9,,,,
2026-07-21T06:01:33+00:00,1120,16.15,80.97,3,3,1027.9,,,,
2026-07-21T06:11:33+00:00,1121,16.43,80.12,1,1,1027.9,,,,
2026-07-21T06:21:33+00:00,1122,17,79.04,0,0,1027.9,,,,
2026-07-21T06:31:33+00:00,1123,16.78,81.1,2,2,1027.9,,,,
2026-07-21T06:41:33+00:00,1124,16.97,80.55,2,2,1027.8,,,,
2026-07-21T06:51:33+00:00,1125,17.48,78.16,3,3,1028,,,,
2026-07-21T07:01:33+00:00,1126,17.06,78.53,2,2,1028,,,,
2026-07-21T07:11:33+00:00,1127,17.56,75.4,0,0,1028,,,,
2026-07-21T07:21:33+00:00,1128,18.01,74.46,0,0,1027.9,,,,
2026-07-21T07:31:33+00:00,1129,17.96,74.55,0,0,1027.9,,,,
2026-07-21T07:41:33+00:00,1130,17.95,74.76,1,1,1027.9,,,,
2026-07-21T07:51:33+00:00,1131,18.14,73.92,3,3,1027.9,,,,
2026-07-21T08:01:33+00:00,1132,18.22,73.11,0,0,1028,,,,
2026-07-21T08:11:33+00:00,1133,18.4,72.27,0,0,1028.1,,,,
2026-07-21T08:21:33+00:00,1134,19.71,68.95,0,0,1027.8,,,,
2026-07-21T08:31:33+00:00,1135,19.19,69.02,0,0,1028,,,,
2026-07-21T08:41:33+00:00,1136,18.69,70.5,3,3,1028,,,,
2026-07-21T09:01:33+00:00,1137,18.51,70.12,2,2,1028.1,,,,
2026-07-21T09:11:33+00:00,1138,18.55,70.23,3,3,1028.1,,,,
2026-07-21T09:21:33+00:00,1139,19,68.95,2,2,1028.1,,,,
2026-07-21T09:31:33+00:00,1140,19.07,68.85,1,1,1028,,,,
2026-07-21T09:41:33+00:00,1141,18.88,68.98,2,2,1028.1,,,,
2026-07-21T09:51:33+00:00,1142,18.9,69.09,0,0,1028,,,,
2026-07-21T10:01:33+00:00,1143,18.98,69.15,1,1,1028,,,,
2026-07-21T10:11:33+00:00,1144,19.33,68.41,1,1,1028,,,,
2026-07-21T10:21:33+00:00,1145,19.52,67.48,0,0,1028,,,,
2026-07-21T10:31:33+00:00,1146,19.43,67.78,2,2,1028,,,,
2026-07-21T10:41:33+00:00,1147,20.33,65.05,0,0,1027.8,,,,
2026-07-21T10:51:33+00:00,1148,23.22,58.5,1,1,1027.8,,,,
2026-07-21T11:01:33+00:00,1149,21.51,61.59,3,3,1027.8,,,,
2026-07-21T11:11:33+00:00,1150,21.55,62.29,1,1,1027.7,,,,
2026-07-21T11:21:33+00:00,1151,21,63.48,2,2,1027.7,,,,
2026-07-21T11:31:33+00:00,1152,21.61,61.79,1,1,1027.6,,,,
2026-07-21T11:41:33+00:00,1153,21.8,61.57,1,1,1027.5,,,,
2026-07-21T11:51:33+00:00,1154,21.8,61.46,1,1,1027.5,,,,
2026-07-21T12:01:33+00:00,1155,21.1,63.35,2,2,1027.6,,,,
2026-07-21T12:21:33+00:00,1156,21.73,61.29,3,3,1027.4,,,,
2026-07-21T12:31:33+00:00,1157,21.9,61.36,1,1,1027.3,,,,
2026-07-21T12:41:33+00:00,1158,21.53,61.89,0,0,1027.5,,,,
2026-07-21T12:51:33+00:00,1159,22.3,59.7,4,4,1027.4,,,,
2026-07-21T13:01:33+00:00,1160,22.57,59.68,1,1,1027.4,,,,
2026-07-21T13:11:33+00:00,1161,22.22,60.61,4,4,1027.4,,,,
2026-07-21T13:21:33+00:00,1162,21.66,62.39,2,2,1027.3,,,,
2026-07-21T13:31:33+00:00,1163,21.42,63.12,4,4,1027.5,,,,
2026-07-21T13:41:33+00:00,1164,21.34,63.22,5,5,1027.5,,,,
2026-07-21T13:51:33+00:00,1165,23.22,59.39,3,3,1027.3,,,,
2026-07-21T14:01:33+00:00,1166,22.62,58.88,3,3,1027.3,,,,
2026-07-21T14:11:33+00:00,1167,22.92,58.62,2,2,1027.3,,,,
2026-07-21T14:21:33+00:00,1168,22.5,60.08,6,6,1027.3,,,,
2026-07-21T14:31:33+00:00,1169,22.82,59.25,4,4,1027.4,,,,
2026-07-21T14:41:33+00:00,1170,22.36,60.61,3,3,1027.3,,,,
2026-07-21T14:51:33+00:00,1171,21.99,61.43,4,4,1027.4,,,,
2026-07-21T15:01:33+00:00,1172,22.17,61.63,7,7,1027.3,,,,
2026-07-21T15:11:33+00:00,1173,22.46,60.68,0,0,1027.3,,,,
2026-07-21T15:21:33+00:00,1174,22.61,60.17,3,3,1027.2,,,,
2026-07-21T15:31:33+00:00,1175,22.79,59.65,3,3,1027.1,,,,
2026-07-21T15:41:33+00:00,1176,22.87,59.75,4,4,1027,,,,
2026-07-21T15:51:33+00:00,1177,22.33,61,4,4,1027.1,,,,
2026-07-21T16:01:33+00:00,1178,22.39,60.8,3,3,1027.1,,,,
2026-07-21T16:11:33+00:00,1179,22.8,60.25,2,2,1027,,,,
2026-07-21T16:21:33+00:00,1180,22.37,60.91,5,5,1027.1,,,,
2026-07-21T16:31:33+00:00,1181,22.64,60.48,5,5,1026.9,,,,
2026-07-21T16:41:33+00:00,1182,22.36,61.51,2,2,1026.9,,,,
2026-07-21T16:51:33+00:00,1183,22.65,60.38,1,1,1026.8,,,,
2026-07-21T17:01:33+00:00,1184,22.03,62.23,6,6,1026.8,,,,
2026-07-21T17:11:33+00:00,1185,21.61,63.69,1,1,1026.8,,,,
2026-07-21T17:21:33+00:00,1186,21.64,63.79,2,2,1026.6,,,,
2026-07-21T17:31:33+00:00,1187,21.68,63.69,3,3,1026.6,,,,
2026-07-21T17:41:33+00:00,1188,21.58,63.49,3,3,1026.5,,,,
2026-07-21T17:51:33+00:00,1189,21.71,63.49,1,1,1026.4,,,,
2026-07-21T18:01:33+00:00,1190,21.65,63.19,3,3,1026.4,,,,
2026-07-21T18:11:33+00:00,1191,21.66,63.49,6,6,1026.4,,,,
2026-07-21T18:21:33+00:00,1192,21.58,63.39,2,2,1026.3,,,,
2026-07-21T18:31:33+00:00,1193,21.49,63.82,5,5,1026.3,,,,
2026-07-21T18:41:33+00:00,1194,21.53,64,6,6,1026.3,,,,
2026-07-21T18:51:33+00:00,1195,21.44,64.12,4,4,1026.2,,,,
2026-07-21T19:01:33+00:00,1196,21.22,64.86,4,4,1026.2,,,,
2026-07-21T19:11:33+00:00,1197,21.02,65.48,7,7,1026.1,,,,
2026-07-21T19:21:33+00:00,1198,21.12,65.25,6,6,1026.2,,,,
2026-07-21T19:31:33+00:00,1199,21.02,65.59,4,4,1026.1,,,,
2026-07-21T19:41:33+00:00,1200,20.87,66.09,9,9,1026.2,,,,
2026-07-21T19:51:33+00:00,1201,20.76,66.32,6,6,1026.2,,,,
2026-07-21T20:01:33+00:00,1202,20.58,67.02,7,7,1026.3,,,,
2026-07-21T20:11:33+00:00,1203,20.59,67.22,3,3,1026.3,,,,
2026-07-21T20:21:33+00:00,1204,20.16,68.29,4,4,1026.4,,,,
2026-07-21T20:31:33+00:00,1205,19.96,69.02,5,5,1026.4,,,,
2026-07-21T20:41:33+00:00,1206,19.68,69.76,7,7,1026.4,,,,
2026-07-21T20:51:33+00:00,1207,19.51,70.7,5,5,1026.3,,,,
2026-07-21T21:01:33+00:00,1208,19.52,70.5,4,4,1026.3,,,,
2026-07-21T21:11:33+00:00,1209,19.26,71.43,8,8,1026.4,,,,
2026-07-21T21:21:33+00:00,1210,19.21,71.63,3,3,1026.4,,,,
2026-07-21T21:31:33+00:00,1211,19.04,72.27,4,4,1026.5,,,,
2026-07-21T21:41:33+00:00,1212,18.84,72.91,9,9,1026.5,,,,
2026-07-21T21:51:33+00:00,1213,18.91,72.61,9,9,1026.4,,,,
2026-07-21T22:01:33+00:00,1214,18.82,72.5,10,10,1026.4,,,,
2026-07-21T22:11:33+00:00,1215,18.69,72.81,6,6,1026.4,,,,
2026-07-21T22:21:33+00:00,1216,18.59,73.04,6,6,1026.4,,,,
2026-07-21T22:31:33+00:00,1217,18.32,73.28,0,0,1026.5,,,,
2026-07-21T22:41:33+00:00,1218,18.2,74.02,1,1,1026.4,,,,
2026-07-21T22:51:33+00:00,1219,18.01,74.76,1,1,1026.5,,,,
2026-07-21T23:01:33+00:00,1220,17.9,74.66,3,3,1026.5,,,,
2026-07-21T23:11:33+00:00,1221,17.75,75.6,1,1,1026.5,,,,
2026-07-21T23:21:33+00:00,1222,17.72,76.1,9,9,1026.5,,,,
2026-07-21T23:31:33+00:00,1223,17.45,77.95,2,2,1026.7,,,,
2026-07-21T23:41:33+00:00,1224,17.18,78.09,6,6,1026.7,,,,
2026-07-21T23:51:33+00:00,1225,17.16,79.1,6,6,1026.6,,,,
2026-07-22T00:01:33+00:00,1226,16.91,80.76,5,5,1026.6,,,,
2026-07-22T00:11:33+00:00,1227,16.78,81.3,4,4,1026.5,,,,
2026-07-22T00:21:33+00:00,1228,16.61,82.14,6,6,1026.6,,,,
2026-07-22T00:31:33+00:00,1229,16.79,82.31,10,10,1026.6,,,,
2026-07-22T00:41:33+00:00,1230,16.93,81.56,2,2,1026.6,,,,
2026-07-22T00:51:33+00:00,1231,16.79,81.7,6,6,1026.6,,,,
2026-07-22T01:01:33+00:00,1232,16.51,82.65,12,12,1026.5,,,,
2026-07-22T01:11:33+00:00,1233,16.28,83.6,5,5,1026.5,,,,
2026-07-22T01:21:33+00:00,1234,16.26,84,5,5,1026.5,,,,
2026-07-22T01:31:33+00:00,1235,16.27,84.2,4,4,1026.4,,,,
2026-07-22T01:41:33+00:00,1236,16.08,84.45,2,2,1026.3,,,,
2026-07-22T01:51:33+00:00,1237,15.93,85.36,7,7,1026.3,,,,
2026-07-22T02:01:33+00:00,1238,15.67,85.94,3,3,1026.2,,,,
2026-07-22T02:11:32+00:00,1239,15.62,86.35,5,5,1026.2,,,,
2026-07-22T02:21:32+00:00,1240,15.77,86.71,6,6,1026.2,,,,
2026-07-22T02:31:32+00:00,1241,16.39,84.27,9,9,1026.1,,,,
2026-07-22T02:41:32+00:00,1242,16.39,83.66,1,1,1026,,,,
2026-07-22T02:51:32+00:00,1243,16.38,83.7,4,4,1025.9,,,,
2026-07-22T03:01:32+00:00,1244,16.46,83.66,4,4,1026,,,,
2026-07-22T03:11:32+00:00,1245,16.46,83.86,7,7,1025.9,,,,
2026-07-22T03:21:32+00:00,1246,16.16,85.11,4,4,1025.9,,,,
2026-07-22T03:31:32+00:00,1247,16.07,85.76,9,9,1025.9,,,,
2026-07-22T03:41:32+00:00,1248,15.92,86.07,5,5,1025.9,,,,
2026-07-22T03:51:32+00:00,1249,16.11,85.46,3,3,1025.9,,,,
2026-07-22T04:01:32+00:00,1250,16.15,85.42,2,2,1025.8,,,,
2026-07-22T04:11:32+00:00,1251,16.26,85.11,4,4,1025.8,,,,
2026-07-22T04:21:32+00:00,1252,16.09,85.66,6,6,1025.7,,,,
2026-07-22T04:31:32+00:00,1253,15.9,86.82,0,0,1025.6,,,,
2026-07-22T04:51:32+00:00,1254,15.83,88.53,9,9,1025.5,,,,
2026-07-22T05:01:32+00:00,1255,15.92,88.39,6,6,1025.5,,,,
2026-07-22T05:11:33+00:00,1256,16.02,87.79,4,4,1025.5,,,,
2026-07-22T05:21:32+00:00,1257,15.97,87.18,8,8,1025.7,,,,
2026-07-22T05:31:32+00:00,1258,16.28,85.82,4,4,1025.7,,,,
2026-07-22T05:41:32+00:00,1259,16.39,85.17,6,6,1025.7,,,,
2026-07-22T05:51:32+00:00,1260,16.66,84.12,7,7,1025.6,,,,
2026-07-22T06:01:32+00:00,1261,17.04,82.87,3,3,1025.5,,,,
2026-07-22T06:11:32+00:00,1262,17.54,81.04,6,6,1025.6,,,,
2026-07-22T06:21:32+00:00,1263,17.81,80.1,2,2,1025.4,,,,
2026-07-22T06:31:32+00:00,1264,17.83,80.4,6,6,1025.4,,,,
2026-07-22T06:41:32+00:00,1265,18.04,79.25,4,4,1025.4,,,,
2026-07-22T06:51:32+00:00,1266,18.26,78.91,6,6,1025.4,,,,
2026-07-22T07:01:32+00:00,1267,18.29,79.62,3,3,1025.5,,,,
2026-07-22T07:11:32+00:00,1268,18.65,77.47,7,7,1025.5,,,,
2026-07-22T07:21:32+00:00,1269,19.19,75.75,2,2,1025.4,,,,
2026-07-22T07:31:32+00:00,1270,20.41,72.66,5,5,1025.2,,,,
2026-07-22T07:41:32+00:00,1271,21.66,68.69,4,4,1025.2,,,,
2026-07-22T07:51:32+00:00,1272,22.02,65.73,4,4,1025.3,,,,
2026-07-22T08:01:32+00:00,1273,21.09,66.96,0,0,1025.2,,,,
2026-07-22T08:11:32+00:00,1274,21.19,66.75,0,0,1025.3,,,,
2026-07-22T08:21:32+00:00,1275,22.21,64.73,2,2,1025.3,,,,
2026-07-22T08:31:32+00:00,1276,22.61,63.07,2,2,1025.2,,,,
2026-07-22T08:41:32+00:00,1277,23.14,61.39,1,1,1025.2,,,,
2026-07-22T08:51:32+00:00,1278,24.67,58.92,1,1,1025.1,,,,
2026-07-22T09:01:32+00:00,1279,25.33,55.36,2,2,1025.1,,,,
2026-07-22T09:11:32+00:00,1280,25.48,56.26,4,4,1024.9,,,,
2026-07-22T09:21:32+00:00,1281,26.78,53.23,1,1,1024.9,,,,
2026-07-22T09:31:32+00:00,1282,26.03,53.01,6,6,1024.8,,,,
2026-07-22T09:41:32+00:00,1283,25.42,54.87,4,4,1024.9,,,,
2026-07-22T09:51:32+00:00,1284,24.88,55.82,1,1,1024.8,,,,
2026-07-22T10:01:32+00:00,1285,25.82,54.13,0,0,1024.9,,,,
2026-07-22T10:11:32+00:00,1286,26.35,52.88,2,2,1024.7,,,,
2026-07-22T10:21:32+00:00,1287,27.75,50.85,2,2,1024.7,,,,
2026-07-22T10:31:32+00:00,1288,26.23,53.41,2,2,1024.5,,,,
2026-07-22T10:41:32+00:00,1289,27.51,52.06,6,6,1024.4,,,,
2026-07-22T10:51:32+00:00,1290,26.6,52.36,3,3,1024.5,,,,
2026-07-22T11:01:32+00:00,1291,26.51,51.87,4,4,1024.4,,,,
2026-07-22T11:11:32+00:00,1292,27.67,51.97,4,4,1024.4,,,,
2026-07-22T11:21:32+00:00,1293,26.89,51.84,1,1,1024.4,,,,
2026-07-22T11:31:32+00:00,1294,26.49,52.78,1,1,1024.4,,,,
2026-07-22T11:41:32+00:00,1295,26.25,52.41,4,4,1024.3,,,,
2026-07-22T11:51:32+00:00,1296,27.26,50.71,3,3,1024.2,,,,
2026-07-22T12:01:32+00:00,1297,27.75,49.67,3,3,1024.1,,,,
2026-07-22T12:11:32+00:00,1298,26.74,50.66,7,7,1024,,,,
2026-07-22T12:21:32+00:00,1299,28.75,47.7,0,0,1024,,,,
2026-07-22T12:31:32+00:00,1300,27.67,48.9,6,6,1024,,,,
2026-07-22T12:41:32+00:00,1301,27.47,49.2,4,4,1023.9,,,,
2026-07-22T12:51:32+00:00,1302,29.8,45.25,3,3,1023.8,,,,
2026-07-22T13:01:32+00:00,1303,27.04,49.15,5,5,1023.9,,,,
2026-07-22T13:11:32+00:00,1304,27.4,49.52,2,2,1023.8,,,,
2026-07-22T13:21:32+00:00,1305,26.35,50.71,5,5,1023.7,,,,
2026-07-22T13:31:32+00:00,1306,25.39,53.19,7,7,1023.6,,,,
2026-07-22T13:41:32+00:00,1307,27.53,49.89,8,8,1023.6,,,,
2026-07-22T13:51:32+00:00,1308,31.44,43.23,5,5,1023.5,,,,
2026-07-22T14:01:32+00:00,1309,31.16,43.05,5,5,1023.4,,,,
2026-07-22T14:11:32+00:00,1310,31.48,41.96,7,7,1023.2,,,,
2026-07-22T14:21:32+00:00,1311,30.57,42.33,8,8,1023.1,,,,
2026-07-22T14:31:32+00:00,1312,28.55,45.85,4,4,1023.1,,,,
2026-07-22T14:41:32+00:00,1313,30.44,43.32,8,8,1023.1,,,,
2026-07-22T14:51:32+00:00,1314,28.33,47.06,2,2,1022.9,,,,
2026-07-22T15:01:32+00:00,1315,31.86,41.25,3,3,1022.8,,,,
2026-07-22T15:11:32+00:00,1316,31.86,39.69,8,8,1022.8,,,,
2026-07-22T15:21:32+00:00,1317,32.3,40.92,3,3,1022.6,,,,
2026-07-22T15:31:32+00:00,1318,31.13,42.57,5,5,1022.6,,,,
2026-07-22T15:41:32+00:00,1319,27.77,47.99,4,4,1022.5,,,,
2026-07-22T15:51:32+00:00,1320,26.81,49.47,8,8,1022.5,,,,
2026-07-22T16:01:32+00:00,1321,26.91,49.66,1,1,1022.5,,,,
2026-07-22T16:11:32+00:00,1322,26.66,49.69,3,3,1022.3,,,,
2026-07-22T16:21:32+00:00,1323,25.84,51.35,4,4,1022.5,,,,
2026-07-22T16:31:32+00:00,1324,25.59,52.86,1,1,1022.3,,,,
2026-07-22T16:51:32+00:00,1325,25.79,51.45,9,9,1022.2,,,,
2026-07-22T17:01:32+00:00,1326,25.43,51.5,5,5,1022.1,,,,
2026-07-22T17:11:32+00:00,1327,25.29,53.21,5,5,1022.2,,,,
2026-07-22T17:21:32+00:00,1328,25.25,52.42,5,5,1022.3,,,,
2026-07-22T17:31:32+00:00,1329,25.06,54.5,3,3,1022.3,,,,
2026-07-22T17:41:32+00:00,1330,24.99,53.14,3,3,1022.3,,,,
2026-07-22T17:51:32+00:00,1331,24.75,53.06,5,5,1022.3,,,,
2026-07-22T18:01:32+00:00,1332,24.68,53.26,4,4,1022.3,,,,
2026-07-22T18:11:32+00:00,1333,24.64,53.16,4,4,1022.3,,,,
2026-07-22T18:21:32+00:00,1334,24.55,56.37,1,1,1022.3,,,,
2026-07-22T18:31:32+00:00,1335,24.13,57.59,7,7,1022.3,,,,
2026-07-22T18:41:32+00:00,1336,23.92,57.71,5,5,1022.5,,,,
2026-07-22T18:51:32+00:00,1337,23.63,59.04,6,6,1022.6,,,,
2026-07-22T19:01:32+00:00,1338,23.36,59.99,4,4,1022.6,,,,
2026-07-22T19:11:32+00:00,1339,23.2,60.99,4,4,1022.7,,,,
2026-07-22T19:21:32+00:00,1340,23.05,63.71,2,2,1022.7,,,,
2026-07-22T19:31:32+00:00,1341,22.92,63.61,3,3,1022.7,,,,
2026-07-22T19:41:32+00:00,1342,22.76,65.53,5,5,1022.8,,,,
2026-07-22T19:51:32+00:00,1343,22.67,65.77,6,6,1023.1,,,,
2026-07-22T20:01:32+00:00,1344,21.74,65.59,1,1,1023.4,,,,
2026-07-22T20:11:32+00:00,1345,20.73,67.62,1,1,1023.7,,,,
2026-07-22T20:21:32+00:00,1346,19.98,69.92,4,4,1023.5,,,,
2026-07-22T20:31:32+00:00,1347,19.92,70.12,0,0,1023.7,,,,
2026-07-22T20:41:32+00:00,1348,19.84,70.16,2,2,1023.6,,,,
2026-07-22T20:51:32+00:00,1349,19.62,70.59,5,5,1023.8,,,,
2026-07-22T21:01:32+00:00,1350,19.44,71.7,5,5,1023.9,,,,
2026-07-22T21:11:32+00:00,1351,19.23,73.64,1,1,1024,,,,
2026-07-22T21:21:32+00:00,1352,19.16,74.58,3,3,1023.9,,,,
2026-07-22T21:31:32+00:00,1353,19.11,75.49,0,0,1024,,,,
2026-07-22T21:41:32+00:00,1354,18.91,76.43,4,4,1024.1,,,,
2026-07-22T21:51:32+00:00,1355,18.88,76.83,4,4,1024.1,,,,
2026-07-22T22:01:32+00:00,1356,18.75,76.93,3,3,1024.1,,,,
2026-07-22T22:11:32+00:00,1357,18.67,77.07,4,4,1024,,,,
2026-07-22T22:21:32+00:00,1358,18.41,78.01,1,1,1023.9,,,,
2026-07-22T22:31:32+00:00,1359,18.42,78.51,1,1,1023.9,,,,
2026-07-22T22:41:32+00:00,1360,18.35,78.71,2,2,1023.9,,,,
2026-07-22T22:51:32+00:00,1361,18.4,79.11,3,3,1023.8,,,,
2026-07-22T23:01:32+00:00,1362,18.4,78.81,7,7,1023.8,,,,
2026-07-22T23:11:31+00:00,1363,18.3,79.42,4,4,1023.8,,,,
2026-07-22T23:21:31+00:00,1364,18.27,80.22,5,5,1023.7,,,,
2026-07-22T23:31:32+00:00,1365,18.51,78.98,2,2,1023.7,,,,
2026-07-22T23:41:31+00:00,1366,18.59,78.27,3,3,1023.5,,,,
2026-07-22T23:51:31+00:00,1367,18.5,78.07,2,2,1023.4,,,,
2026-07-23T00:01:31+00:00,1368,18.54,77.97,2,2,1023.4,,,,
2026-07-23T00:11:31+00:00,1369,18.7,77.03,4,4,1023.4,,,,
2026-07-23T00:21:31+00:00,1370,18.6,77.07,2,2,1023.3,,,,
2026-07-23T00:31:31+00:00,1371,18.6,77.57,2,2,1023.4,,,,
2026-07-23T00:41:31+00:00,1372,18.5,78.27,3,3,1023.5,,,,
2026-07-23T00:51:31+00:00,1373,18.51,78.88,6,6,1023.4,,,,
2026-07-23T01:01:31+00:00,1374,18.38,79.22,2,2,1023.3,,,,
2026-07-23T01:11:31+00:00,1375,18.38,79.52,4,4,1023.3,,,,
2026-07-23T01:21:31+00:00,1376,18.29,80.12,2,2,1023.3,,,,
2026-07-23T01:31:31+00:00,1377,18.17,80.46,7,7,1023.2,,,,
2026-07-23T01:41:31+00:00,1378,18.07,80.87,4,4,1023.2,,,,
2026-07-23T01:51:31+00:00,1379,17.92,81.51,3,3,1023,,,,
2026-07-23T02:01:31+00:00,1380,17.75,82.25,1,1,1023,,,,
2026-07-23T02:11:31+00:00,1381,17.67,82.05,4,4,1023,,,,
2026-07-23T02:21:31+00:00,1382,17.58,82.65,5,5,1022.9,,,,
2026-07-23T02:31:31+00:00,1383,17.41,83.2,1,1,1023,,,,
2026-07-23T02:41:31+00:00,1384,17.37,83.5,5,5,1022.9,,,,
2026-07-23T02:51:31+00:00,1385,17.33,83.5,0,0,1022.9,,,,
2026-07-23T03:01:31+00:00,1386,17.34,83.5,3,3,1022.9,,,,
2026-07-23T03:11:31+00:00,1387,17.27,83.74,4,4,1022.8,,,,
2026-07-23T03:21:31+00:00,1388,17.27,83.84,3,3,1022.8,,,,
2026-07-23T03:31:31+00:00,1389,17.37,83.8,3,3,1022.9,,,,
2026-07-23T03:41:31+00:00,1390,17.41,84.31,1,1,1022.9,,,,
2026-07-23T03:51:31+00:00,1391,17.54,84.07,3,3,1022.9,,,,
2026-07-23T04:01:31+00:00,1392,17.59,83.87,11,11,1022.9,,,,
2026-07-23T04:11:31+00:00,1393,17.71,83.06,5,5,1023,,,,
2026-07-23T04:21:31+00:00,1394,17.8,82.51,5,5,1023,,,,
2026-07-23T04:31:31+00:00,1395,17.85,82.21,9,9,1023.1,,,,
2026-07-23T04:41:31+00:00,1396,17.9,82.01,5,5,1023.1,,,,
2026-07-23T04:51:31+00:00,1397,17.99,81.61,6,6,1023,,,,
2026-07-23T05:01:31+00:00,1398,18.11,81.37,5,5,1023.1,,,,
2026-07-23T05:11:31+00:00,1399,18.08,81.57,6,6,1023.1,,,,
2026-07-23T05:21:31+00:00,1400,18.17,80.26,3,3,1023.1,,,,
2026-07-23T05:31:31+00:00,1401,18.33,80.43,5,5,1023.1,,,,
2026-07-23T05:41:31+00:00,1402,18.5,79.48,7,7,1023.1,,,,
2026-07-23T05:51:31+00:00,1403,18.67,78.98,2,2,1023,,,,
2026-07-23T06:01:31+00:00,1404,19.14,77.5,4,4,1022.9,,,,
2026-07-23T06:11:31+00:00,1405,19.29,75.95,6,6,1022.9,,,,
2026-07-23T06:21:31+00:00,1406,19.52,75.01,1,1,1023,,,,
2026-07-23T06:31:31+00:00,1407,19.68,74.77,7,7,1023.2,,,,
2026-07-23T06:41:31+00:00,1408,19.55,74.91,10,10,1023.1,,,,
2026-07-23T06:51:31+00:00,1409,20.03,74.14,7,7,1023.1,,,,
2026-07-23T07:01:31+00:00,1410,20.41,73.16,3,3,1023.1,,,,
2026-07-23T07:11:31+00:00,1411,20.66,72.33,4,4,1023.1,,,,
2026-07-23T07:21:31+00:00,1412,21.28,69.43,4,4,1023.1,,,,
2026-07-23T07:31:31+00:00,1413,20.98,70.79,3,3,1023.1,,,,
2026-07-23T07:41:31+00:00,1414,21.84,67.86,6,6,1023,,,,
2026-07-23T07:51:31+00:00,1415,22.65,65.07,1,1,1022.9,,,,
2026-07-23T08:01:31+00:00,1416,22.12,65.43,3,3,1023,,,,
2026-07-23T08:11:31+00:00,1417,22.82,63.74,2,2,1022.9,,,,
2026-07-23T08:21:31+00:00,1418,23.17,61.79,3,3,1022.9,,,,
2026-07-23T08:31:31+00:00,1419,23.16,61.29,5,5,1022.8,,,,
2026-07-23T08:41:31+00:00,1420,23.9,59.91,4,4,1022.7,,,,
2026-07-23T08:51:31+00:00,1421,24.24,56.3,4,4,1022.6,,,,
2026-07-23T09:01:31+00:00,1422,25.52,54.97,3,3,1022.6,,,,
2026-07-23T09:11:31+00:00,1423,26.47,50.71,1,1,1022.6,,,,
2026-07-23T09:21:31+00:00,1424,24.73,53.56,5,5,1022.5,,,,
2026-07-23T09:31:31+00:00,1425,25.96,52.73,5,5,1022.6,,,,
2026-07-23T09:41:31+00:00,1426,26.35,51,0,0,1022.5,,,,
2026-07-23T09:51:31+00:00,1427,27.16,48.85,1,1,1022.5,,,,
2026-07-23T10:01:31+00:00,1428,26.54,49.89,3,3,1022.5,,,,
2026-07-23T10:11:31+00:00,1429,26.52,48.3,1,1,1022.5,,,,
2026-07-23T10:21:31+00:00,1430,27.79,45.62,0,0,1022.4,,,,
2026-07-23T10:31:31+00:00,1431,27.97,46.69,6,6,1022.4,,,,
2026-07-23T10:41:31+00:00,1432,27.91,44.54,4,4,1022.5,,,,
2026-07-23T10:51:31+00:00,1433,26.44,49.02,5,5,1022.3,,,,
2026-07-23T11:01:31+00:00,1434,27.38,47.05,7,7,1022.3,,,,
2026-07-23T11:11:31+00:00,1435,27.01,48.55,8,8,1022.2,,,,
2026-07-23T11:21:31+00:00,1436,27.63,46.93,4,4,1022,,,,
2026-07-23T11:31:31+00:00,1437,28.65,44.67,2,2,1021.9,,,,
2026-07-23T11:41:31+00:00,1438,28.08,44.71,2,2,1021.8,,,,
2026-07-23T11:51:31+00:00,1439,30.13,43.36,2,2,1021.9,,,,
2026-07-23T12:01:31+00:00,1440,28.24,43.21,8,8,1021.8,,,,
2026-07-23T12:11:31+00:00,1441,26.77,46.8,3,3,1021.8,,,,
2026-07-23T12:21:31+00:00,1442,26.42,47.93,4,4,1021.8,,,,
2026-07-23T12:31:31+00:00,1443,26.72,47.71,5,5,1021.7,,,,
2026-07-23T12:41:31+00:00,1444,26.17,47.56,4,4,1021.8,,,,
2026-07-23T12:51:31+00:00,1445,25.62,48.3,2,2,1021.7,,,,
2026-07-23T13:01:31+00:00,1446,26.33,47.53,8,8,1021.6,,,,
2026-07-23T13:11:31+00:00,1447,25.98,48.67,2,2,1021.7,,,,
2026-07-23T13:21:31+00:00,1448,26.25,48.35,6,6,1021.6,,,,
2026-07-23T13:31:31+00:00,1449,26.57,47.81,2,2,1021.6,,,,
2026-07-23T13:41:31+00:00,1450,26.22,49.34,6,6,1021.5,,,,
2026-07-23T13:51:31+00:00,1451,27.09,48.06,4,4,1021.4,,,,
2026-07-23T14:01:31+00:00,1452,28.52,44.27,6,6,1021.4,,,,
2026-07-23T14:11:31+00:00,1453,27.53,45.45,7,7,1021.2,,,,
2026-07-23T14:21:31+00:00,1454,27.53,45.84,4,4,1021.1,,,,
2026-07-23T14:31:31+00:00,1455,27.96,44.54,3,3,1021,,,,
2026-07-23T14:41:31+00:00,1456,28.15,45.3,4,4,1021,,,,
2026-07-23T14:51:31+00:00,1457,29.28,42.63,2,2,1021,,,,
2026-07-23T15:01:31+00:00,1458,29.13,43.05,3,3,1020.9,,,,
2026-07-23T15:11:31+00:00,1459,27.77,43.94,5,5,1020.9,,,,
2026-07-23T15:21:31+00:00,1460,27.67,45.54,2,2,1020.7,,,,
2026-07-23T15:31:31+00:00,1461,26.54,47.52,5,5,1020.6,,,,
2026-07-23T15:41:31+00:00,1462,26.97,46.8,7,7,1020.4,,,,
2026-07-23T15:51:31+00:00,1463,27.28,46.16,7,7,1020.3,,,,
2026-07-23T16:01:31+00:00,1464,26.66,47.02,4,4,1020.2,,,,
2026-07-23T16:11:31+00:00,1465,26.17,47.36,2,2,1020.1,,,,
2026-07-23T16:21:31+00:00,1466,26.64,46.72,3,3,1020,,,,
2026-07-23T16:31:31+00:00,1467,27.15,45.68,3,3,1020.1,,,,
2026-07-23T16:41:31+00:00,1468,26.72,47.22,9,9,1019.8,,,,
2026-07-23T16:51:31+00:00,1469,26.91,46.6,3,3,1019.8,,,,
2026-07-23T17:01:31+00:00,1470,26.77,46.6,6,6,1019.7,,,,
2026-07-23T17:11:31+00:00,1471,26.6,46.52,3,3,1019.7,,,,
2026-07-23T17:21:31+00:00,1472,26.22,47.36,9,9,1019.6,,,,
2026-07-23T17:31:31+00:00,1473,25.88,48.47,6,6,1019.5,,,,
2026-07-23T17:41:31+00:00,1474,25.72,48.5,5,5,1019.5,,,,
2026-07-23T17:51:31+00:00,1475,25.66,48.6,6,6,1019.4,,,,
2026-07-23T18:01:31+00:00,1476,25.43,49.02,4,4,1019.3,,,,
2026-07-23T18:11:31+00:00,1477,25.4,49.02,9,9,1019.3,,,,
2026-07-23T18:21:31+00:00,1478,25.37,49.02,8,8,1019.2,,,,
2026-07-23T18:31:31+00:00,1479,25.42,48.72,3,3,1019.1,,,,
2026-07-23T18:41:31+00:00,1480,25.27,49.74,9,9,1019.2,,,,
2026-07-23T18:51:31+00:00,1481,25.11,49.93,4,4,1019.3,,,,
2026-07-23T19:01:31+00:00,1482,25.18,49.63,10,10,1019.2,,,,
2026-07-23T19:11:31+00:00,1483,25.05,50.35,5,5,1019.2,,,,
2026-07-23T19:31:31+00:00,1484,24.78,50.98,7,7,1019.2,,,,
2026-07-23T19:41:31+00:00,1485,24.39,55.38,9,9,1019.2,,,,
2026-07-23T19:51:31+00:00,1486,24.13,57.29,1,1,1019.2,,,,
2026-07-23T20:01:31+00:00,1487,23.9,58.61,5,5,1019.3,,,,
2026-07-23T20:11:30+00:00,1488,23.65,59.44,7,7,1019.3,,,,
2026-07-23T20:21:31+00:00,1489,23.36,60.09,6,6,1019.5,,,,
2026-07-23T20:31:30+00:00,1490,23.1,60.92,8,8,1019.6,,,,
2026-07-23T20:41:30+00:00,1491,22.87,61.55,5,5,1019.8,,,,
2026-07-23T20:51:30+00:00,1492,22.65,62.27,8,8,1019.7,,,,
2026-07-23T21:01:30+00:00,1493,22.52,62.67,5,5,1019.9,,,,
2026-07-23T21:11:30+00:00,1494,22.57,62.97,9,9,1019.9,,,,
2026-07-23T21:21:30+00:00,1495,22.58,63.27,8,8,1019.8,,,,
2026-07-23T21:31:30+00:00,1496,22.45,63.47,8,8,1019.9,,,,
2026-07-23T21:41:30+00:00,1497,22.33,64.1,11,11,1019.9,,,,
2026-07-23T21:51:30+00:00,1498,22.33,64.3,7,7,1020,,,,
2026-07-23T22:01:30+00:00,1499,22.36,64.4,7,7,1020.1,,,,
2026-07-23T22:11:30+00:00,1500,22.15,64.83,8,8,1020.1,,,,
2026-07-23T22:21:30+00:00,1501,21.96,65.36,17,22,1020,,,,
2026-07-23T22:31:30+00:00,1502,21.86,65.86,8,8,1020.1,,,,
2026-07-23T22:41:30+00:00,1503,21.65,66.39,8,8,1020,,,,
2026-07-23T22:51:30+00:00,1504,21.51,66.39,9,9,1020,,,,
2026-07-23T23:01:30+00:00,1505,21.47,66.72,14,14,1020,,,,
2026-07-23T23:11:30+00:00,1506,21.31,66.93,12,12,1020,,,,
2026-07-23T23:21:30+00:00,1507,21.32,66.93,4,4,1020,,,,
2026-07-23T23:31:30+00:00,1508,21.18,67.66,11,11,1019.8,,,,
2026-07-23T23:41:30+00:00,1509,21.1,67.86,10,10,1020,,,,
2026-07-24T00:01:30+00:00,1510,20.87,68.29,10,10,1019.9,,,,
2026-07-24T00:11:30+00:00,1511,20.88,68.19,13,13,1019.8,,,,
2026-07-24T00:21:30+00:00,1512,20.74,68.42,13,13,1019.8,,,,
2026-07-24T00:31:30+00:00,1513,20.64,69.02,8,8,1019.7,,,,
2026-07-24T00:41:30+00:00,1514,20.44,69.56,17,17,1019.8,,,,
2026-07-24T00:51:30+00:00,1515,20.47,69.56,9,9,1019.7,,,,
2026-07-24T01:01:30+00:00,1516,20.41,69.76,13,13,1019.8,,,,
2026-07-24T01:11:30+00:00,1517,20.29,70.19,12,12,1019.7,,,,
2026-07-24T01:21:30+00:00,1518,20.18,70.5,17,17,1019.7,,,,
2026-07-24T01:31:30+00:00,1519,20.07,70.93,12,12,1019.7,,,,
2026-07-24T01:41:30+00:00,1520,20.07,70.93,13,13,1019.6,,,,
2026-07-24T01:51:30+00:00,1521,20.06,70.73,8,8,1019.5,,,,
2026-07-24T02:01:30+00:00,1522,19.99,70.53,5,5,1019.5,,,,
2026-07-24T02:11:30+00:00,1523,20.09,70.93,4,4,1019.4,,,,
2026-07-24T02:21:30+00:00,1524,20.01,71.13,4,4,1019.3,,,,
2026-07-24T02:31:30+00:00,1525,19.92,71.43,4,4,1019.4,,,,
2026-07-24T02:41:30+00:00,1526,19.81,71.77,2,2,1019.4,,,,
2026-07-24T02:51:30+00:00,1527,19.76,72.27,2,2,1019.2,,,,
2026-07-24T03:01:30+00:00,1528,19.58,72.8,8,8,1019.3,,,,
2026-07-24T03:11:30+00:00,1529,19.55,73,5,5,1019.2,,,,
2026-07-24T03:21:30+00:00,1530,19.34,73.74,0,0,1019.3,,,,
2026-07-24T03:31:30+00:00,1531,19.1,74.28,5,5,1019.2,,,,
2026-07-24T03:41:30+00:00,1532,18.85,74.82,0,0,1019.2,,,,
2026-07-24T03:51:30+00:00,1533,18.66,75.05,1,1,1019.1,,,,
2026-07-24T04:01:30+00:00,1534,18.48,75.35,3,3,1019.2,,,,
2026-07-24T04:11:30+00:00,1535,18.27,75.9,3,3,1019.2,,,,
2026-07-24T04:21:30+00:00,1536,18.18,75.93,6,6,1019.2,,,,
2026-07-24T04:31:30+00:00,1537,18.17,75.63,0,0,1019.3,,,,
2026-07-24T04:41:30+00:00,1538,18.08,75.23,5,5,1019.2,,,,
2026-07-24T04:51:30+00:00,1539,18.04,75.23,1,1,1019.1,,,,
2026-07-24T05:01:30+00:00,1540,18.22,74.52,1,1,1019.1,,,,
2026-07-24T05:11:30+00:00,1541,18.11,74.73,3,3,1019.2,,,,
2026-07-24T05:21:30+00:00,1542,17.99,74.96,0,0,1019.2,,,,
2026-07-24T05:31:30+00:00,1543,18.07,74.73,0,0,1019.1,,,,
2026-07-24T05:41:30+00:00,1544,18.42,73.08,2,2,1019.2,,,,
2026-07-24T05:51:30+00:00,1545,18.48,72.34,0,0,1019.2,,,,
2026-07-24T06:01:30+00:00,1546,18.7,72,2,2,1019.2,,,,
2026-07-24T06:11:30+00:00,1547,18.88,71.4,3,3,1019.2,,,,
2026-07-24T06:21:30+00:00,1548,18.66,71.94,5,5,1019.2,,,,
2026-07-24T06:31:30+00:00,1549,18.8,71.7,1,1,1019.2,,,,
2026-07-24T06:41:30+00:00,1550,19.25,70.12,4,4,1019.1,,,,
2026-07-24T06:51:30+00:00,1551,19.06,70.56,8,8,1019.1,,,,
2026-07-24T07:01:30+00:00,1552,19.55,69.99,5,5,1019.1,,,,
2026-07-24T07:11:30+00:00,1553,19.55,69.49,2,2,1018.8,,,,
2026-07-24T07:21:30+00:00,1554,19.52,68.68,3,3,1018.9,,,,
2026-07-24T07:31:30+00:00,1555,19.73,68.76,6,6,1018.9,,,,
2026-07-24T07:41:30+00:00,1556,20.03,68.02,3,3,1018.8,,,,
2026-07-24T07:51:30+00:00,1557,20.29,67.69,1,1,1018.8,,,,
2026-07-24T08:01:30+00:00,1558,20.76,65.82,4,4,1018.6,,,,
2026-07-24T08:11:30+00:00,1559,21.39,63.92,2,2,1018.6,,,,
2026-07-24T08:21:30+00:00,1560,21.73,63.69,2,2,1018.5,,,,
2026-07-24T08:31:30+00:00,1561,21.58,63.79,6,6,1018.5,,,,
2026-07-24T08:41:30+00:00,1562,21.5,64.22,3,3,1018.4,,,,
2026-07-24T08:51:30+00:00,1563,22.37,62.2,1,1,1018.4,,,,
2026-07-24T09:01:30+00:00,1564,22.88,61.25,4,4,1018.3,,,,
2026-07-24T09:11:30+00:00,1565,24.15,58.78,4,4,1018.2,,,,
2026-07-24T09:21:30+00:00,1566,24.27,57.29,5,5,1018,,,,
2026-07-24T09:31:30+00:00,1567,25.7,56.23,6,6,1017.9,,,,
2026-07-24T09:41:30+00:00,1568,26.88,52.24,2,2,1017.9,,,,
2026-07-24T09:51:30+00:00,1569,27.11,51.52,4,4,1017.8,,,,
2026-07-24T10:01:30+00:00,1570,26.36,54.07,3,3,1017.7,,,,
2026-07-24T10:11:30+00:00,1571,26.88,52.73,5,5,1017.5,,,,
2026-07-24T10:21:30+00:00,1572,28.22,48.74,2,2,1017.5,,,,
2026-07-24T10:31:30+00:00,1573,28.48,48.91,13,13,1017.3,,,,
2026-07-24T10:41:30+00:00,1574,28.06,48.96,0,0,1017.2,,,,
2026-07-24T10:51:30+00:00,1575,27.9,49.67,4,4,1017.2,,,,
2026-07-24T11:01:30+00:00,1576,31.26,43.15,2,2,1016.9,,,,
2026-07-24T11:11:30+00:00,1577,30.23,44.91,4,4,1016.7,,,,
2026-07-24T11:21:30+00:00,1578,30.59,44.98,5,5,1016.6,,,,
2026-07-24T11:31:30+00:00,1579,31.14,43.65,5,5,1016.5,,,,
2026-07-24T11:41:30+00:00,1580,31.22,43.35,8,8,1016.3,,,,
2026-07-24T11:51:30+00:00,1581,31.4,42.94,0,0,1016.2,,,,
2026-07-24T12:01:30+00:00,1582,32.05,42.9,2,2,1016,,,,
2026-07-24T12:11:30+00:00,1583,32.07,41.42,1,1,1015.8,,,,
2026-07-24T12:21:30+00:00,1584,31.86,42.23,8,8,1015.7,,,,
2026-07-24T12:31:30+00:00,1585,33.04,39,4,4,1015.6,,,,
2026-07-24T12:41:30+00:00,1586,34.06,38.53,2,2,1015.4,,,,
2026-07-24T12:51:30+00:00,1587,32.23,40.23,1,1,1015.2,,,,
2026-07-24T13:01:30+00:00,1588,33.15,39.37,5,5,1015.1,,,,
2026-07-24T13:11:30+00:00,1589,30.21,42.65,6,6,1015,,,,
2026-07-24T13:21:30+00:00,1590,29.83,43.08,3,3,1014.9,,,,
2026-07-24T13:31:30+00:00,1591,33.46,39.65,1,1,1014.7,,,,
2026-07-24T13:41:30+00:00,1592,29.12,43.74,8,8,1014.6,,,,
2026-07-24T13:51:30+00:00,1593,29.31,44.4,5,5,1014.3,,,,
2026-07-24T14:01:30+00:00,1594,29.13,44.53,4,4,1014.4,,,,
2026-07-24T14:11:30+00:00,1595,28.45,46.04,2,2,1014.3,,,,
2026-07-24T14:21:30+00:00,1596,28.83,44.65,4,4,1014.3,,,,
2026-07-24T14:31:30+00:00,1597,28.18,45.3,8,8,1014.1,,,,
2026-07-24T14:41:30+00:00,1598,29.52,43.4,6,6,1014,,,,
2026-07-24T14:51:30+00:00,1599,29.02,44.62,3,3,1013.8,,,,
2026-07-24T15:01:30+00:00,1600,30.83,41.14,3,3,1013.8,,,,
2026-07-24T15:11:30+00:00,1601,29.38,43.71,2,2,1013.6,,,,
2026-07-24T15:21:30+00:00,1602,28.55,44.96,5,5,1013.6,,,,
2026-07-24T15:31:30+00:00,1603,28.24,45.67,5,5,1013.4,,,,
2026-07-24T15:41:30+00:00,1604,27.93,46.41,7,7,1013.3,,,,
2026-07-24T15:51:30+00:00,1605,28.7,46.22,5,5,1013.2,,,,
2026-07-24T16:01:30+00:00,1606,27.81,45.62,5,5,1013.1,,,,
2026-07-24T16:11:30+00:00,1607,28.11,45.5,5,5,1013,,,,
2026-07-24T16:21:30+00:00,1608,28.45,44.18,5,5,1012.9,,,,
2026-07-24T16:31:30+00:00,1609,28.15,45.3,4,4,1012.8,,,,
2026-07-24T16:41:30+00:00,1610,27.94,45.52,6,6,1012.6,,,,
2026-07-24T16:51:30+00:00,1611,27.96,46.22,6,6,1012.5,,,,
2026-07-24T17:01:29+00:00,1612,28,46.69,6,6,1012.4,,,,
2026-07-24T17:11:29+00:00,1613,27.55,46.73,6,6,1012.2,,,,
2026-07-24T17:21:29+00:00,1614,27.36,46.75,4,4,1012.2,,,,
2026-07-24T17:31:29+00:00,1615,27.66,46.14,6,6,1012,,,,
2026-07-24T17:41:29+00:00,1616,27.82,45.52,5,5,1011.9,,,,
2026-07-24T17:51:29+00:00,1617,27.97,44.71,4,4,1011.9,,,,
2026-07-24T18:01:29+00:00,1618,27.77,44.64,3,3,1011.9,,,,
2026-07-24T18:11:29+00:00,1619,27.6,45.54,8,8,1011.8,,,,
2026-07-24T18:21:29+00:00,1620,27.38,46.16,5,5,1011.7,,,,
2026-07-24T18:31:29+00:00,1621,27.18,46.08,5,5,1011.7,,,,
2026-07-24T18:41:29+00:00,1622,27.03,46.58,4,4,1011.6,,,,
2026-07-24T18:51:29+00:00,1623,26.97,47.29,2,2,1011.8,,,,
2026-07-24T19:01:29+00:00,1624,26.84,47.19,6,6,1011.6,,,,
2026-07-24T19:11:29+00:00,1625,26.55,47.71,5,5,1011.7,,,,
2026-07-24T19:21:29+00:00,1626,26.27,48.82,5,5,1011.6,,,,
2026-07-24T19:31:29+00:00,1627,26.13,48.94,6,6,1011.6,,,,
2026-07-24T19:41:29+00:00,1628,25.96,49.46,6,6,1011.6,,,,
2026-07-24T19:51:29+00:00,1629,25.92,49.37,7,7,1011.5,,,,
2026-07-24T20:01:29+00:00,1630,25.99,49.66,8,8,1011.6,,,,
2026-07-24T20:11:29+00:00,1631,25.82,50.06,14,14,1011.6,,,,
2026-07-24T20:21:29+00:00,1632,25.8,50.46,7,7,1011.6,,,,
2026-07-24T20:31:29+00:00,1633,25.67,50.68,3,3,1011.6,,,,
2026-07-24T20:41:29+00:00,1634,25.59,50.78,4,4,1011.7,,,,
2026-07-24T20:51:29+00:00,1635,25.48,51,7,7,1011.6,,,,
2026-07-24T21:01:29+00:00,1636,25.32,51.2,3,3,1011.7,,,,
2026-07-24T21:11:29+00:00,1637,25.18,51.12,9,9,1011.7,,,,
2026-07-24T21:21:29+00:00,1638,24.95,51.65,11,11,1011.6,,,,
2026-07-24T21:31:29+00:00,1639,24.73,52.56,6,6,1011.6,,,,
2026-07-24T21:41:29+00:00,1640,24.32,52.81,8,8,1011.8,,,,
2026-07-24T21:51:29+00:00,1641,24.06,53.53,2,2,1011.7,,,,
2026-07-24T22:01:29+00:00,1642,23.81,53.56,6,6,1011.8,,,,
2026-07-24T22:11:29+00:00,1643,23.57,52.79,7,7,1011.8,,,,
2026-07-24T22:21:29+00:00,1644,23.47,52.89,5,5,1011.7,,,,
2026-07-24T22:31:29+00:00,1645,23.16,53.52,2,2,1011.7,,,,
2026-07-24T22:41:29+00:00,1646,23.07,53.14,1,1,1011.7,,,,
2026-07-24T22:51:29+00:00,1647,22.9,52.97,2,2,1011.7,,,,
2026-07-24T23:01:29+00:00,1648,22.64,53.49,4,4,1011.6,,,,
2026-07-24T23:11:29+00:00,1649,22.55,53.39,1,1,1011.5,,,,
2026-07-24T23:21:29+00:00,1650,22.5,53.89,2,2,1011.7,,,,
2026-07-24T23:31:29+00:00,1651,22.27,54.61,7,7,1011.5,,,,
2026-07-24T23:41:29+00:00,1652,22.11,55.04,6,6,1011.6,,,,
2026-07-24T23:51:29+00:00,1653,21.81,56.37,4,4,1011.6,,,,
2026-07-25T00:01:29+00:00,1654,21.51,57.39,3,3,1011.6,,,,
2026-07-25T00:11:29+00:00,1655,21.25,58.25,6,6,1011.6,,,,
2026-07-25T00:21:29+00:00,1656,21.03,58.58,11,11,1011.6,,,,
2026-07-25T00:31:29+00:00,1657,20.84,58.78,6,6,1011.6,,,,
2026-07-25T00:41:29+00:00,1658,20.73,58.7,10,10,1011.8,,,,
2026-07-25T00:51:29+00:00,1659,20.48,59.83,5,5,1011.7,,,,
2026-07-25T01:01:29+00:00,1660,20.07,61.8,2,2,1011.7,,,,
2026-07-25T01:11:29+00:00,1661,19.77,63.43,6,6,1011.6,,,,
2026-07-25T01:21:29+00:00,1662,19.61,65.17,5,5,1011.6,,,,
2026-07-25T01:31:29+00:00,1663,19.33,66.31,5,5,1011.5,,,,
2026-07-25T01:41:29+00:00,1664,19.14,67.44,6,6,1011.3,,,,
2026-07-25T01:51:29+00:00,1665,18.91,68.48,4,4,1011.3,,,,
2026-07-25T02:01:29+00:00,1666,18.78,69.09,3,3,1011.2,,,,
2026-07-25T02:11:29+00:00,1667,18.62,69.82,1,1,1011.2,,,,
2026-07-25T02:21:29+00:00,1668,18.59,70.03,4,4,1011.1,,,,
2026-07-25T02:31:29+00:00,1669,18.47,70.23,2,2,1011,,,,
2026-07-25T02:41:29+00:00,1670,18.41,70.76,1,1,1011,,,,
2026-07-25T02:51:29+00:00,1671,18.25,71.36,0,0,1011,,,,
2026-07-25T03:01:29+00:00,1672,18.12,72.11,1,1,1010.9,,,,
2026-07-25T03:11:29+00:00,1673,17.92,72.85,3,3,1010.9,,,,
2026-07-25T03:21:29+00:00,1674,17.85,73.14,2,2,1010.9,,,,
2026-07-25T03:31:29+00:00,1675,17.8,73.35,4,4,1010.7,,,,
2026-07-25T03:41:29+00:00,1676,17.72,72.88,6,6,1010.7,,,,
2026-07-25T03:51:29+00:00,1677,17.7,72.88,6,6,1010.7,,,,
2026-07-25T04:01:29+00:00,1678,17.55,73.48,5,5,1010.8,,,,
2026-07-25T04:11:29+00:00,1679,17.33,74.32,1,1,1010.7,,,,
2026-07-25T04:21:29+00:00,1680,17.27,74.56,1,1,1010.8,,,,
2026-07-25T04:31:29+00:00,1681,17.21,74.76,0,0,1010.8,,,,
2026-07-25T04:41:29+00:00,1682,17.12,74.87,5,5,1010.5,,,,
2026-07-25T04:51:29+00:00,1683,17.18,75.27,4,4,1010.5,,,,
2026-07-25T05:01:29+00:00,1684,17.25,75.37,5,5,1010.4,,,,
2026-07-25T05:11:29+00:00,1685,17.19,75.57,3,3,1010.4,,,,
2026-07-25T05:21:29+00:00,1686,17.11,76.18,6,6,1010.5,,,,
2026-07-25T05:31:29+00:00,1687,17.06,75.1,2,2,1010.4,,,,
2026-07-25T05:41:29+00:00,1688,17.49,74.02,4,4,1010.3,,,,
2026-07-25T05:51:29+00:00,1689,17.54,74.29,3,3,1010.2,,,,
2026-07-25T06:01:29+00:00,1690,17.97,72.64,4,4,1009.9,,,,
2026-07-25T06:11:29+00:00,1691,18.17,71.3,2,2,1009.8,,,,
2026-07-25T06:21:29+00:00,1692,18.01,71.64,4,4,1009.9,,,,
2026-07-25T06:31:29+00:00,1693,18.38,71.06,7,7,1009.8,,,,
2026-07-25T06:41:29+00:00,1694,18.99,68.35,5,5,1009.7,,,,
2026-07-25T06:51:29+00:00,1695,19.11,68.55,1,1,1009.6,,,,
2026-07-25T07:01:29+00:00,1696,19.38,67.31,3,3,1009.7,,,,
2026-07-25T07:11:29+00:00,1697,20.35,65.75,3,3,1009.7,,,,
2026-07-25T07:21:29+00:00,1698,20.87,63.98,2,2,1009.6,,,,
2026-07-25T07:31:29+00:00,1699,20.95,63.28,5,5,1009.6,,,,
2026-07-25T07:41:29+00:00,1700,21.18,62.55,3,3,1009.6,,,,
2026-07-25T07:51:29+00:00,1701,21.62,61.29,2,2,1009.6,,,,
2026-07-25T08:01:29+00:00,1702,22.6,58.08,5,5,1009.6,,,,
2026-07-25T08:11:29+00:00,1703,23.17,56.7,3,3,1009.4,,,,
2026-07-25T08:21:29+00:00,1704,23.82,54.26,11,11,1009.4,,,,
2026-07-25T08:31:29+00:00,1705,24.4,53.09,2,2,1009.2,,,,
2026-07-25T08:41:29+00:00,1706,24.99,52.04,3,3,1009.2,,,,
2026-07-25T08:51:29+00:00,1707,24.28,52.72,0,0,1009.1,,,,
2026-07-25T09:01:29+00:00,1708,25.24,50.73,3,3,1009.1,,,,
2026-07-25T09:11:29+00:00,1709,25.91,49.66,0,0,1008.9,,,,
2026-07-25T09:21:29+00:00,1710,27.49,46.44,1,1,1008.7,,,,
2026-07-25T09:31:29+00:00,1711,27.18,47.77,2,2,1008.6,,,,
2026-07-25T09:41:29+00:00,1712,26.44,48.63,6,6,1008.6,,,,
2026-07-25T09:51:29+00:00,1713,26.3,48.72,2,2,1008.3,,,,
2026-07-25T10:01:29+00:00,1714,26.25,48.85,3,3,1008.5,,,,
2026-07-25T10:11:29+00:00,1715,27.72,47.13,2,2,1008.4,,,,
2026-07-25T10:21:29+00:00,1716,28.27,44,3,3,1008.3,,,,
2026-07-25T10:31:29+00:00,1717,28.63,43.59,7,7,1008.1,,,,
2026-07-25T10:41:29+00:00,1718,28.93,43.64,2,2,1008,,,,
2026-07-25T10:51:29+00:00,1719,29.24,41.45,0,0,1007.9,,,,
2026-07-25T11:01:29+00:00,1720,29.65,40.25,3,3,1007.8,,,,
2026-07-25T11:11:29+00:00,1721,30.51,39.78,1,1,1007.7,,,,
2026-07-25T11:21:29+00:00,1722,29.17,40.37,3,3,1007.5,,,,
2026-07-25T11:31:29+00:00,1723,30.61,38.31,1,1,1007.5,,,,
2026-07-25T11:41:29+00:00,1724,30.13,38.54,2,2,1007.5,,,,
2026-07-25T11:51:29+00:00,1725,30.67,38.58,5,5,1007.1,,,,
2026-07-25T12:01:29+00:00,1726,31.5,36.66,7,7,1007,,,,
2026-07-25T12:11:29+00:00,1727,32.44,35.03,2,2,1006.9,,,,
2026-07-25T12:21:29+00:00,1728,32.69,33.34,6,6,1007,,,,
2026-07-25T12:31:29+00:00,1729,32.29,34.16,4,4,1006.9,,,,
2026-07-25T12:41:29+00:00,1730,32.37,35.03,2,2,1006.8,,,,
2026-07-25T12:51:29+00:00,1731,32.41,34.05,3,3,1006.7,,,,
2026-07-25T13:01:29+00:00,1732,32.48,32.48,5,5,1006.7,,,,
2026-07-25T13:11:29+00:00,1733,32.56,32.29,3,3,1006.5,,,,
2026-07-25T13:21:29+00:00,1734,33.08,32.35,0,0,1006.4,,,,
2026-07-25T13:31:29+00:00,1735,33.44,32.23,2,2,1006.3,,,,
2026-07-25T13:41:29+00:00,1736,34.07,31.22,5,5,1006.1,,,,
2026-07-25T13:51:29+00:00,1737,33.91,31.51,0,0,1006.2,,,,
2026-07-25T14:01:28+00:00,1738,33.68,32.21,5,5,1006.2,,,,
2026-07-25T14:11:28+00:00,1739,34.46,31.09,2,2,1006,,,,
2026-07-25T14:21:28+00:00,1740,33.76,31.33,4,4,1005.9,,,,
2026-07-25T14:31:28+00:00,1741,34.83,31.07,1,1,1005.7,,,,
2026-07-25T14:41:28+00:00,1742,33.91,32.19,6,6,1005.7,,,,
2026-07-25T14:51:28+00:00,1743,30.99,35.52,7,7,1005.6,,,,
2026-07-25T15:01:28+00:00,1744,32.52,34.93,1,1,1005.4,,,,
2026-07-25T15:11:28+00:00,1745,31.07,36.4,4,4,1005.2,,,,
2026-07-25T15:21:28+00:00,1746,32.6,34.83,2,2,1005.2,,,,
2026-07-25T15:31:28+00:00,1747,31.47,36.18,3,3,1005.1,,,,
2026-07-25T15:41:28+00:00,1748,29.61,39.17,6,6,1005,,,,
2026-07-25T15:51:28+00:00,1749,29.01,40.69,4,4,1004.9,,,,
2026-07-25T16:01:28+00:00,1750,28.8,41.59,4,4,1004.8,,,,
2026-07-25T16:11:28+00:00,1751,28.52,41.71,5,5,1004.6,,,,
2026-07-25T16:21:28+00:00,1752,28.18,42.44,2,2,1004.3,,,,
2026-07-25T16:31:28+00:00,1753,28.18,42.93,5,5,1004.3,,,,
2026-07-25T16:41:28+00:00,1754,28.24,43.41,1,1,1004.3,,,,
2026-07-25T16:51:28+00:00,1755,28.27,43.11,7,7,1004.2,,,,
2026-07-25T17:01:28+00:00,1756,27.9,43.15,3,3,1004.1,,,,
2026-07-25T17:11:28+00:00,1757,27.79,45.03,5,5,1004.3,,,,
2026-07-25T17:21:28+00:00,1758,27.67,45.74,9,9,1004.2,,,,
2026-07-25T17:31:28+00:00,1759,27.46,46.75,3,3,1004.1,,,,
2026-07-25T17:41:28+00:00,1760,27.25,47.54,7,7,1004.3,,,,
2026-07-25T17:51:28+00:00,1761,27.22,47.17,7,7,1004.3,,,,
2026-07-25T18:01:28+00:00,1762,26.92,47.89,6,6,1004.2,,,,
2026-07-25T18:11:28+00:00,1763,26.77,49.47,5,5,1004.2,,,,
2026-07-25T18:21:28+00:00,1764,26.51,51.07,9,9,1004.3,,,,
2026-07-25T18:31:28+00:00,1765,26.09,52.81,9,9,1004.5,,,,
2026-07-25T18:41:28+00:00,1766,25.89,53.63,9,9,1004.5,,,,
2026-07-25T18:51:28+00:00,1767,25.54,54.25,8,8,1004.5,,,,
2026-07-25T19:01:28+00:00,1768,25.29,54.8,6,6,1004.6,,,,
2026-07-25T19:11:28+00:00,1769,25.1,55,9,9,1004.5,,,,
2026-07-25T19:21:28+00:00,1770,24.84,55.12,2,2,1004.5,,,,
2026-07-25T19:31:28+00:00,1771,24.78,55.35,5,5,1004.7,,,,
2026-07-25T19:41:28+00:00,1772,24.64,55.74,5,5,1004.8,,,,
2026-07-25T19:51:28+00:00,1773,24.52,55.87,5,5,1005,,,,
2026-07-25T20:01:28+00:00,1774,24.42,54.78,7,7,1004.8,,,,
2026-07-25T20:11:28+00:00,1775,24.24,53.71,8,8,1004.9,,,,
2026-07-25T20:21:28+00:00,1776,23.95,52.74,5,5,1004.8,,,,
2026-07-25T20:31:28+00:00,1777,23.76,52.86,4,4,1005.1,,,,
2026-07-25T20:41:28+00:00,1778,23.36,54.61,2,2,1005.2,,,,
2026-07-25T20:51:28+00:00,1779,22.9,56.26,2,2,1005.3,,,,
2026-07-25T21:01:28+00:00,1780,22.54,57.28,0,0,1005.1,,,,
2026-07-25T21:11:28+00:00,1781,22.24,58.51,3,3,1005.3,,,,
2026-07-25T21:21:28+00:00,1782,21.99,59.53,1,1,1005.3,,,,
2026-07-25T21:31:28+00:00,1783,21.66,60.69,5,5,1005.3,,,,
2026-07-25T21:41:28+00:00,1784,21.44,63.53,2,2,1005.3,,,,
2026-07-25T21:51:28+00:00,1785,21.31,64.42,1,1,1005.3,,,,
2026-07-25T22:01:28+00:00,1786,21.28,64.83,3,3,1005.4,,,,
2026-07-25T22:11:28+00:00,1787,21.19,65.25,4,4,1005.5,,,,
2026-07-25T22:21:28+00:00,1788,20.81,65.99,3,3,1005.4,,,,
2026-07-25T22:31:28+00:00,1789,20.63,67.02,1,1,1005.5,,,,
2026-07-25T22:41:28+00:00,1790,20.47,67.85,4,4,1005.6,,,,
2026-07-25T22:51:28+00:00,1791,20.47,68.15,0,0,1005.7,,,,
2026-07-25T23:01:28+00:00,1792,20.59,67.92,3,3,1005.9,,,,
2026-07-25T23:11:28+00:00,1793,20.63,67.72,5,5,1005.9,,,,
2026-07-25T23:21:28+00:00,1794,20.61,68.12,5,5,1005.7,,,,
2026-07-25T23:31:28+00:00,1795,20.48,68.96,10,10,1005.7,,,,
2026-07-25T23:41:28+00:00,1796,20.52,69.76,4,4,1005.5,,,,
2026-07-25T23:51:28+00:00,1797,20.44,69.86,4,4,1005.6,,,,
2026-07-26T00:01:28+00:00,1798,20.35,70.96,3,3,1005.4,,,,
2026-07-26T00:11:28+00:00,1799,20.21,71.7,0,0,1005.4,,,,
2026-07-26T00:21:28+00:00,1800,20.06,72.33,2,2,1005.3,,,,
2026-07-26T00:31:28+00:00,1801,19.93,73.13,3,3,1005.3,,,,
2026-07-26T00:41:28+00:00,1802,19.63,74.18,0,0,1005.2,,,,
2026-07-26T00:51:28+00:00,1803,19.43,75.42,6,6,1005,,,,
2026-07-26T01:01:28+00:00,1804,19.29,76.25,3,3,1004.9,,,,
2026-07-26T01:11:28+00:00,1805,19.08,77,2,2,1004.9,,,,
2026-07-26T01:21:28+00:00,1806,19.07,77.2,3,3,1004.8,,,,
2026-07-26T01:31:28+00:00,1807,18.92,78.2,4,4,1004.9,,,,
2026-07-26T01:41:28+00:00,1808,18.88,78.54,5,5,1005,,,,
2026-07-26T01:51:28+00:00,1809,18.73,78.94,0,0,1005.1,,,,
2026-07-26T02:01:28+00:00,1810,18.67,79.88,0,0,1005.1,,,,
2026-07-26T02:11:28+00:00,1811,18.66,80.19,4,4,1005,,,,
2026-07-26T02:21:28+00:00,1812,18.58,80.69,3,3,1004.8,,,,
2026-07-26T02:31:28+00:00,1813,18.44,81.13,5,5,1004.4,,,,
2026-07-26T02:41:28+00:00,1814,18.44,81.53,4,4,1004.2,,,,
2026-07-26T02:51:28+00:00,1815,18.38,81.63,1,1,1004.2,,,,
2026-07-26T03:01:28+00:00,1816,18.41,81.93,2,2,1004.2,,,,
2026-07-26T03:11:28+00:00,1817,18.63,81.7,9,9,1004.3,,,,
2026-07-26T03:21:28+00:00,1818,18.7,81.56,5,5,1004.2,,,,
2026-07-26T03:31:28+00:00,1819,18.8,81.56,1,1,1004,,,,
2026-07-26T03:41:28+00:00,1820,18.87,81.46,2,2,1004,,,,
2026-07-26T03:51:28+00:00,1821,18.87,81.76,4,4,1003.9,,,,
2026-07-26T04:01:28+00:00,1822,18.91,81.96,0,0,1003.9,,,,
2026-07-26T04:11:28+00:00,1823,18.98,83.03,2,2,1003.7,,,,
2026-07-26T04:21:28+00:00,1824,18.72,84.57,4,4,1003.6,,,,
2026-07-26T04:31:28+00:00,1825,18.87,83.76,1,1,1003.5,,,,
2026-07-26T04:41:28+00:00,1826,19,83.33,1,1,1003.6,,,,
2026-07-26T04:51:28+00:00,1827,19.18,82.68,3,3,1003.6,,,,
2026-07-26T05:01:28+00:00,1828,19.23,82.38,0,0,1003.5,,,,
2026-07-26T05:11:28+00:00,1829,19.34,82.18,3,3,1003.4,,,,
2026-07-26T05:21:28+00:00,1830,19.43,81.84,2,2,1003.4,,,,
2026-07-26T05:31:28+00:00,1831,19.59,81.34,0,0,1003.4,,,,
2026-07-26T05:41:28+00:00,1832,19.54,81.74,1,1,1003.4,,,,
2026-07-26T05:51:28+00:00,1833,19.55,81.84,3,3,1003.6,,,,
2026-07-26T06:01:28+00:00,1834,19.65,81.7,1,1,1003.5,,,,
2026-07-26T06:11:28+00:00,1835,19.74,81.6,0,0,1003.2,,,,
2026-07-26T06:21:28+00:00,1836,19.78,81.8,3,3,1003.1,,,,
2026-07-26T06:31:28+00:00,1837,19.93,81.46,2,2,1003.1,,,,
2026-07-26T06:41:28+00:00,1838,19.98,81.76,0,0,1003.3,,,,
2026-07-26T06:51:28+00:00,1839,20.03,82.57,0,0,1003.2,,,,
2026-07-26T07:01:28+00:00,1840,20.02,83.27,1,1,1003.2,,,,
2026-07-26T07:11:28+00:00,1841,19.98,84.17,3,3,1003.2,,,,
2026-07-26T07:21:28+00:00,1842,20.43,83.09,1,1,1003.1,,,,
2026-07-26T07:31:28+00:00,1843,20.58,82.24,2,2,1003.2,,,,
2026-07-26T07:41:28+00:00,1844,20.97,81.21,2,2,1003,,,,
2026-07-26T07:51:28+00:00,1845,21.02,80.8,0,0,1003,,,,
2026-07-26T08:01:28+00:00,1846,21.13,80.67,1,1,1003,,,,
2026-07-26T08:11:28+00:00,1847,21.5,79.23,0,0,1002.9,,,,
2026-07-26T08:21:28+00:00,1848,23.02,74.68,1,1,1002.8,,,,
2026-07-26T08:31:28+00:00,1849,23.45,72.61,0,0,1002.6,,,,
2026-07-26T08:41:28+00:00,1850,24.47,69.29,2,2,1002.5,,,,
2026-07-26T08:51:28+00:00,1851,25.35,66.78,2,2,1002.4,,,,
2026-07-26T09:01:28+00:00,1852,25.2,66.51,0,0,1002.3,,,,
2026-07-26T09:11:28+00:00,1853,24.52,66.71,0,0,1002.4,,,,
2026-07-26T09:21:28+00:00,1854,22.83,72.02,0,0,1002.8,,,,
2026-07-26T09:31:28+00:00,1855,25.54,63.57,0,0,1002.8,,,,
2026-07-26T09:41:28+00:00,1856,26.45,58.92,0,0,1002.6,,,,
2026-07-26T09:51:28+00:00,1857,26.03,59.94,0,0,1002.8,,,,
2026-07-26T10:01:28+00:00,1858,26.6,58.3,3,3,1002.8,,,,
2026-07-26T10:11:28+00:00,1859,26.79,56.79,0,0,1002.9,,,,
2026-07-26T10:21:28+00:00,1860,25.8,57.5,2,2,1002.9,,,,
2026-07-26T10:31:27+00:00,1861,27.59,53.15,3,3,1002.8,,,,
2026-07-26T10:41:27+00:00,1862,27.6,52.76,0,0,1002.9,,,,
2026-07-26T10:51:28+00:00,1863,25.11,54.6,0,0,1002.9,,,,
2026-07-26T11:01:27+00:00,1864,26.06,50.53,0,0,1002.8,,,,
2026-07-26T11:11:28+00:00,1865,28.65,45.46,1,1,1002.7,,,,
2026-07-26T11:21:27+00:00,1866,27.93,47.6,4,4,1002.9,,,,
2026-07-26T11:31:27+00:00,1867,30.48,43.8,2,2,1002.9,,,,
2026-07-26T11:41:27+00:00,1868,27.24,48.03,0,0,1003.2,,,,
2026-07-26T11:51:27+00:00,1869,26.04,53.7,4,4,1003.1,,,,
2026-07-26T12:01:27+00:00,1870,25.95,52.73,3,3,1003.1,,,,
2026-07-26T12:11:27+00:00,1871,26.37,53.28,0,0,1003.1,,,,
2026-07-26T12:21:27+00:00,1872,28.48,49.3,0,0,1003.3,,,,
2026-07-26T12:31:27+00:00,1873,26.74,52.04,1,1,1003.4,,,,
2026-07-26T12:41:27+00:00,1874,28.63,46.74,0,0,1003.5,,,,
2026-07-26T12:51:27+00:00,1875,28.22,44.79,1,1,1003.7,,,,
2026-07-26T13:01:27+00:00,1876,29.57,42.32,1,1,1003.5,,,,
2026-07-26T13:11:27+00:00,1877,27.79,45.13,0,0,1003.4,,,,
2026-07-26T13:21:27+00:00,1878,27.37,45.67,0,0,1003.7,,,,
2026-07-26T13:31:27+00:00,1879,29.94,42.38,0,0,1003.7,,,,
2026-07-26T13:41:27+00:00,1880,29.89,41.41,2,2,1003.5,,,,
2026-07-26T13:51:27+00:00,1881,31.6,38.04,0,0,1003.5,,,,
2026-07-26T14:01:27+00:00,1882,32.44,37.08,2,2,1003.8,,,,
2026-07-26T14:11:27+00:00,1883,31.07,37.38,0,0,1003.9,,,,
2026-07-26T14:21:27+00:00,1884,28.15,42.54,4,4,1003.8,,,,
2026-07-26T14:31:27+00:00,1885,27.38,44.28,1,1,1003.9,,,,
2026-07-26T14:41:27+00:00,1886,28.52,43.48,0,0,1004.2,,,,
2026-07-26T14:51:27+00:00,1887,30.69,40.35,2,2,1004.1,,,,
2026-07-26T15:01:27+00:00,1888,28.93,42.26,3,3,1004.3,,,,
2026-07-26T15:11:27+00:00,1889,31.98,37.81,1,1,1004.5,,,,
2026-07-26T15:21:27+00:00,1890,26.37,46.05,1,1,1004.5,,,,
2026-07-26T15:31:27+00:00,1891,25.74,46.61,0,0,1004.2,,,,
2026-07-26T15:41:27+00:00,1892,25.88,45.9,2,2,1004.5,,,,
2026-07-26T15:51:27+00:00,1893,25.65,46.12,0,0,1004.6,,,,
2026-07-26T16:01:27+00:00,1894,25.45,46.73,2,2,1004.7,,,,
2026-07-26T16:11:27+00:00,1895,25.3,46.14,0,0,1004.8,,,,
2026-07-26T16:21:27+00:00,1896,25.61,44.13,1,1,1004.8,,,,
2026-07-26T16:31:27+00:00,1897,25.51,45.74,1,1,1005,,,,
2026-07-26T16:41:27+00:00,1898,25.3,46.44,1,1,1005.4,,,,
2026-07-26T16:51:27+00:00,1899,25.42,44.25,1,1,1005.5,,,,
2026-07-26T17:01:27+00:00,1900,25.11,45.37,0,0,1005.7,,,,
2026-07-26T17:11:27+00:00,1901,25.07,45.76,1,1,1005.7,,,,
2026-07-26T17:21:27+00:00,1902,24.69,47.5,0,0,1005.8,,,,
2026-07-26T17:31:27+00:00,1903,24.21,49.13,0,0,1005.9,,,,
2026-07-26T17:41:27+00:00,1904,24.12,48.74,0,0,1006.1,,,,
2026-07-26T17:51:27+00:00,1905,24.27,48.24,1,1,1006.1,,,,
2026-07-26T18:01:27+00:00,1906,24.27,48.54,0,0,1006.1,,,,
2026-07-26T18:11:27+00:00,1907,23.92,49.26,2,2,1006.4,,,,
2026-07-26T18:21:27+00:00,1908,23.94,49.55,0,0,1006.5,,,,
2026-07-26T18:31:27+00:00,1909,23.78,50.68,6,6,1006.7,,,,
2026-07-26T18:41:27+00:00,1910,23.72,50.38,2,2,1006.7,,,,
2026-07-26T18:51:27+00:00,1911,23.33,51.12,3,3,1007,,,,
2026-07-26T19:01:27+00:00,1912,22.97,52.14,1,1,1007.1,,,,
2026-07-26T19:11:27+00:00,1913,22.52,53.59,1,1,1007.2,,,,
2026-07-26T19:21:27+00:00,1914,22.27,54.11,3,3,1007.2,,,,
2026-07-26T19:31:27+00:00,1915,22.09,54.84,3,3,1007.5,,,,
2026-07-26T19:41:27+00:00,1916,22.11,54.34,3,3,1007.7,,,,
2026-07-26T19:51:27+00:00,1917,21.95,54.67,3,3,1007.9,,,,
2026-07-26T20:01:27+00:00,1918,21.68,54.79,1,1,1008.1,,,,
2026-07-26T20:11:27+00:00,1919,21.29,54.92,0,0,1008.5,,,,
2026-07-26T20:21:27+00:00,1920,21.09,55.35,5,5,1008.7,,,,
2026-07-26T20:31:27+00:00,1921,20.89,56.48,4,4,1008.8,,,,
2026-07-26T20:41:27+00:00,1922,20.74,56.9,3,3,1008.8,,,,
2026-07-26T20:51:27+00:00,1923,20.55,57.03,5,5,1009.2,,,,
2026-07-26T21:01:27+00:00,1924,20.33,56.93,1,1,1009.3,,,,
2026-07-26T21:11:27+00:00,1925,20.14,57.56,0,0,1009.5,,,,
2026-07-26T21:21:27+00:00,1926,19.92,58.49,0,0,1009.6,,,,
2026-07-26T21:31:27+00:00,1927,19.74,59.32,0,0,1009.6,,,,
2026-07-26T21:41:27+00:00,1928,19.63,60.02,2,2,1009.8,,,,
2026-07-26T21:51:27+00:00,1929,19.55,60.55,2,2,1009.8,,,,
2026-07-26T22:01:27+00:00,1930,19.43,61.05,0,0,1010.1,,,,
2026-07-26T22:11:27+00:00,1931,19.26,61.49,0,0,1010.2,,,,
2026-07-26T22:21:27+00:00,1932,19.16,62.12,0,0,1010.3,,,,
2026-07-26T22:31:27+00:00,1933,19.06,62.82,0,0,1010.4,,,,
2026-07-26T22:41:27+00:00,1934,18.9,63.96,0,0,1010.6,,,,
2026-07-26T22:51:27+00:00,1935,18.9,64.86,2,2,1010.8,,,,
2026-07-26T23:01:27+00:00,1936,18.67,65.39,0,0,1010.9,,,,
2026-07-26T23:11:27+00:00,1937,18.62,66.3,1,1,1010.7,,,,
2026-07-26T23:21:27+00:00,1938,18.52,66.8,1,1,1011,,,,
2026-07-26T23:31:27+00:00,1939,18.52,66.6,1,1,1011.1,,,,
2026-07-26T23:41:27+00:00,1940,18.67,66.71,0,0,1011.1,,,,
2026-07-26T23:51:27+00:00,1941,18.69,67.07,0,0,1011.1,,,,
2026-07-27T00:01:27+00:00,1942,18.62,67.31,1,1,1011.3,,,,
2026-07-27T00:11:27+00:00,1943,18.5,68.21,0,0,1011.3,,,,
2026-07-27T00:21:27+00:00,1944,18.38,68.95,0,0,1011.5,,,,
2026-07-27T00:31:27+00:00,1945,18.4,69.35,0,0,1011.5,,,,
2026-07-27T00:41:27+00:00,1946,18.4,69.56,0,0,1011.7,,,,
2026-07-27T00:51:27+00:00,1947,18.42,69.65,0,0,1011.7,,,,
2026-07-27T01:01:27+00:00,1948,18.4,69.76,0,0,1011.9,,,,
2026-07-27T01:11:27+00:00,1949,18.2,71,1,1,1012,,,,
2026-07-27T01:21:27+00:00,1950,17.96,71.73,0,0,1012.1,,,,
2026-07-27T01:31:27+00:00,1951,17.72,72.58,0,0,1012.3,,,,
2026-07-27T01:41:27+00:00,1952,17.54,73.18,0,0,1012.4,,,,
2026-07-27T01:51:27+00:00,1953,17.48,73.82,2,2,1012.6,,,,
2026-07-27T02:01:27+00:00,1954,17.21,74.36,0,0,1012.7,,,,
2026-07-27T02:11:27+00:00,1955,17.23,74.76,1,1,1012.8,,,,
2026-07-27T02:21:27+00:00,1956,17.36,74.73,0,0,1012.8,,,,
2026-07-27T02:31:27+00:00,1957,17.37,74.93,0,0,1013,,,,
2026-07-27T02:41:27+00:00,1958,17.31,75.54,0,0,1013,,,,
2026-07-27T02:51:27+00:00,1959,17.16,76.28,0,0,1013.2,,,,
2026-07-27T03:01:27+00:00,1960,16.97,77.22,0,0,1013.4,,,,
2026-07-27T03:11:27+00:00,1961,16.91,77.62,2,2,1013.4,,,,
2026-07-27T03:21:27+00:00,1962,16.86,77.42,0,0,1013.5,,,,
2026-07-27T03:31:27+00:00,1963,16.79,78.17,0,0,1013.6,,,,
2026-07-27T03:41:27+00:00,1964,16.74,78.57,0,0,1013.8,,,,
2026-07-27T03:51:27+00:00,1965,16.68,78.37,0,0,1013.8,,,,
2026-07-27T04:01:27+00:00,1966,16.63,78.57,2,2,1013.9,,,,
2026-07-27T04:11:27+00:00,1967,16.54,78.61,1,1,1014,,,,
2026-07-27T04:21:27+00:00,1968,16.63,78.17,0,0,1014.2,,,,
2026-07-27T04:31:27+00:00,1969,16.54,78.1,0,0,1014.2,,,,
2026-07-27T04:41:27+00:00,1970,16.61,77.7,1,1,1014.4,,,,
2026-07-27T04:51:27+00:00,1971,16.56,77.9,0,0,1014.5,,,,
2026-07-27T05:01:27+00:00,1972,16.36,78.64,0,0,1014.6,,,,
2026-07-27T05:11:27+00:00,1973,16.57,77.9,1,1,1014.7,,,,
2026-07-27T05:21:27+00:00,1974,16.68,77.46,0,0,1014.8,,,,
2026-07-27T05:31:27+00:00,1975,16.81,76.55,1,1,1014.9,,,,
2026-07-27T05:41:27+00:00,1976,17.62,74.39,0,0,1015,,,,
2026-07-27T05:51:27+00:00,1977,17.97,72.85,1,1,1015.1,,,,
2026-07-27T06:01:27+00:00,1978,18.54,70.43,1,1,1015.1,,,,
2026-07-27T06:11:27+00:00,1979,19.07,69.15,0,0,1015.3,,,,
2026-07-27T06:21:27+00:00,1980,19.18,68.21,0,0,1015.3,,,,
2026-07-27T06:31:27+00:00,1981,19.55,66.47,0,0,1015.4,,,,
2026-07-27T06:41:27+00:00,1982,19.21,66.91,1,1,1015.4,,,,
2026-07-27T06:51:27+00:00,1983,19.95,65.61,0,0,1015.6,,,,
2026-07-27T07:01:27+00:00,1984,20.43,63.54,1,1,1015.7,,,,
2026-07-27T07:11:27+00:00,1985,20.49,63.45,0,0,1015.7,,,,
2026-07-27T07:21:27+00:00,1986,20.31,63.17,0,0,1015.8,,,,
2026-07-27T07:31:27+00:00,1987,20.31,63.37,0,0,1016,,,,
2026-07-27T07:41:27+00:00,1988,21.37,60.92,0,0,1016.1,,,,
2026-07-27T07:51:27+00:00,1989,20.57,60.31,1,1,1016.1,,,,
2026-07-27T08:01:26+00:00,1990,21.55,58.99,0,0,1016.1,,,,
2026-07-27T08:11:27+00:00,1991,20.89,60.78,0,0,1016.3,,,,
2026-07-27T08:21:26+00:00,1992,22.14,56.04,3,3,1016.2,,,,
2026-07-27T08:31:26+00:00,1993,22.6,54.99,0,0,1016.3,,,,
2026-07-27T08:41:26+00:00,1994,22.21,54.14,0,0,1016.4,,,,
2026-07-27T08:51:26+00:00,1995,22.57,53.19,0,0,1016.6,,,,
2026-07-27T09:01:26+00:00,1996,21.9,54.97,0,0,1016.4,,,,
2026-07-27T09:11:26+00:00,1997,23.33,50.52,0,0,1016.5,,,,
2026-07-27T09:21:26+00:00,1998,24.18,48.64,0,0,1016.5,,,,
2026-07-27T09:31:26+00:00,1999,23.8,48.88,0,0,1016.5,,,,
2026-07-27T09:41:26+00:00,2000,24.13,48.44,0,0,1016.8,,,,
2026-07-27T09:51:26+00:00,2001,24.4,48.61,0,0,1016.9,,,,
2026-07-27T10:01:26+00:00,2002,25.33,47.73,0,0,1016.9,,,,
2026-07-27T10:11:26+00:00,2003,25.25,47.55,0,0,1017,,,,
2026-07-27T10:21:26+00:00,2004,23.94,50.35,0,0,1017.1,,,,
2026-07-27T10:31:26+00:00,2005,24.87,48.66,0,0,1017.3,,,,
2026-07-27T10:41:26+00:00,2006,25.74,46.51,0,0,1017.3,,,,
2026-07-27T10:51:26+00:00,2007,25.39,46.83,1,1,1017.3,,,,
2026-07-27T11:01:26+00:00,2008,24.47,48.52,0,0,1017.4,,,,
2026-07-27T11:11:26+00:00,2009,24.99,47.38,0,0,1017.4,,,,
2026-07-27T11:21:26+00:00,2010,27.33,44.09,0,0,1017.2,,,,
2026-07-27T11:31:26+00:00,2011,27.97,42.44,0,0,1017,,,,
2026-07-27T11:41:26+00:00,2012,27.97,41.65,0,0,1017,,,,
2026-07-27T11:51:26+00:00,2013,27.9,41.67,4,4,1017,,,,
2026-07-27T12:01:26+00:00,2014,28.18,41.55,0,0,1016.9,,,,
2026-07-27T12:11:26+00:00,2015,27.93,42.07,0,0,1017.1,,,,
2026-07-27T12:21:26+00:00,2016,26.72,43.75,0,0,1017,,,,
2026-07-27T12:31:26+00:00,2017,29.52,39.76,0,0,1017,,,,
2026-07-27T12:41:26+00:00,2018,28.22,42.22,0,0,1017,,,,
2026-07-27T12:51:26+00:00,2019,30.1,38.54,1,1,1017.1,,,,
2026-07-27T13:01:26+00:00,2020,30.21,38.13,0,0,1017.1,,,,
2026-07-27T13:11:26+00:00,2021,28.87,39.72,0,0,1017.2,,,,
2026-07-27T13:21:26+00:00,2022,31.62,36.66,0,0,1017.1,,,,
2026-07-27T13:31:26+00:00,2023,31.77,35.47,0,0,1017,,,,
2026-07-27T13:41:26+00:00,2024,30.94,36.3,1,1,1016.9,,,,
2026-07-27T13:51:26+00:00,2025,31.9,35.65,0,0,1017,,,,
2026-07-27T14:01:26+00:00,2026,32.67,34.42,0,0,1017,,,,
2026-07-27T14:21:26+00:00,2027,32.32,35.14,0,0,1016.8,,,,
2026-07-27T14:31:26+00:00,2028,31.35,35.41,0,0,1016.8,,,,
2026-07-27T14:41:26+00:00,2029,33,33.92,0,0,1016.7,,,,
2026-07-27T14:51:26+00:00,2030,31.22,35.99,1,1,1016.7,,,,
2026-07-27T15:01:26+00:00,2031,33.2,33.9,0,0,1016.7,,,,
2026-07-27T15:11:26+00:00,2032,32.69,34.42,0,0,1016.7,,,,
2026-07-27T15:21:26+00:00,2033,32.48,34.34,0,0,1016.6,,,,
2026-07-27T15:31:26+00:00,2034,31.72,35.96,2,2,1016.4,,,,
2026-07-27T15:41:26+00:00,2035,27.26,42.11,0,0,1016.5,,,,
2026-07-27T15:51:26+00:00,2036,26.48,43.77,1,1,1016.3,,,,
2026-07-27T16:01:26+00:00,2037,26.27,44.27,3,3,1016.4,,,,
2026-07-27T16:11:26+00:00,2038,26.27,44.27,1,1,1016.5,,,,
2026-07-27T16:21:26+00:00,2039,26.15,45.48,2,2,1016.5,,,,
2026-07-27T16:31:26+00:00,2040,26.1,45.38,1,1,1016.5,,,,
2026-07-27T16:41:26+00:00,2041,26.02,45.68,1,1,1016.5,,,,
2026-07-27T16:51:26+00:00,2042,25.99,46,4,4,1016.6,,,,
2026-07-27T17:01:26+00:00,2043,25.94,46.3,2,2,1016.5,,,,
2026-07-27T17:11:26+00:00,2044,25.95,46.49,4,4,1016.4,,,,
2026-07-27T17:21:26+00:00,2045,25.84,46.69,2,2,1016.3,,,,
2026-07-27T17:31:26+00:00,2046,25.94,47.28,5,5,1016.4,,,,
2026-07-27T17:41:26+00:00,2047,25.92,47.49,1,1,1016.4,,,,
2026-07-27T17:51:26+00:00,2048,25.84,47.88,6,6,1016.4,,,,
2026-07-27T18:01:26+00:00,2049,25.8,48.38,2,2,1016.6,,,,
2026-07-27T18:11:26+00:00,2050,25.72,48.5,1,1,1016.4,,,,
2026-07-27T18:21:26+00:00,2051,25.84,48.38,3,3,1016.7,,,,
2026-07-27T18:31:26+00:00,2052,25.76,48.6,1,1,1016.6,,,,
2026-07-27T18:41:26+00:00,2053,25.65,49.29,2,2,1016.7,,,,
2026-07-27T18:51:26+00:00,2054,25.4,50.21,2,2,1016.6,,,,
2026-07-27T19:01:26+00:00,2055,25.22,50.73,0,0,1016.6,,,,
2026-07-27T19:11:26+00:00,2056,25.12,51.12,1,1,1016.9,,,,
2026-07-27T19:21:26+00:00,2057,25.05,51.75,2,2,1016.9,,,,
2026-07-27T19:31:26+00:00,2058,24.84,52.34,0,0,1016.8,,,,
2026-07-27T19:41:26+00:00,2059,24.58,53.06,1,1,1017,,,,
2026-07-27T19:51:26+00:00,2060,24.44,53.49,1,1,1017.1,,,,
2026-07-27T20:01:26+00:00,2061,24.27,53.81,2,2,1017.1,,,,
2026-07-27T20:21:26+00:00,2062,24.12,54.9,3,3,1017.4,,,,
2026-07-27T20:31:26+00:00,2063,24.12,55.9,1,1,1017.3,,,,
2026-07-27T20:41:26+00:00,2064,24.03,56.82,1,1,1017.5,,,,
2026-07-27T20:51:26+00:00,2065,23.75,57.94,1,1,1017.7,,,,
2026-07-27T21:01:26+00:00,2066,23.6,58.57,0,0,1017.8,,,,
2026-07-27T21:11:26+00:00,2067,23.53,58.97,0,0,1017.8,,,,
2026-07-27T21:21:26+00:00,2068,23.43,60.56,0,0,1017.9,,,,
2026-07-27T21:31:26+00:00,2069,23.29,61.99,0,0,1018.1,,,,
2026-07-27T21:41:26+00:00,2070,23.12,62.81,2,2,1018.1,,,,
2026-07-27T21:51:26+00:00,2071,22.9,64.24,1,1,1018.1,,,,
2026-07-27T22:01:26+00:00,2072,22.65,65.47,1,1,1018.3,,,,
2026-07-27T22:11:26+00:00,2073,22.51,66.06,3,3,1018.4,,,,
2026-07-27T22:21:26+00:00,2074,22.39,67.19,3,3,1018.5,,,,
2026-07-27T22:31:26+00:00,2075,22.22,68.1,2,2,1018.5,,,,
2026-07-27T22:41:26+00:00,2076,21.96,69.26,2,2,1018.6,,,,
2026-07-27T22:51:26+00:00,2077,21.79,69.96,1,1,1018.7,,,,
2026-07-27T23:01:26+00:00,2078,21.58,70.69,4,4,1018.9,,,,
2026-07-27T23:11:26+00:00,2079,21.4,71.62,1,1,1018.9,,,,
2026-07-27T23:21:26+00:00,2080,21.32,72.33,4,4,1019,,,,
2026-07-27T23:31:26+00:00,2081,21.24,73.06,8,8,1019.1,,,,
2026-07-27T23:41:26+00:00,2082,21.12,73.86,3,3,1019.1,,,,
2026-07-27T23:51:26+00:00,2083,20.94,74.7,1,1,1019.1,,,,
2026-07-28T00:01:26+00:00,2084,20.74,75.54,3,3,1019.2,,,,
2026-07-28T00:11:26+00:00,2085,20.69,76.24,2,2,1019.1,,,,
2026-07-28T00:21:26+00:00,2086,20.55,76.78,4,4,1019.3,,,,
2026-07-28T00:31:26+00:00,2087,20.43,77.58,3,3,1019.2,,,,
2026-07-28T00:41:26+00:00,2088,20.31,78.92,2,2,1019.2,,,,
2026-07-28T00:51:26+00:00,2089,20.25,79.12,0,0,1019.1,,,,
2026-07-28T01:01:26+00:00,2090,20.13,79.92,0,0,1019.1,,,,
2026-07-28T01:11:26+00:00,2091,19.92,80.96,1,1,1019,,,,
2026-07-28T01:21:26+00:00,2092,19.8,82,0,0,1019.1,,,,
2026-07-28T01:31:26+00:00,2093,19.73,82.31,5,5,1019.1,,,,
2026-07-28T01:41:26+00:00,2094,19.7,83.11,0,0,1019.1,,,,
2026-07-28T01:51:26+00:00,2095,19.63,84.01,1,1,1019,,,,
2026-07-28T02:01:26+00:00,2096,19.51,84.75,0,0,1019,,,,
2026-07-28T02:11:26+00:00,2097,19.31,85.19,1,1,1018.9,,,,
2026-07-28T02:21:26+00:00,2098,19.19,85.5,2,2,1018.9,,,,
2026-07-28T02:31:26+00:00,2099,19.14,86.24,2,2,1019,,,,
2026-07-28T02:41:26+00:00,2100,19.11,86.65,1,1,1018.9,,,,
2026-07-28T02:51:26+00:00,2101,19.1,86.65,1,1,1018.9,,,,
2026-07-28T03:01:26+00:00,2102,18.98,87.24,1,1,1018.8,,,,
2026-07-28T03:11:26+00:00,2103,18.8,87.79,1,1,1018.8,,,,
2026-07-28T03:21:26+00:00,2104,18.81,88.09,5,5,1018.8,,,,
2026-07-28T03:31:26+00:00,2105,18.67,88.74,1,1,1018.7,,,,
2026-07-28T03:41:26+00:00,2106,18.69,88.9,0,0,1018.5,,,,
2026-07-28T03:51:26+00:00,2107,18.7,89,1,1,1018.6,,,,
2026-07-28T04:01:26+00:00,2108,18.59,89.54,1,1,1018.5,,,,
2026-07-28T04:11:26+00:00,2109,18.59,89.84,1,1,1018.5,,,,
2026-07-28T04:21:26+00:00,2110,18.47,90.25,1,1,1018.4,,,,
2026-07-28T04:31:26+00:00,2111,18.58,89.64,4,4,1018.3,,,,
2026-07-28T04:41:25+00:00,2112,18.84,88.7,3,3,1018.3,,,,
2026-07-28T04:51:25+00:00,2113,18.92,88.35,4,4,1018.3,,,,
2026-07-28T05:01:25+00:00,2114,19.34,87.01,2,2,1018.4,,,,
2026-07-28T05:11:26+00:00,2115,19.33,86.9,1,1,1018.5,,,,
2026-07-28T05:21:25+00:00,2116,19.16,87.24,2,2,1018.5,,,,
2026-07-28T05:31:25+00:00,2117,19.02,87.65,1,1,1018.6,,,,
2026-07-28T05:41:25+00:00,2118,19.19,87.21,0,0,1018.7,,,,
2026-07-28T05:51:25+00:00,2119,19.26,87.01,2,2,1018.7,,,,
2026-07-28T06:01:25+00:00,2120,19.91,85.17,2,2,1018.8,,,,
2026-07-28T06:11:25+00:00,2121,20.49,82.89,4,4,1018.9,,,,
2026-07-28T06:21:25+00:00,2122,20.77,81.85,0,0,1018.9,,,,
2026-07-28T06:31:25+00:00,2123,21.12,81.17,1,1,1018.9,,,,
2026-07-28T06:41:25+00:00,2124,20.67,82.24,1,1,1018.9,,,,
2026-07-28T06:51:25+00:00,2125,20.88,82.11,4,4,1019,,,,
2026-07-28T07:01:25+00:00,2126,20.82,82.41,0,0,1019.1,,,,
2026-07-28T07:11:25+00:00,2127,21.12,81.27,0,0,1019.2,,,,
2026-07-28T07:21:25+00:00,2128,22.36,77.08,0,0,1019.1,,,,
2026-07-28T07:31:25+00:00,2129,23.25,73.94,1,1,1019.1,,,,
2026-07-28T07:41:25+00:00,2130,23.73,71.88,4,4,1019.1,,,,
2026-07-28T07:51:25+00:00,2131,23.47,72.41,1,1,1019.2,,,,
2026-07-28T08:01:25+00:00,2132,23.68,71.88,0,0,1019.3,,,,
2026-07-28T08:11:25+00:00,2133,23.75,71.28,2,2,1019.2,,,,
2026-07-28T08:21:25+00:00,2134,22.85,74.32,2,2,1019.2,,,,
2026-07-28T08:31:25+00:00,2135,22.94,73.78,3,3,1019.2,,,,
2026-07-28T08:41:25+00:00,2136,23.88,71.05,0,0,1019.1,,,,
2026-07-28T09:01:25+00:00,2137,24.67,68.86,5,5,1019,,,,
2026-07-28T09:11:25+00:00,2138,25.96,64.93,6,6,1019,,,,
2026-07-28T09:21:25+00:00,2139,25.47,65.89,6,6,1019,,,,
2026-07-28T09:31:25+00:00,2140,25.65,65.56,3,3,1018.9,,,,
2026-07-28T09:41:25+00:00,2141,26.3,63.88,4,4,1018.9,,,,
2026-07-28T09:51:25+00:00,2142,26.47,62.49,2,2,1018.9,,,,
2026-07-28T10:01:25+00:00,2143,27.41,61.18,1,1,1018.9,,,,
2026-07-28T10:11:25+00:00,2144,29.15,56.25,2,2,1018.9,,,,
2026-07-28T10:21:25+00:00,2145,27.4,59.7,0,0,1018.9,,,,
2026-07-28T10:31:25+00:00,2146,28.27,57.51,1,1,1018.7,,,,
2026-07-28T10:41:25+00:00,2147,29.76,54.99,2,2,1018.7,,,,
2026-07-28T10:51:25+00:00,2148,27.36,59.5,5,5,1018.6,,,,
2026-07-28T11:01:25+00:00,2149,29.58,55.01,0,0,1018.6,,,,
2026-07-28T11:11:25+00:00,2150,28.52,56.6,1,1,1018.4,,,,
2026-07-28T11:31:25+00:00,2151,29.95,53.68,3,3,1018.2,,,,
2026-07-28T11:41:25+00:00,2152,29.25,55.24,2,2,1018.1,,,,
2026-07-28T11:51:25+00:00,2153,31.06,51.03,8,8,1018.1,,,,
2026-07-28T12:01:25+00:00,2154,32.98,46.72,4,4,1018,,,,
2026-07-28T12:11:25+00:00,2155,31.65,48.7,4,9,1017.8,,,,
2026-07-28T12:21:25+00:00,2156,32.85,46.65,5,5,1017.9,,,,
2026-07-28T12:31:25+00:00,2157,31.45,49.11,2,2,1017.8,,,,
2026-07-28T12:51:25+00:00,2158,32.81,44.98,1,1,1017.7,,,,
2026-07-28T13:01:25+00:00,2159,32.83,44.49,1,1,1017.6,,,,
2026-07-28T13:11:25+00:00,2160,33.87,43.12,0,0,1017.6,,,,
2026-07-28T13:21:25+00:00,2161,34.29,42.9,2,2,1017.4,,,,
2026-07-28T13:31:25+00:00,2162,32.49,46.18,3,3,1017.5,,,,
2026-07-28T13:41:25+00:00,2163,34.62,42.76,0,0,1017.4,,,,
2026-07-28T13:51:25+00:00,2164,34.07,43.32,2,2,1017.3,,,,
2026-07-28T14:01:25+00:00,2165,31.97,46.72,1,1,1017.1,,,,
2026-07-28T14:11:25+00:00,2166,32.23,46.69,1,1,1017.1,,,,
2026-07-28T14:21:25+00:00,2167,32.72,45.67,0,0,1016.9,,,,
2026-07-28T14:31:25+00:00,2168,31.72,46.94,2,2,1016.9,,,,
2026-07-28T14:41:25+00:00,2169,31.95,47.01,1,1,1016.7,,,,
2026-07-28T14:51:25+00:00,2170,32.97,45.16,0,0,1016.6,,,,
2026-07-28T15:01:25+00:00,2171,31.95,46.62,3,3,1016.7,,,,
2026-07-28T15:11:25+00:00,2172,30.96,48.47,6,6,1016.5,,,,
2026-07-28T15:21:25+00:00,2173,30.42,49.99,7,7,1016.3,,,,
2026-07-28T15:31:25+00:00,2174,30.69,49.58,3,3,1016.3,,,,
2026-07-28T15:41:25+00:00,2175,30.05,50.44,4,4,1016.2,,,,
2026-07-28T15:51:25+00:00,2176,29.79,50.76,6,6,1016.1,,,,
2026-07-28T16:01:25+00:00,2177,29.75,50.56,2,2,1016,,,,
2026-07-28T16:11:25+00:00,2178,29.25,51.69,3,3,1015.9,,,,
2026-07-28T16:21:25+00:00,2179,28.92,53.39,2,2,1016,,,,
2026-07-28T16:31:25+00:00,2180,28.98,53.3,16,16,1015.8,,,,
2026-07-28T16:41:25+00:00,2181,29.01,52.31,10,10,1015.8,,,,
2026-07-28T16:51:25+00:00,2182,28.8,53.13,4,4,1015.7,,,,
2026-07-28T17:01:25+00:00,2183,28.75,53.22,5,5,1015.6,,,,
2026-07-28T17:11:25+00:00,2184,28.16,55.47,6,6,1015.5,,,,
2026-07-28T17:21:25+00:00,2185,27.99,55.96,6,6,1015.5,,,,
2026-07-28T17:31:25+00:00,2186,27.97,56.36,8,8,1015.5,,,,
2026-07-28T17:41:25+00:00,2187,27.87,56.29,7,7,1015.4,,,,
2026-07-28T17:51:25+00:00,2188,27.77,57.18,9,9,1015.4,,,,
2026-07-28T18:01:25+00:00,2189,27.77,57.28,2,2,1015.3,,,,
2026-07-28T18:11:25+00:00,2190,27.64,57.3,5,5,1015.4,,,,
2026-07-28T18:21:25+00:00,2191,27.55,58.19,4,4,1015.3,,,,
2026-07-28T18:31:25+00:00,2192,27.53,58.49,8,8,1015.2,,,,
2026-07-28T18:41:25+00:00,2193,27.38,59.01,7,7,1015.2,,,,
2026-07-28T18:51:25+00:00,2194,27.19,59.44,5,5,1015.3,,,,
2026-07-28T19:01:25+00:00,2195,27.09,60.03,5,5,1015.3,,,,
2026-07-28T19:11:25+00:00,2196,26.85,60.45,5,5,1015.5,,,,
2026-07-28T19:21:25+00:00,2197,26.77,60.65,4,4,1015.4,,,,
2026-07-28T19:31:25+00:00,2198,26.57,61.67,9,9,1015.5,,,,
2026-07-28T19:41:25+00:00,2199,26.41,63.48,2,2,1015.6,,,,
2026-07-28T19:51:25+00:00,2200,26.15,64.6,6,6,1015.8,,,,
2026-07-28T20:01:25+00:00,2201,25.92,65.23,2,2,1015.8,,,,
2026-07-28T20:11:25+00:00,2202,25.69,66.05,1,1,1015.8,,,,
2026-07-28T20:21:25+00:00,2203,25.29,66.81,3,3,1016,,,,
2026-07-28T20:31:25+00:00,2204,24.98,67.74,8,8,1016.1,,,,
2026-07-28T20:41:25+00:00,2205,24.74,68.16,2,2,1016.2,,,,
2026-07-28T20:51:25+00:00,2206,24.5,68.9,5,5,1016.2,,,,
2026-07-28T21:01:25+00:00,2207,24.27,69.32,5,5,1016.2,,,,
2026-07-28T21:11:25+00:00,2208,24.07,69.85,2,2,1016.2,,,,
2026-07-28T21:21:25+00:00,2209,23.95,69.66,0,0,1016.2,,,,
2026-07-28T21:31:25+00:00,2210,23.81,69.49,1,1,1016.3,,,,
2026-07-28T21:41:25+00:00,2211,23.68,69.89,0,0,1016.3,,,,
2026-07-28T21:51:25+00:00,2212,23.55,69.82,2,2,1016.2,,,,
2026-07-28T22:01:25+00:00,2213,23.39,69.82,3,3,1016.1,,,,
2026-07-28T22:11:25+00:00,2214,23.27,69.56,2,2,1016.1,,,,
2026-07-28T22:21:25+00:00,2215,23.07,70.09,6,6,1016.2,,,,
2026-07-28T22:31:25+00:00,2216,23.02,70.29,2,2,1016,,,,
2026-07-28T22:41:25+00:00,2217,22.85,70.92,2,2,1016,,,,
2026-07-28T22:51:25+00:00,2218,22.85,70.92,3,3,1016,,,,
2026-07-28T23:01:25+00:00,2219,22.77,70.83,5,5,1016,,,,
2026-07-28T23:11:25+00:00,2220,22.62,70.76,10,10,1016,,,,
2026-07-28T23:21:25+00:00,2221,22.6,70.95,1,1,1016,,,,
2026-07-28T23:31:25+00:00,2222,22.43,70.79,0,0,1015.8,,,,
2026-07-28T23:41:25+00:00,2223,22.36,71.09,0,0,1015.8,,,,
2026-07-28T23:51:25+00:00,2224,22.24,70.79,0,0,1015.7,,,,
2026-07-29T00:01:25+00:00,2225,22.12,70.92,4,4,1015.6,,,,
2026-07-29T00:11:25+00:00,2226,21.99,71.52,3,3,1015.5,,,,
2026-07-29T00:21:25+00:00,2227,21.73,71.89,4,4,1015.4,,,,
2026-07-29T00:31:25+00:00,2228,21.69,72.09,7,7,1015.4,,,,
2026-07-29T00:41:25+00:00,2229,21.59,72.39,1,1,1015.4,,,,
2026-07-29T00:51:25+00:00,2230,21.42,73.33,3,3,1015.4,,,,
2026-07-29T01:01:24+00:00,2231,21.28,74.33,4,4,1015.3,,,,
2026-07-29T01:11:24+00:00,2232,21.31,73.53,2,2,1015.2,,,,
2026-07-29T01:21:24+00:00,2233,21.24,73.26,4,4,1015.2,,,,
2026-07-29T01:31:24+00:00,2234,21.12,73.96,2,2,1015.1,,,,
2026-07-29T01:41:24+00:00,2235,21,73.8,5,5,1014.9,,,,
2026-07-29T01:51:24+00:00,2236,20.98,73.6,1,1,1014.9,,,,
2026-07-29T02:01:24+00:00,2237,21.03,73.6,1,1,1015,,,,
2026-07-29T02:11:24+00:00,2238,21.03,74.8,3,3,1015.1,,,,
2026-07-29T02:21:24+00:00,2239,20.82,75.6,1,1,1015,,,,
2026-07-29T02:31:24+00:00,2240,20.64,76.24,0,0,1014.9,,,,
2026-07-29T02:41:24+00:00,2241,20.29,78.31,6,6,1014.8,,,,
2026-07-29T02:51:24+00:00,2242,19.95,79.75,3,3,1014.8,,,,
2026-07-29T03:01:24+00:00,2243,20.18,78.31,0,0,1014.8,,,,
2026-07-29T03:11:24+00:00,2244,20.33,77.08,2,2,1014.8,,,,
2026-07-29T03:21:24+00:00,2245,20.21,77.11,3,3,1014.7,,,,
2026-07-29T03:31:24+00:00,2246,20.07,79.55,0,0,1014.7,,,,
2026-07-29T03:41:24+00:00,2247,19.89,79.66,1,1,1014.7,,,,
2026-07-29T03:51:24+00:00,2248,19.63,80.9,8,8,1014.7,,,,
2026-07-29T04:01:24+00:00,2249,19.37,81.78,4,4,1014.6,,,,
2026-07-29T04:11:24+00:00,2250,19.4,82.58,1,1,1014.7,,,,
2026-07-29T04:21:24+00:00,2251,19.38,81.68,1,1,1014.5,,,,
2026-07-29T04:31:24+00:00,2252,19.37,81.18,1,1,1014.5,,,,
2026-07-29T04:41:24+00:00,2253,19.43,81.24,2,2,1014.4,,,,
2026-07-29T04:51:24+00:00,2254,19.56,80.94,2,2,1014.4,,,,
2026-07-29T05:11:24+00:00,2255,19.86,80.16,1,1,1014.2,,,,
2026-07-29T05:21:24+00:00,2256,19.98,80.36,5,5,1014.3,,,,
2026-07-29T05:31:24+00:00,2257,20.07,80.66,2,2,1014.3,,,,
2026-07-29T05:41:24+00:00,2258,20.59,78.84,3,3,1014.3,,,,
2026-07-29T05:51:24+00:00,2259,21.27,75.96,5,5,1014.3,,,,
2026-07-29T06:01:24+00:00,2260,21.9,74.05,5,5,1014.3,,,,
2026-07-29T06:11:24+00:00,2261,22.35,71.99,3,3,1014.3,,,,
2026-07-29T06:21:24+00:00,2262,22.95,70.79,1,1,1014.2,,,,
2026-07-29T06:31:24+00:00,2263,23.6,68.03,3,3,1014.2,,,,
2026-07-29T06:41:24+00:00,2264,24.24,66.54,5,5,1014.2,,,,
2026-07-29T06:51:24+00:00,2265,24.29,65.55,3,3,1014.3,,,,
2026-07-29T07:01:24+00:00,2266,25.1,63.83,5,5,1014.1,,,,
2026-07-29T07:11:24+00:00,2267,25.06,61.85,1,1,1014.3,,,,
2026-07-29T07:21:24+00:00,2268,25.69,60.7,1,1,1014.1,,,,
2026-07-29T07:31:24+00:00,2269,25.55,60.89,4,4,1014.1,,,,
2026-07-29T07:41:24+00:00,2270,26.29,58.73,2,2,1013.9,,,,
2026-07-29T07:51:24+00:00,2271,26.62,57.21,1,1,1013.9,,,,
2026-07-29T08:01:24+00:00,2272,27.11,56.27,0,0,1013.9,,,,
2026-07-29T08:11:24+00:00,2273,27.31,54.96,1,1,1013.9,,,,
2026-07-29T08:21:24+00:00,2274,27.91,53.42,1,1,1013.8,,,,
2026-07-29T08:31:24+00:00,2275,28.4,52.48,3,3,1013.8,,,,
2026-07-29T08:41:24+00:00,2276,28.65,52.66,0,0,1013.7,,,,
2026-07-29T08:51:24+00:00,2277,29.15,50.44,3,3,1013.7,,,,
2026-07-29T09:01:24+00:00,2278,29.86,48.69,1,1,1013.7,,,,
2026-07-29T09:11:24+00:00,2279,29.92,47.69,0,0,1013.5,,,,
2026-07-29T09:21:24+00:00,2280,30.24,48.45,2,2,1013.4,,,,
2026-07-29T09:31:24+00:00,2281,31.5,46.47,0,0,1013.3,,,,
2026-07-29T09:41:24+00:00,2282,31.69,45.47,0,0,1013.1,,,,
2026-07-29T09:51:24+00:00,2283,32.49,44.23,2,2,1013.1,,,,
2026-07-29T10:01:24+00:00,2284,33.22,43.18,4,4,1013.1,,,,
2026-07-29T10:11:24+00:00,2285,32.79,43.91,0,0,1013,,,,
2026-07-29T10:21:24+00:00,2286,33.04,43.3,0,0,1012.9,,,,
2026-07-29T10:31:24+00:00,2287,33.82,41.97,2,2,1012.9,,,,
2026-07-29T10:41:24+00:00,2288,34.07,42.73,0,0,1012.7,,,,
2026-07-29T10:51:24+00:00,2289,35.04,40.89,3,3,1012.6,,,,
2026-07-29T11:01:24+00:00,2290,35.56,39.2,6,6,1012.5,,,,
2026-07-29T11:11:24+00:00,2291,36.44,38.93,2,2,1012.3,,,,
2026-07-29T11:21:24+00:00,2292,36.2,37.49,1,1,1012.1,,,,
2026-07-29T11:31:24+00:00,2293,36.14,37.1,3,3,1012,,,,
2026-07-29T11:41:24+00:00,2294,36.67,36.48,1,1,1011.9,,,,
2026-07-29T11:51:24+00:00,2295,36.14,36.91,1,1,1011.8,,,,
2026-07-29T12:01:24+00:00,2296,36.47,36.5,1,1,1011.7,,,,
2026-07-29T12:11:24+00:00,2297,36.66,35.03,2,2,1011.6,,,,
2026-07-29T12:21:24+00:00,2298,36.43,34.75,2,2,1011.4,,,,
2026-07-29T12:31:24+00:00,2299,36.53,34.66,4,4,1011.3,,,,
2026-07-29T12:41:24+00:00,2300,37.07,33.26,4,4,1011.3,,,,
2026-07-29T12:51:24+00:00,2301,37.29,33.73,2,2,1011.1,,,,
2026-07-29T13:01:24+00:00,2302,37.79,31.09,6,6,1011,,,,
2026-07-29T13:11:24+00:00,2303,37.44,31.1,5,5,1011,,,,
2026-07-29T13:21:24+00:00,2304,38.21,29.9,3,3,1010.8,,,,
2026-07-29T13:31:24+00:00,2305,37.43,31.1,3,3,1010.9,,,,
2026-07-29T13:41:24+00:00,2306,38.06,31.36,2,2,1010.7,,,,
2026-07-29T13:51:24+00:00,2307,38.48,29.78,1,1,1010.7,,,,
2026-07-29T14:01:24+00:00,2308,38.02,31.16,4,4,1010.8,,,,
2026-07-29T14:11:24+00:00,2309,37.85,30.31,4,4,1010.8,,,,
2026-07-29T14:21:24+00:00,2310,38.29,30.38,1,1,1010.8,,,,
2026-07-29T14:31:24+00:00,2311,37.88,30.41,2,2,1010.7,,,,
2026-07-29T14:41:24+00:00,2312,38.32,29.8,4,4,1010.6,,,,
2026-07-29T14:51:24+00:00,2313,37.85,29.92,6,6,1010.8,,,,
2026-07-29T15:01:24+00:00,2314,38.43,29.97,5,5,1010.6,,,,
2026-07-29T15:11:24+00:00,2315,37.28,29.76,7,7,1010.7,,,,
2026-07-29T15:21:24+00:00,2316,37.1,30.94,5,5,1010.7,,,,
2026-07-29T15:31:24+00:00,2317,34.75,32.53,0,0,1010.4,,,,
2026-07-29T15:41:24+00:00,2318,33.16,34.09,5,5,1010.4,,,,
2026-07-29T15:51:24+00:00,2319,32.71,33.64,2,2,1010.4,,,,
2026-07-29T16:01:24+00:00,2320,32.25,33.97,5,5,1010.3,,,,
2026-07-29T16:11:24+00:00,2321,31.9,36.24,0,0,1010.2,,,,
2026-07-29T16:21:24+00:00,2322,31.9,35.94,1,1,1010,,,,
2026-07-29T16:31:24+00:00,2323,31.58,37.84,5,5,1010,,,,
2026-07-29T16:41:24+00:00,2324,31.77,38.9,4,4,1010,,,,
2026-07-29T16:51:24+00:00,2325,31.59,39.31,5,5,1010,,,,
2026-07-29T17:01:24+00:00,2326,31.54,40.78,6,6,1010,,,,
2026-07-29T17:11:24+00:00,2327,31.43,37.35,2,2,1009.9,,,,
2026-07-29T17:21:24+00:00,2328,31.44,36.47,4,4,1010,,,,
2026-07-29T17:31:24+00:00,2329,31.21,38.45,7,7,1009.9,,,,
2026-07-29T17:41:24+00:00,2330,31.01,40.23,2,2,1010.1,,,,
2026-07-29T17:51:24+00:00,2331,30.89,41.11,4,4,1010,,,,
2026-07-29T18:01:24+00:00,2332,30.7,39.56,2,2,1010.1,,,,
2026-07-29T18:11:24+00:00,2333,30.67,39.37,1,1,1010.1,,,,
2026-07-29T18:21:24+00:00,2334,30.49,39.58,3,3,1010.2,,,,
2026-07-29T18:31:24+00:00,2335,30.21,40.29,1,1,1010.3,,,,
2026-07-29T18:51:24+00:00,2336,29.65,41.93,1,1,1010.4,,,,
2026-07-29T19:01:24+00:00,2337,29.31,42.14,3,3,1010.5,,,,
2026-07-29T19:11:24+00:00,2338,29.06,42.55,3,3,1010.5,,,,
2026-07-29T19:21:24+00:00,2339,28.73,44.45,2,2,1010.6,,,,
2026-07-29T19:31:24+00:00,2340,28.4,46.76,2,2,1010.7,,,,
2026-07-29T19:41:24+00:00,2341,28.14,48.66,1,1,1010.6,,,,
2026-07-29T19:51:24+00:00,2342,27.85,50.07,3,3,1010.9,,,,
2026-07-29T20:01:24+00:00,2343,27.69,50.98,3,3,1011.1,,,,
2026-07-29T20:11:24+00:00,2344,27.33,51.79,3,3,1011.2,,,,
2026-07-29T20:21:24+00:00,2345,27.07,52.12,2,2,1011.4,,,,
2026-07-29T20:31:24+00:00,2346,26.81,53.42,3,3,1011.5,,,,
2026-07-29T20:41:24+00:00,2347,26.64,54.44,4,4,1011.6,,,,
2026-07-29T20:51:24+00:00,2348,26.36,55.96,9,9,1011.8,,,,
2026-07-29T21:01:24+00:00,2349,26.23,57.27,3,3,1011.8,,,,
2026-07-29T21:11:24+00:00,2350,26.04,58.16,8,8,1012,,,,
2026-07-29T21:21:24+00:00,2351,26.1,59.15,4,4,1012,,,,
2026-07-29T21:31:24+00:00,2352,25.82,59.48,4,4,1012.1,,,,
2026-07-29T21:41:24+00:00,2353,25.67,60.1,8,8,1012.2,,,,
2026-07-29T21:51:24+00:00,2354,25.43,60.63,9,9,1012.2,,,,
2026-07-29T22:01:24+00:00,2355,25.14,61.25,3,3,1012.4,,,,
2026-07-29T22:11:24+00:00,2356,24.9,62.07,3,3,1012.3,,,,
2026-07-29T22:21:24+00:00,2357,24.75,62.7,1,1,1012.4,,,,
2026-07-29T22:31:24+00:00,2358,24.5,63.53,2,2,1012.4,,,,
2026-07-29T22:41:24+00:00,2359,24.28,63.76,0,0,1012.4,,,,
2026-07-29T22:51:24+00:00,2360,24.15,64.25,3,3,1012.5,,,,
2026-07-29T23:01:24+00:00,2361,24,64.98,2,2,1012.5,,,,
2026-07-29T23:11:23+00:00,2362,23.82,65.51,2,2,1012.5,,,,
2026-07-29T23:21:24+00:00,2363,23.63,66.01,1,1,1012.6,,,,
2026-07-29T23:31:23+00:00,2364,23.47,66.64,2,2,1012.6,,,,
2026-07-29T23:41:23+00:00,2365,23.25,67.07,6,6,1012.7,,,,
2026-07-29T23:51:23+00:00,2366,23.01,67.8,1,1,1012.6,,,,
2026-07-30T00:01:23+00:00,2367,22.94,68.1,3,3,1012.6,,,,
2026-07-30T00:11:23+00:00,2368,22.83,68.53,0,0,1012.5,,,,
2026-07-30T00:21:23+00:00,2369,22.72,68.63,2,2,1012.5,,,,
2026-07-30T00:31:23+00:00,2370,22.57,69.06,0,0,1012.6,,,,
2026-07-30T00:41:23+00:00,2371,22.46,69.16,1,1,1012.6,,,,
2026-07-30T00:51:23+00:00,2372,22.35,69.59,0,0,1012.7,,,,
2026-07-30T01:01:23+00:00,2373,22.24,70.19,1,1,1012.8,,,,
2026-07-30T01:11:23+00:00,2374,22.07,70.32,1,1,1012.8,,,,
2026-07-30T01:21:23+00:00,2375,22.09,70.62,2,2,1012.8,,,,
2026-07-30T01:31:23+00:00,2376,21.88,71.16,0,0,1012.9,,,,
2026-07-30T01:41:23+00:00,2377,21.69,71.69,1,1,1012.9,,,,
2026-07-30T01:51:23+00:00,2378,21.61,71.99,4,4,1012.9,,,,
2026-07-30T02:01:23+00:00,2379,21.42,72.23,1,1,1012.7,,,,
2026-07-30T02:11:23+00:00,2380,21.32,72.33,4,4,1012.7,,,,
2026-07-30T02:21:23+00:00,2381,21.1,73.06,0,0,1012.6,,,,
2026-07-30T02:31:23+00:00,2382,21.04,73.06,5,5,1012.6,,,,
2026-07-30T02:41:23+00:00,2383,20.95,73.5,0,0,1012.6,,,,
2026-07-30T02:51:23+00:00,2384,20.82,73.9,1,1,1012.7,,,,
2026-07-30T03:01:23+00:00,2385,20.76,74.63,0,0,1012.7,,,,
2026-07-30T03:11:23+00:00,2386,20.52,75.17,0,0,1012.9,,,,
2026-07-30T03:21:23+00:00,2387,20.48,75.27,2,2,1012.9,,,,
2026-07-30T03:31:23+00:00,2388,20.35,75.67,0,0,1013,,,,
2026-07-30T03:41:23+00:00,2389,20.26,76.11,2,2,1013,,,,
2026-07-30T03:51:23+00:00,2390,20.11,76.71,0,0,1013,,,,
2026-07-30T04:01:23+00:00,2391,19.95,76.85,1,1,1012.8,,,,
2026-07-30T04:11:23+00:00,2392,19.81,77.19,1,1,1012.9,,,,
2026-07-30T04:21:23+00:00,2393,19.7,77.79,0,0,1012.9,,,,
2026-07-30T04:31:23+00:00,2394,19.66,77.89,1,1,1013,,,,
2026-07-30T04:41:23+00:00,2395,19.74,77.99,2,2,1013,,,,
2026-07-30T04:51:23+00:00,2396,19.73,77.79,1,1,1013.2,,,,
2026-07-30T05:01:23+00:00,2397,19.68,77.99,1,1,1013.2,,,,
2026-07-30T05:21:23+00:00,2398,19.68,78.39,0,0,1013.3,,,,
2026-07-30T05:31:23+00:00,2399,19.96,77.85,1,1,1013.4,,,,
2026-07-30T05:41:23+00:00,2400,20.06,77.55,7,7,1013.4,,,,
2026-07-30T05:51:23+00:00,2401,20.36,76.17,1,1,1013.3,,,,
2026-07-30T06:01:23+00:00,2402,20.84,74.8,0,0,1013.2,,,,
2026-07-30T06:11:23+00:00,2403,20.64,75.34,6,6,1013.3,,,,
2026-07-30T06:21:23+00:00,2404,20.88,74.7,2,2,1013.3,,,,
2026-07-30T06:31:23+00:00,2405,21.34,73.43,1,1,1013.3,,,,
2026-07-30T06:41:23+00:00,2406,21.35,73.22,1,1,1013.2,,,,
2026-07-30T06:51:23+00:00,2407,21.83,71.46,1,1,1013.5,,,,
2026-07-30T07:01:23+00:00,2408,22.07,70.32,0,0,1013.6,,,,
2026-07-30T07:11:23+00:00,2409,22.05,71.03,5,5,1013.6,,,,
2026-07-30T07:31:23+00:00,2410,23.25,66.37,3,3,1013.9,,,,
2026-07-30T07:41:23+00:00,2411,24.54,64.22,0,0,1014,,,,
2026-07-30T07:51:23+00:00,2412,24.95,62.97,2,2,1014,,,,
2026-07-30T08:01:23+00:00,2413,24.99,61.48,2,2,1014.1,,,,
2026-07-30T08:11:23+00:00,2414,25.48,60.93,2,2,1014.1,,,,
2026-07-30T08:21:23+00:00,2415,25.39,61.12,0,0,1014.1,,,,
2026-07-30T08:31:23+00:00,2416,26.13,59.05,2,2,1014,,,,
2026-07-30T08:41:23+00:00,2417,26.17,59.15,1,1,1014.1,,,,
2026-07-30T08:51:23+00:00,2418,25.62,59.21,0,0,1014,,,,
2026-07-30T09:01:23+00:00,2419,26.35,57.93,2,2,1013.9,,,,
2026-07-30T09:11:23+00:00,2420,26.06,58.86,1,1,1014.2,,,,
2026-07-30T09:21:23+00:00,2421,27.28,55.15,4,4,1014.1,,,,
2026-07-30T09:31:23+00:00,2422,26.62,56.82,1,1,1014,,,,
2026-07-30T09:41:23+00:00,2423,27.07,56.27,1,1,1014.1,,,,
2026-07-30T09:51:23+00:00,2424,28.14,53.89,1,1,1014.2,,,,
2026-07-30T10:01:23+00:00,2425,28.58,52.36,3,3,1014.3,,,,
2026-07-30T10:11:23+00:00,2426,28.95,50.93,1,1,1014.3,,,,
2026-07-30T10:21:23+00:00,2427,29.05,51.32,0,0,1014.3,,,,
2026-07-30T10:41:23+00:00,2428,29.62,50.49,0,0,1014.3,,,,
2026-07-30T10:51:23+00:00,2429,28.08,53.3,0,0,1014.2,,,,
2026-07-30T11:01:23+00:00,2430,29.5,50.29,0,0,1014.2,,,,
2026-07-30T11:11:23+00:00,2431,29.09,52.01,0,0,1014,,,,
2026-07-30T11:21:23+00:00,2432,29.01,52.31,0,0,1013.9,,,,
2026-07-30T11:31:23+00:00,2433,27.77,54.61,0,0,1013.9,,,,
2026-07-30T11:41:23+00:00,2434,27.47,54.53,0,0,1014,,,,
2026-07-30T11:51:23+00:00,2435,27.81,53.52,0,0,1014.1,,,,
2026-07-30T12:01:23+00:00,2436,31.33,46.3,0,0,1014,,,,
2026-07-30T12:11:23+00:00,2437,33.5,43.07,0,0,1014,,,,
2026-07-30T12:21:23+00:00,2438,32.35,45.62,0,0,1013.8,,,,
2026-07-30T12:31:23+00:00,2439,31.54,45,1,1,1013.9,,,,
2026-07-30T12:41:23+00:00,2440,31.65,44.19,0,0,1013.9,,,,
2026-07-30T12:51:23+00:00,2441,28.53,50.09,0,0,1013.9,,,,
2026-07-30T13:01:23+00:00,2442,28.28,51.89,0,0,1013.9,,,,
2026-07-30T13:21:23+00:00,2443,29.21,49.52,0,0,1013.9,,,,
2026-07-30T13:31:23+00:00,2444,30.88,47.59,0,0,1013.9,,,,
2026-07-30T13:41:23+00:00,2445,31.04,46.41,0,0,1013.8,,,,
2026-07-30T13:51:23+00:00,2446,30.89,46.22,0,0,1013.8,,,,
2026-07-30T14:01:23+00:00,2447,30.92,44.84,0,0,1013.8,,,,
2026-07-30T14:11:23+00:00,2448,30.21,46.19,0,0,1013.7,,,,
2026-07-30T14:21:23+00:00,2449,30.7,45.55,0,0,1013.6,,,,
2026-07-30T14:31:23+00:00,2450,32.3,42.68,0,0,1013.5,,,,
2026-07-30T14:41:23+00:00,2451,33.06,41.83,0,0,1013.6,,,,
2026-07-30T14:51:23+00:00,2452,32.44,40.9,0,0,1013.5,,,,
2026-07-30T15:01:23+00:00,2453,33.32,39.57,0,0,1013.3,,,,
2026-07-30T15:11:23+00:00,2454,30.42,44.49,0,0,1013.2,,,,
2026-07-30T15:21:23+00:00,2455,28.56,47.43,0,0,1013.2,,,,
2026-07-30T15:31:23+00:00,2456,29.23,46.97,2,2,1013.2,,,,
2026-07-30T15:41:23+00:00,2457,28.59,48.12,0,0,1013.1,,,,
2026-07-30T15:51:23+00:00,2458,27.97,48.75,0,0,1013,,,,
2026-07-30T16:01:23+00:00,2459,27.62,49.6,0,0,1013,,,,
2026-07-30T16:11:23+00:00,2460,27.75,49.37,0,0,1013,,,,
2026-07-30T16:21:23+00:00,2461,28.16,48.36,1,1,1013,,,,
2026-07-30T16:31:23+00:00,2462,28.08,48.27,0,0,1013,,,,
2026-07-30T16:41:23+00:00,2463,27.82,48.49,1,1,1012.9,,,,
2026-07-30T16:51:23+00:00,2464,27.77,48.39,1,1,1012.9,,,,
2026-07-30T17:01:23+00:00,2465,27.51,48.9,0,0,1013,,,,
2026-07-30T17:11:23+00:00,2466,27.28,49.32,2,2,1013,,,,
2026-07-30T17:21:23+00:00,2467,27.07,49.35,0,0,1013.1,,,,
2026-07-30T17:31:23+00:00,2468,26.89,49.87,0,0,1013.1,,,,
2026-07-30T17:41:23+00:00,2469,26.7,50.18,0,0,1013.2,,,,
2026-07-30T17:51:23+00:00,2470,26.7,51.18,0,0,1013.2,,,,
2026-07-30T18:01:23+00:00,2471,26.48,51.4,0,0,1013.3,,,,
2026-07-30T18:11:23+00:00,2472,26.29,51.79,0,0,1013.5,,,,
2026-07-30T18:21:23+00:00,2473,26.23,53.01,0,0,1013.6,,,,
2026-07-30T18:31:23+00:00,2474,26.42,53.48,2,2,1013.7,,,,
2026-07-30T18:41:23+00:00,2475,26.17,54.3,2,2,1013.7,,,,
2026-07-30T18:51:23+00:00,2476,25.84,54.92,2,2,1013.8,,,,
2026-07-30T19:01:23+00:00,2477,25.67,56.34,3,3,1014,,,,
2026-07-30T19:11:22+00:00,2478,25.45,58.04,2,2,1014,,,,
2026-07-30T19:21:22+00:00,2479,25.06,58.97,0,0,1014.3,,,,
2026-07-30T19:31:22+00:00,2480,24.35,61.14,1,1,1014.3,,,,
2026-07-30T19:41:22+00:00,2481,23.87,62.79,0,0,1014.5,,,,
2026-07-30T19:51:22+00:00,2482,23.54,64.15,1,1,1014.5,,,,
2026-07-30T20:01:22+00:00,2483,23.33,64.78,1,1,1014.7,,,,
2026-07-30T20:11:22+00:00,2484,22.92,66.4,1,1,1014.7,,,,
2026-07-30T20:21:22+00:00,2485,22.62,68.16,0,0,1015,,,,
2026-07-30T20:31:22+00:00,2486,22.14,70.42,1,1,1015.1,,,,
2026-07-30T20:41:23+00:00,2487,21.84,70.96,0,0,1015.1,,,,
2026-07-30T20:51:22+00:00,2488,21.71,71.29,0,0,1015.1,,,,
2026-07-30T21:01:22+00:00,2489,21.59,71.79,1,1,1015.2,,,,
2026-07-30T21:11:22+00:00,2490,21.49,72.03,3,3,1015.2,,,,
2026-07-30T21:21:22+00:00,2491,21.34,72.53,0,0,1015.2,,,,
2026-07-30T21:31:22+00:00,2492,21.31,72.92,0,0,1015.3,,,,
2026-07-30T21:41:22+00:00,2493,21.16,73.26,1,1,1015.3,,,,
2026-07-30T21:51:22+00:00,2494,21.07,73.76,1,1,1015.2,,,,
2026-07-30T22:01:22+00:00,2495,20.89,74.3,0,0,1015.3,,,,
2026-07-30T22:11:22+00:00,2496,20.87,74.9,1,1,1015.4,,,,
2026-07-30T22:21:22+00:00,2497,20.67,75.13,1,1,1015.3,,,,
2026-07-30T22:31:22+00:00,2498,20.66,75.23,0,0,1015.2,,,,
2026-07-30T22:41:22+00:00,2499,20.61,75.63,1,1,1015.3,,,,
2026-07-30T22:51:22+00:00,2500,20.52,75.77,0,0,1015.3,,,,
2026-07-30T23:01:22+00:00,2501,20.54,76.07,0,0,1015.3,,,,
2026-07-30T23:11:22+00:00,2502,20.55,76.67,1,1,1015.3,,,,
2026-07-30T23:21:22+00:00,2503,20.54,76.57,0,0,1015.3,,,,
2026-07-30T23:31:22+00:00,2504,20.67,76.54,0,0,1015.3,,,,
2026-07-30T23:41:22+00:00,2505,20.69,76.64,1,1,1015.3,,,,
2026-07-30T23:51:22+00:00,2506,20.64,76.84,0,0,1015.4,,,,
2026-07-31T00:01:22+00:00,2507,20.64,77.14,3,3,1015.4,,,,
2026-07-31T00:11:22+00:00,2508,20.33,78.48,0,0,1015.4,,,,
2026-07-31T00:21:22+00:00,2509,20.38,77.78,3,3,1015.4,,,,
2026-07-31T00:31:22+00:00,2510,20.36,79.48,1,1,1015.5,,,,
2026-07-31T00:41:22+00:00,2511,20.28,79.02,2,2,1015.5,,,,
2026-07-31T00:51:22+00:00,2512,20.35,79.08,1,1,1015.7,,,,
2026-07-31T01:01:22+00:00,2513,20.03,81.06,1,1,1015.7,,,,
2026-07-31T01:11:22+00:00,2514,19.71,82.81,3,3,1015.8,,,,
2026-07-31T01:21:22+00:00,2515,19.73,82.7,1,1,1015.7,,,,
2026-07-31T01:31:22+00:00,2516,19.54,82.95,0,0,1015.7,,,,
2026-07-31T01:41:22+00:00,2517,19.47,83.04,0,0,1015.8,,,,
2026-07-31T01:51:22+00:00,2518,19.44,83.35,4,4,1015.8,,,,
2026-07-31T02:01:22+00:00,2519,19.26,84.09,2,2,1015.8,,,,
2026-07-31T02:11:22+00:00,2520,19.11,85.03,1,1,1015.9,,,,
2026-07-31T02:21:22+00:00,2521,18.9,86.08,3,3,1015.9,,,,
2026-07-31T02:31:22+00:00,2522,18.73,87.08,3,3,1015.9,,,,
2026-07-31T02:41:22+00:00,2523,18.59,87.33,2,2,1016,,,,
2026-07-31T02:51:22+00:00,2524,18.4,82.64,5,5,1016,,,,
2026-07-31T03:01:22+00:00,2525,18.29,79.72,1,1,1016.1,,,,
2026-07-31T03:11:22+00:00,2526,18.05,78.65,3,3,1016.3,,,,
2026-07-31T03:21:22+00:00,2527,17.77,78.92,4,4,1016.3,,,,
2026-07-31T03:31:22+00:00,2528,17.63,76,1,1,1016.4,,,,
2026-07-31T03:41:22+00:00,2529,17.36,71,0,0,1016.4,,,,
2026-07-31T03:51:22+00:00,2530,17.21,66.39,0,0,1016.3,,,,
2026-07-31T04:01:22+00:00,2531,17.04,65.01,0,0,1016.2,,,,
2026-07-31T04:11:22+00:00,2532,16.82,65.54,0,0,1016.2,,,,
2026-07-31T04:21:22+00:00,2533,16.78,64.13,0,0,1016.2,,,,
2026-07-31T04:31:22+00:00,2534,16.72,63.93,0,0,1016.2,,,,
2026-07-31T04:41:22+00:00,2535,16.63,62.71,0,0,1016.2,,,,
2026-07-31T04:51:22+00:00,2536,16.64,62.11,0,0,1016.3,,,,
2026-07-31T05:01:22+00:00,2537,16.71,62.21,0,0,1016.5,,,,
2026-07-31T05:11:22+00:00,2538,16.67,62.82,1,1,1016.6,,,,
2026-07-31T05:21:22+00:00,2539,17,62.99,0,0,1016.7,,,,
2026-07-31T05:31:22+00:00,2540,16.9,62.79,0,0,1016.9,,,,
2026-07-31T05:41:22+00:00,2541,16.81,62.51,1,1,1016.9,,,,
2026-07-31T05:51:22+00:00,2542,16.96,61.98,0,0,1017,,,,
2026-07-31T06:01:22+00:00,2543,17.09,60.94,0,0,1017.2,,,,
2026-07-31T06:11:22+00:00,2544,16.91,61.98,1,1,1017.2,,,,
2026-07-31T06:21:22+00:00,2545,17.25,61.35,0,0,1017.3,,,,
2026-07-31T06:31:22+00:00,2546,17.65,60.78,0,0,1017.2,,,,
2026-07-31T06:41:22+00:00,2547,18.15,60.12,2,2,1017.2,,,,
2026-07-31T06:51:22+00:00,2548,17.59,61.08,0,0,1017.3,,,,
2026-07-31T07:01:22+00:00,2549,17.75,61.18,1,1,1017.4,,,,
2026-07-31T07:11:22+00:00,2550,18.14,60.42,0,0,1017.3,,,,
2026-07-31T07:21:22+00:00,2551,18.07,61.03,2,2,1017.3,,,,
2026-07-31T07:31:22+00:00,2552,18.32,60.49,6,6,1017.3,,,,
2026-07-31T07:41:22+00:00,2553,18.12,61.03,1,1,1017.3,,,,
2026-07-31T07:51:22+00:00,2554,18.32,60.39,1,1,1017.3,,,,
2026-07-31T08:01:22+00:00,2555,18.9,60.24,2,2,1017.3,,,,
2026-07-31T08:11:22+00:00,2556,19.04,60.61,0,0,1017.4,,,,
2026-07-31T08:21:22+00:00,2557,19.29,60.08,1,1,1017.3,,,,
2026-07-31T08:31:22+00:00,2558,20.1,57.86,2,2,1017.3,,,,
2026-07-31T08:41:22+00:00,2559,20.25,57.86,2,2,1017.3,,,,
2026-07-31T08:51:22+00:00,2560,20.64,55.9,0,0,1017.3,,,,
2026-07-31T09:01:22+00:00,2561,21,55.57,3,3,1017.2,,,,
2026-07-31T09:11:22+00:00,2562,22.43,52.42,0,0,1017.3,,,,
2026-07-31T09:21:22+00:00,2563,22.79,52.07,0,0,1017.2,,,,
2026-07-31T09:31:22+00:00,2564,22.05,53.24,1,1,1017.3,,,,
2026-07-31T09:41:22+00:00,2565,22.32,51.22,1,1,1017.3,,,,
2026-07-31T09:51:22+00:00,2566,22.83,48.58,3,3,1017.4,,,,
2026-07-31T10:01:22+00:00,2567,22.85,48.68,0,0,1017.4,,,,
2026-07-31T10:11:22+00:00,2568,24.87,45.89,1,1,1017.4,,,,
2026-07-31T10:21:22+00:00,2569,24.2,48.14,2,2,1017.3,,,,
2026-07-31T10:31:22+00:00,2570,24.07,46.57,1,1,1017.2,,,,
2026-07-31T10:41:22+00:00,2571,23.25,47.63,2,2,1017,,,,
2026-07-31T10:51:22+00:00,2572,24.99,42.01,1,1,1017,,,,
2026-07-31T11:01:22+00:00,2573,24.98,41.61,0,0,1017.1,,,,
2026-07-31T11:11:22+00:00,2574,24.25,44.36,0,0,1017,,,,
2026-07-31T11:21:22+00:00,2575,26.36,40.5,0,0,1017,,,,
2026-07-31T11:31:22+00:00,2576,24.42,43.05,0,0,1017,,,,
2026-07-31T11:41:22+00:00,2577,25.29,41.3,2,2,1016.9,,,,
2026-07-31T11:51:22+00:00,2578,26.67,40.09,2,2,1016.9,,,,
2026-07-31T12:01:22+00:00,2579,26.03,42.01,2,2,1016.8,,,,
2026-07-31T12:11:22+00:00,2580,28.83,37.15,0,0,1016.7,,,,
2026-07-31T12:21:22+00:00,2581,27.49,38.04,0,0,1016.9,,,,
2026-07-31T12:31:22+00:00,2582,25.37,40.68,2,2,1016.9,,,,
2026-07-31T12:41:22+00:00,2583,28.01,37.8,5,5,1016.9,,,,
2026-07-31T12:51:22+00:00,2584,27.74,37.62,0,0,1016.9,,,,
2026-07-31T13:01:22+00:00,2585,30.59,32.81,3,3,1016.8,,,,
2026-07-31T13:11:22+00:00,2586,26.92,37.4,1,1,1016.9,,,,
2026-07-31T13:21:22+00:00,2587,26.67,36.72,1,1,1016.8,,,,
2026-07-31T13:31:22+00:00,2588,28.15,34.74,0,0,1016.7,,,,
2026-07-31T13:41:22+00:00,2589,26.54,36.13,1,1,1016.8,,,,
2026-07-31T13:51:22+00:00,2590,28.89,33.01,0,0,1016.6,,,,
2026-07-31T14:01:22+00:00,2591,30.34,30.95,1,1,1016.7,,,,
2026-07-31T14:11:22+00:00,2592,29.23,31.31,2,2,1016.7,,,,
2026-07-31T14:21:22+00:00,2593,27.1,34.01,0,0,1016.7,,,,
2026-07-31T14:31:22+00:00,2594,28.85,30.75,0,0,1016.6,,,,
2026-07-31T14:41:22+00:00,2595,27.9,31.4,1,1,1016.5,,,,
2026-07-31T14:51:22+00:00,2596,26.22,34.58,0,0,1016.5,,,,
2026-07-31T15:01:22+00:00,2597,26.94,33.14,0,0,1016.5,,,,
2026-07-31T15:11:24+00:00,2598,28.87,30.85,2,2,1016.4,,,,
2026-07-31T15:21:22+00:00,2599,31.98,28.59,0,0,1016.3,,,,
2026-07-31T15:31:22+00:00,2600,27.93,30.81,0,0,1016.2,,,,
2026-07-31T15:41:22+00:00,2601,25.51,34.13,0,0,1016.3,,,,
2026-07-31T15:51:22+00:00,2602,24.58,33.48,0,0,1015.9,,,,
2026-07-31T16:01:22+00:00,2603,24.75,34.08,0,0,1015.9,,,,
2026-07-31T16:11:22+00:00,2604,24.49,33.7,0,0,1016,,,,
2026-07-31T16:21:22+00:00,2605,24.31,33.62,1,1,1015.9,,,,
2026-07-31T16:31:22+00:00,2606,24.54,34.1,0,0,1015.8,,,,
2026-07-31T16:41:21+00:00,2607,24.22,33.81,0,0,1015.8,,,,
2026-07-31T16:51:21+00:00,2608,24.36,33.7,0,0,1015.7,,,,
2026-07-31T17:01:21+00:00,2609,24.47,34.1,0,0,1015.9,,,,
2026-07-31T17:11:21+00:00,2610,24.22,34.31,1,1,1015.8,,,,
2026-07-31T17:21:21+00:00,2611,24.35,34.2,0,0,1015.7,,,,
2026-07-31T17:31:21+00:00,2612,24.32,33.72,1,1,1015.7,,,,
2026-07-31T17:41:21+00:00,2613,24.24,34.22,2,2,1015.6,,,,
2026-07-31T17:51:21+00:00,2614,23.97,34.33,1,1,1015.6,,,,
2026-07-31T18:01:21+00:00,2615,24.2,33.92,1,1,1015.6,,,,
2026-07-31T18:11:21+00:00,2616,24.29,33.72,3,3,1015.6,,,,
2026-07-31T18:21:21+00:00,2617,24.35,34,0,0,1015.6,,,,
2026-07-31T18:31:21+00:00,2618,24.36,33.9,0,0,1015.7,,,,
2026-07-31T18:41:21+00:00,2619,24,34.53,0,0,1015.8,,,,
2026-07-31T18:51:21+00:00,2620,23.95,34.33,0,0,1015.8,,,,
2026-07-31T19:01:21+00:00,2621,23.9,34.92,2,2,1015.9,,,,
2026-07-31T19:11:21+00:00,2622,23.72,35.64,1,1,1015.9,,,,
2026-07-31T19:21:21+00:00,2623,22.88,63.74,0,0,1016.2,,,,
2026-07-31T19:31:21+00:00,2624,22.06,67.03,6,6,1016.4,,,,
2026-07-31T19:41:21+00:00,2625,21.66,68.79,2,2,1016.5,,,,
2026-07-31T19:51:21+00:00,2626,21.14,71.36,5,5,1016.7,,,,
2026-07-31T20:01:21+00:00,2627,20.94,72.6,0,0,1016.9,,,,
2026-07-31T20:11:21+00:00,2628,20.73,73.93,2,2,1016.8,,,,
2026-07-31T20:21:21+00:00,2629,20.57,74.73,2,2,1017,,,,
2026-07-31T20:31:21+00:00,2630,20.29,75.81,3,3,1017.1,,,,
2026-07-31T20:41:21+00:00,2631,20.06,77.05,3,3,1017.1,,,,
2026-07-31T20:51:21+00:00,2632,20.06,77.85,2,2,1017.1,,,,
2026-07-31T21:01:21+00:00,2633,19.93,78.45,3,3,1017.1,,,,
2026-07-31T21:11:21+00:00,2634,19.81,78.99,2,2,1017.3,,,,
2026-07-31T21:21:21+00:00,2635,19.71,79.69,3,3,1017.3,,,,
2026-07-31T21:31:21+00:00,2636,19.66,78.89,3,3,1017.4,,,,
2026-07-31T21:41:21+00:00,2637,19.68,78.69,5,5,1017.5,,,,
2026-07-31T21:51:21+00:00,2638,19.63,78.39,3,3,1017.4,,,,
2026-07-31T22:01:21+00:00,2639,19.62,76.42,2,2,1017.6,,,,
2026-07-31T22:11:21+00:00,2640,19.55,75.51,5,5,1017.6,,,,
2026-07-31T22:21:21+00:00,2641,19.33,75.75,2,2,1017.5,,,,
2026-07-31T22:31:21+00:00,2642,19.31,76.05,4,4,1017.7,,,,
2026-07-31T22:41:21+00:00,2643,19.18,75.85,3,3,1017.7,,,,
2026-07-31T22:51:21+00:00,2644,19.07,75.99,2,2,1017.7,,,,
2026-07-31T23:01:21+00:00,2645,19.25,81.98,3,3,1017.9,,,,
2026-07-31T23:11:21+00:00,2646,19.19,82.38,2,2,1017.9,,,,
2026-07-31T23:21:21+00:00,2647,19.16,82.52,3,3,1017.9,,,,
2026-07-31T23:31:21+00:00,2648,19,83.23,6,6,1018.1,,,,
2026-07-31T23:41:21+00:00,2649,19,83.03,2,2,1018.1,,,,
2026-07-31T23:51:21+00:00,2650,18.92,83.23,2,2,1018.1,,,,
2026-08-01T00:01:21+00:00,2651,19,82.92,4,4,1018.1,,,,
2026-08-01T00:11:21+00:00,2652,18.82,82.86,4,4,1018.1,,,,
2026-08-01T00:21:21+00:00,2653,18.72,81.76,4,4,1018.1,,,,
2026-08-01T00:31:21+00:00,2654,18.82,71.5,1,1,1018,,,,
2026-08-01T00:41:21+00:00,2655,18.81,67.47,4,4,1018.1,,,,
2026-08-01T00:51:21+00:00,2656,18.7,62.65,1,1,1018.1,,,,
2026-08-01T01:01:21+00:00,2657,18.63,62.18,3,3,1018.2,,,,
2026-08-01T01:11:21+00:00,2658,18.5,60.77,2,2,1018.1,,,,
2026-08-01T01:21:21+00:00,2659,18.38,59.48,3,3,1018.2,,,,
2026-08-01T01:31:21+00:00,2660,18.08,59.62,3,3,1018.1,,,,
2026-08-01T01:41:21+00:00,2661,17.96,59.84,0,0,1018.2,,,,
2026-08-01T01:51:21+00:00,2662,17.83,59.84,0,0,1018.3,,,,
2026-08-01T02:01:21+00:00,2663,17.71,59.77,4,4,1018.2,,,,
2026-08-01T02:11:21+00:00,2664,17.63,59.37,2,2,1018.2,,,,
2026-08-01T02:21:21+00:00,2665,17.48,59.9,1,1,1018.2,,,,
2026-08-01T02:31:21+00:00,2666,17.4,59.9,3,3,1018.3,,,,
2026-08-01T02:41:21+00:00,2667,17.25,60.33,1,1,1018.3,,,,
2026-08-01T02:51:21+00:00,2668,17.09,60.53,2,2,1018.4,,,,
2026-08-01T03:01:21+00:00,2669,16.9,60.97,1,1,1018.4,,,,
2026-08-01T03:11:21+00:00,2670,16.85,60.87,1,1,1018.4,,,,
2026-08-01T03:21:21+00:00,2671,16.74,60.89,0,0,1018.4,,,,
2026-08-01T03:31:21+00:00,2672,16.43,61.33,2,2,1018.3,,,,
2026-08-01T03:41:21+00:00,2673,16.42,61.83,1,1,1018.2,,,,
2026-08-01T03:51:21+00:00,2674,16.3,61.76,0,0,1018.4,,,,
2026-08-01T04:01:21+00:00,2675,16.16,62.47,1,1,1018.4,,,,
2026-08-01T04:11:21+00:00,2676,16.08,62.5,4,4,1018.3,,,,
2026-08-01T04:21:21+00:00,2677,15.84,62.73,1,1,1018.2,,,,
2026-08-01T04:31:21+00:00,2678,15.64,63.17,2,2,1018.2,,,,
2026-08-01T04:41:21+00:00,2679,15.72,64.45,0,0,1018.3,,,,
2026-08-01T04:51:21+00:00,2680,15.82,63.13,1,1,1018.3,,,,
2026-08-01T05:01:21+00:00,2681,15.86,63.34,0,0,1018.4,,,,
2026-08-01T05:11:21+00:00,2682,15.84,63.04,0,0,1018.4,,,,
2026-08-01T05:21:21+00:00,2683,15.79,63.64,0,0,1018.5,,,,
2026-08-01T05:31:21+00:00,2684,15.77,63.54,2,2,1018.6,,,,
2026-08-01T05:41:21+00:00,2685,15.72,65.16,4,4,1018.9,,,,
2026-08-01T05:51:21+00:00,2686,15.6,65.29,0,0,1018.8,,,,
2026-08-01T06:01:21+00:00,2687,15.92,63.71,2,2,1019,,,,
2026-08-01T06:11:21+00:00,2688,16.63,61.8,0,0,1018.9,,,,
2026-08-01T06:21:21+00:00,2689,16.79,62.11,3,3,1019,,,,
2026-08-01T06:31:21+00:00,2690,17.04,60.77,0,0,1019.1,,,,
2026-08-01T06:41:21+00:00,2691,17.38,59.5,1,1,1019.2,,,,
2026-08-01T06:51:21+00:00,2692,17.67,58.06,1,1,1019.3,,,,
2026-08-01T07:01:21+00:00,2693,18.42,57.17,2,2,1019.2,,,,
2026-08-01T07:11:21+00:00,2694,18.72,56.71,1,1,1019.4,,,,
2026-08-01T07:21:21+00:00,2695,18.96,56.89,4,4,1019.3,,,,
2026-08-01T07:31:21+00:00,2696,19.37,55.05,0,0,1019.3,,,,
2026-08-01T07:41:21+00:00,2697,19.33,54.96,1,1,1019.2,,,,
2026-08-01T07:51:21+00:00,2698,19.81,54.3,0,0,1019.4,,,,
2026-08-01T08:01:21+00:00,2699,20.14,53.64,0,0,1019.3,,,,
2026-08-01T08:11:21+00:00,2700,20.39,53.62,3,3,1019.3,,,,
2026-08-01T08:21:21+00:00,2701,20.51,55.22,0,0,1019.2,,,,
2026-08-01T08:31:21+00:00,2702,20.69,52.39,3,3,1019.2,,,,
2026-08-01T08:41:21+00:00,2703,20.89,52.17,3,3,1019.2,,,,
2026-08-01T08:51:21+00:00,2704,21.31,51.52,0,0,1019.2,,,,
2026-08-01T09:01:21+00:00,2705,23.33,47.24,2,2,1019.1,,,,
2026-08-01T09:11:21+00:00,2706,22.57,47.8,2,2,1019.2,,,,
2026-08-01T09:21:21+00:00,2707,24.46,44.74,0,0,1019.1,,,,
2026-08-01T09:31:21+00:00,2708,23.07,43.47,0,0,1019.1,,,,
2026-08-01T09:41:21+00:00,2709,23.78,42.41,0,0,1019,,,,
2026-08-01T09:51:21+00:00,2710,23.2,42.95,0,0,1019,,,,
2026-08-01T10:01:21+00:00,2711,24.13,42.57,1,1,1018.9,,,,
2026-08-01T10:11:21+00:00,2712,25.82,40.74,0,0,1018.9,,,,
2026-08-01T10:21:21+00:00,2713,26.57,39.59,0,0,1018.8,,,,
2026-08-01T10:31:21+00:00,2714,28.09,38.49,2,2,1018.8,,,,
2026-08-01T10:41:21+00:00,2715,25.91,38.56,1,1,1018.9,,,,
2026-08-01T10:51:21+00:00,2716,25.43,39.98,0,0,1018.8,,,,
2026-08-01T11:01:21+00:00,2717,27.07,38.27,2,2,1018.8,,,,
2026-08-01T11:11:21+00:00,2718,23.66,42.71,1,1,1018.6,,,,
2026-08-01T11:21:21+00:00,2719,23.07,44.27,1,1,1018.6,,,,
2026-08-01T11:31:21+00:00,2720,26.26,38.72,3,3,1018.5,,,,
2026-08-01T11:41:21+00:00,2721,25.5,38.6,0,0,1018.4,,,,
2026-08-01T11:51:21+00:00,2722,26.67,38.01,1,1,1018.3,,,,
2026-08-01T12:01:21+00:00,2723,26.78,36.8,6,6,1018.3,,,,
2026-08-01T12:11:21+00:00,2724,28.16,33.36,1,1,1018.4,,,,
2026-08-01T12:21:21+00:00,2725,28.46,34.91,0,0,1018.2,,,,
2026-08-01T12:31:21+00:00,2726,25.05,38.73,2,2,1018.2,,,,
2026-08-01T12:41:21+00:00,2727,30.2,31.35,0,0,1018.2,,,,
2026-08-01T12:51:21+00:00,2728,28.96,32.21,1,1,1018.1,,,,
2026-08-01T13:01:21+00:00,2729,28.14,32.77,0,0,1018,,,,
2026-08-01T13:11:21+00:00,2730,29.08,32.31,2,2,1018,,,,
2026-08-01T13:21:21+00:00,2731,28.38,33.34,0,0,1017.9,,,,
2026-08-01T13:31:21+00:00,2732,27.97,33.06,1,1,1017.9,,,,
2026-08-01T13:41:21+00:00,2733,32.15,29.36,0,0,1017.9,,,,
2026-08-01T13:51:20+00:00,2734,29.28,31.6,0,0,1017.8,,,,
2026-08-01T14:01:20+00:00,2735,30.73,31.02,1,1,1017.8,,,,
2026-08-01T14:11:20+00:00,2736,30.02,30.87,0,0,1017.7,,,,
2026-08-01T14:21:20+00:00,2737,32.23,27.7,0,0,1017.7,,,,
2026-08-01T14:31:20+00:00,2738,33.84,25.96,0,0,1017.6,,,,
2026-08-01T14:41:20+00:00,2739,31.98,27.52,3,3,1017.6,,,,
2026-08-01T14:51:20+00:00,2740,30.77,28.96,2,2,1017.5,,,,
2026-08-01T15:01:20+00:00,2741,31.55,28.92,0,0,1017.6,,,,
2026-08-01T15:11:20+00:00,2742,31.04,28.26,0,0,1017.5,,,,
2026-08-01T15:21:20+00:00,2743,30.35,29.09,2,2,1017.5,,,,
2026-08-01T15:31:20+00:00,2744,27.62,30.73,1,1,1017.4,,,,
2026-08-01T15:41:20+00:00,2745,26.54,32.17,1,1,1017.3,,,,
2026-08-01T15:51:20+00:00,2746,25.94,33.31,3,3,1017.2,,,,
2026-08-01T16:01:20+00:00,2747,26.11,33.39,0,0,1017.2,,,,
2026-08-01T16:11:20+00:00,2748,25.72,34.01,3,3,1017,,,,
2026-08-01T16:21:20+00:00,2749,25.57,34.01,1,1,1016.9,,,,
2026-08-01T16:31:20+00:00,2750,25.82,33.9,1,1,1016.9,,,,
2026-08-01T16:41:20+00:00,2751,25.74,34.52,1,1,1016.9,,,,
2026-08-01T16:51:20+00:00,2752,25.47,35.13,2,2,1016.8,,,,
2026-08-01T17:01:20+00:00,2753,25.22,34.64,1,1,1016.9,,,,
2026-08-01T17:11:20+00:00,2754,25.14,34.94,2,2,1016.8,,,,
2026-08-01T17:21:20+00:00,2755,25.32,35.42,0,0,1016.7,,,,
2026-08-01T17:31:20+00:00,2756,25.15,35.54,0,0,1016.8,,,,
2026-08-01T17:41:20+00:00,2757,24.99,36.15,2,2,1016.7,,,,
2026-08-01T17:51:20+00:00,2758,25.05,36.15,3,3,1016.8,,,,
2026-08-01T18:01:20+00:00,2759,24.69,36.17,6,6,1016.8,,,,
2026-08-01T18:11:20+00:00,2760,24.73,36.17,2,2,1016.7,,,,
2026-08-01T18:21:20+00:00,2761,24.75,36.66,3,3,1016.8,,,,
2026-08-01T18:31:20+00:00,2762,24.55,37.08,1,1,1016.9,,,,
2026-08-01T18:41:20+00:00,2763,24.59,37.26,1,1,1016.8,,,,
2026-08-01T18:51:20+00:00,2764,24.2,37.9,0,0,1016.8,,,,
2026-08-01T19:01:20+00:00,2765,24.02,38.21,0,0,1016.8,,,,
2026-08-01T19:11:20+00:00,2766,23.84,38.23,0,0,1016.9,,,,
2026-08-01T19:21:20+00:00,2767,23.69,38.73,2,2,1017,,,,
2026-08-01T19:31:20+00:00,2768,23.58,38.84,2,2,1016.9,,,,
2026-08-01T19:41:20+00:00,2769,23.4,39.94,1,1,1017.1,,,,
2026-08-01T19:51:20+00:00,2770,23.07,40.68,1,1,1017.1,,,,
2026-08-01T20:01:20+00:00,2771,23.09,40.18,0,0,1017.2,,,,
2026-08-01T20:11:20+00:00,2772,22.95,40.58,1,1,1017.2,,,,
2026-08-01T20:21:20+00:00,2773,22.79,41.19,2,2,1017.2,,,,
2026-08-01T20:31:20+00:00,2774,22.72,41.09,0,0,1017.2,,,,
2026-08-01T20:41:20+00:00,2775,22.72,41.19,1,1,1017.2,,,,
2026-08-01T20:51:20+00:00,2776,22.6,41.52,1,1,1017.4,,,,
2026-08-01T21:01:20+00:00,2777,22.35,42.33,2,2,1017.4,,,,
2026-08-01T21:11:20+00:00,2778,22.14,43.15,1,1,1017.6,,,,
2026-08-01T21:21:20+00:00,2779,22.07,43.35,1,1,1017.5,,,,
2026-08-01T21:31:20+00:00,2780,21.93,43.67,4,4,1017.7,,,,
2026-08-01T21:41:20+00:00,2781,21.49,45.01,1,1,1017.7,,,,
2026-08-01T21:51:20+00:00,2782,21.31,44.92,3,3,1017.8,,,,
2026-08-01T22:01:20+00:00,2783,21.14,45.43,1,1,1017.8,,,,
2026-08-01T22:11:20+00:00,2784,20.81,45.86,1,1,1017.8,,,,
2026-08-01T22:21:20+00:00,2785,20.82,45.66,1,1,1017.7,,,,
2026-08-01T22:31:20+00:00,2786,20.7,45.88,7,7,1017.7,,,,
2026-08-01T22:41:20+00:00,2787,20.67,46.08,0,0,1017.8,,,,
2026-08-01T22:51:20+00:00,2788,20.41,48.51,1,1,1017.8,,,,
2026-08-01T23:01:20+00:00,2789,20.13,48.23,4,4,1017.9,,,,
2026-08-01T23:11:20+00:00,2790,19.89,48.96,1,1,1017.8,,,,
2026-08-01T23:21:20+00:00,2791,19.73,49.88,3,3,1017.8,,,,
2026-08-01T23:31:20+00:00,2792,19.88,48.75,4,4,1017.7,,,,
2026-08-01T23:41:20+00:00,2793,19.62,50.41,2,2,1017.7,,,,
2026-08-01T23:51:20+00:00,2794,19.38,51.84,4,4,1017.7,,,,
2026-08-02T00:01:20+00:00,2795,19.18,52.04,2,2,1017.8,,,,
2026-08-02T00:11:20+00:00,2796,18.92,52.37,4,4,1017.9,,,,
2026-08-02T00:21:20+00:00,2797,18.66,52.92,1,1,1018,,,,
2026-08-02T00:31:20+00:00,2798,18.32,53.65,4,4,1018.1,,,,
2026-08-02T00:41:20+00:00,2799,18.04,54.68,1,1,1018,,,,
2026-08-02T00:51:20+00:00,2800,17.9,55.31,2,2,1018,,,,
2026-08-02T01:01:20+00:00,2801,17.65,56.04,0,0,1018.1,,,,
2026-08-02T01:11:20+00:00,2802,17.56,56.45,0,0,1018.1,,,,
2026-08-02T01:21:20+00:00,2803,17.46,56.68,0,0,1018,,,,
2026-08-02T01:31:20+00:00,2804,17.31,57.38,2,2,1018.1,,,,
2026-08-02T01:41:20+00:00,2805,17.18,57.71,0,0,1018.1,,,,
2026-08-02T01:51:20+00:00,2806,16.96,58.65,1,1,1018,,,,
2026-08-02T02:01:20+00:00,2807,16.86,59.25,2,2,1018,,,,
2026-08-02T02:11:20+00:00,2808,16.66,59.69,1,1,1018.1,,,,
2026-08-02T02:21:20+00:00,2809,16.56,60.52,0,0,1018.1,,,,
2026-08-02T02:31:20+00:00,2810,16.17,62.07,0,0,1018.1,,,,
2026-08-02T02:41:20+00:00,2811,16.11,62.6,2,2,1018.1,,,,
2026-08-02T02:51:20+00:00,2812,16.16,63.28,0,0,1018.1,,,,
2026-08-02T03:01:20+00:00,2813,16.16,63.08,1,1,1018.1,,,,
2026-08-02T03:11:20+00:00,2814,16.16,63.28,1,1,1018.1,,,,
2026-08-02T03:21:20+00:00,2815,16.07,63.61,1,1,1018,,,,
2026-08-02T03:31:20+00:00,2816,16.11,63.92,1,1,1017.9,,,,
2026-08-02T03:41:20+00:00,2817,16.04,63.81,2,2,1017.9,,,,
2026-08-02T03:51:20+00:00,2818,16.04,64.12,2,2,1017.7,,,,
2026-08-02T04:01:20+00:00,2819,15.93,64.52,4,4,1017.6,,,,
2026-08-02T04:11:20+00:00,2820,15.86,64.96,0,0,1017.6,,,,
2026-08-02T04:21:20+00:00,2821,15.86,65.36,0,0,1017.7,,,,
2026-08-02T04:31:20+00:00,2822,15.83,65.77,1,1,1017.5,,,,
2026-08-02T04:41:20+00:00,2823,15.77,66.27,0,0,1017.4,,,,
2026-08-02T04:51:20+00:00,2824,15.93,66.44,0,0,1017.4,,,,
2026-08-02T05:01:20+00:00,2825,15.89,66.67,0,0,1017.5,,,,
2026-08-02T05:11:20+00:00,2826,15.94,67.05,1,1,1017.5,,,,
2026-08-02T05:21:20+00:00,2827,16.02,67.46,4,4,1017.5,,,,
2026-08-02T05:31:20+00:00,2828,16.09,67.66,2,2,1017.5,,,,
2026-08-02T05:41:20+00:00,2829,16.28,68.03,1,1,1017.5,,,,
2026-08-02T05:51:20+00:00,2830,16.43,69.01,0,0,1017.5,,,,
2026-08-02T06:01:20+00:00,2831,16.48,70.42,2,2,1017.6,,,,
2026-08-02T06:11:20+00:00,2832,16.68,70.89,0,0,1017.5,,,,
2026-08-02T06:21:20+00:00,2833,17.25,69.82,1,1,1017.5,,,,
2026-08-02T06:31:20+00:00,2834,17.62,68.44,1,1,1017.4,,,,
2026-08-02T06:41:20+00:00,2835,17.71,68.85,3,3,1017.4,,,,
2026-08-02T06:51:20+00:00,2836,17.93,68.71,2,2,1017.5,,,,
2026-08-02T07:01:20+00:00,2837,18.96,66.64,0,0,1017.5,,,,
2026-08-02T07:11:20+00:00,2838,19.36,66.91,5,5,1017.4,,,,
2026-08-02T07:31:20+00:00,2839,19.91,66.41,0,0,1017.2,,,,
2026-08-02T07:41:20+00:00,2840,20.31,65.58,0,0,1017.3,,,,
2026-08-02T07:51:20+00:00,2841,21.22,62.95,3,3,1017.2,,,,
2026-08-02T08:01:20+00:00,2842,21.19,63.15,7,7,1017.3,,,,
2026-08-02T08:11:20+00:00,2843,21.06,64.55,0,0,1017.3,,,,
2026-08-02T08:21:20+00:00,2844,22.28,62.1,2,2,1017.2,,,,
2026-08-02T08:31:20+00:00,2845,21.68,62.89,3,3,1017.1,,,,
2026-08-02T08:41:20+00:00,2846,22.92,60.12,2,2,1016.9,,,,
2026-08-02T08:51:20+00:00,2847,23.92,54.73,2,2,1016.8,,,,
2026-08-02T09:01:20+00:00,2848,24.43,53.19,2,2,1016.9,,,,
2026-08-02T09:11:20+00:00,2849,24.46,52.89,6,6,1016.7,,,,
2026-08-02T09:21:20+00:00,2850,25.55,49.39,2,2,1016.8,,,,
2026-08-02T09:31:20+00:00,2851,26.3,50.11,3,3,1016.7,,,,
2026-08-02T09:41:20+00:00,2852,25.87,50.06,3,3,1016.7,,,,
2026-08-02T09:51:20+00:00,2853,27.78,47.99,3,3,1016.5,,,,
2026-08-02T10:01:20+00:00,2854,29.08,43.34,1,1,1016.5,,,,
2026-08-02T10:11:20+00:00,2855,28.33,44.79,5,5,1016.7,,,,
2026-08-02T10:21:20+00:00,2856,28.92,43.93,1,1,1016.4,,,,
2026-08-02T10:31:20+00:00,2857,28.61,45.75,5,5,1016.2,,,,
2026-08-02T10:41:20+00:00,2858,29.76,43.77,5,5,1016.3,,,,
2026-08-02T10:51:20+00:00,2859,29.08,42.76,1,1,1016.1,,,,
2026-08-02T11:01:20+00:00,2860,28.87,42.87,1,1,1016.2,,,,
2026-08-02T11:11:20+00:00,2861,29.18,41.75,2,2,1016,,,,
2026-08-02T11:21:19+00:00,2862,31.17,38.74,2,2,1016,,,,
2026-08-02T11:31:19+00:00,2863,31.14,36.58,4,4,1016,,,,
2026-08-02T11:41:19+00:00,2864,30.95,37.19,1,1,1015.8,,,,
2026-08-02T11:51:19+00:00,2865,30.06,39.92,2,2,1015.6,,,,
2026-08-02T12:01:19+00:00,2866,30.69,39.56,3,3,1015.5,,,,
2026-08-02T12:11:19+00:00,2867,29.55,40.84,1,1,1015.4,,,,
2026-08-02T12:21:19+00:00,2868,31.86,37.43,4,4,1015.2,,,,
2026-08-02T12:31:19+00:00,2869,31.92,38.1,4,4,1015.3,,,,
2026-08-02T12:41:19+00:00,2870,30.95,39.54,1,1,1015.3,,,,
2026-08-02T12:51:19+00:00,2871,32.23,37.49,4,4,1015.1,,,,
2026-08-02T13:01:19+00:00,2872,32.94,37.24,1,1,1015,,,,
2026-08-02T13:11:19+00:00,2873,31.3,37.86,1,1,1014.9,,,,
2026-08-02T13:21:19+00:00,2874,30.98,38.17,1,1,1015,,,,
2026-08-02T13:31:19+00:00,2875,29.73,40.53,3,3,1014.9,,,,
2026-08-02T13:41:19+00:00,2876,30.13,38.93,4,4,1014.9,,,,
2026-08-02T13:51:19+00:00,2877,30.06,39.62,2,2,1014.9,,,,
2026-08-02T14:01:19+00:00,2878,31.7,38.41,3,3,1014.8,,,,
2026-08-02T14:11:19+00:00,2879,28.9,40.41,2,2,1014.8,,,,
2026-08-02T14:21:19+00:00,2880,28.74,40.41,1,1,1014.7,,,,
2026-08-02T14:31:19+00:00,2881,31.9,35.16,0,0,1014.8,,,,
2026-08-02T14:41:19+00:00,2882,31.69,35.08,5,5,1014.6,,,,
2026-08-02T14:51:19+00:00,2883,31.98,34.08,1,1,1014.4,,,,
2026-08-02T15:01:19+00:00,2884,31.44,33.72,1,1,1014.5,,,,
2026-08-02T15:11:19+00:00,2885,30.74,34.26,3,3,1014.5,,,,
2026-08-02T15:21:19+00:00,2886,30.55,34.28,2,2,1014.3,,,,
2026-08-02T15:31:19+00:00,2887,27.44,38.25,3,3,1014.2,,,,
2026-08-02T15:41:19+00:00,2888,26.57,39.1,5,5,1014.1,,,,
2026-08-02T15:51:19+00:00,2889,26.66,38.51,3,3,1014,,,,
2026-08-02T16:01:19+00:00,2890,26.54,38.4,1,1,1013.9,,,,
2026-08-02T16:11:19+00:00,2891,26.41,38.32,1,1,1014,,,,
2026-08-02T16:21:19+00:00,2892,26.23,38.24,1,1,1013.9,,,,
2026-08-02T16:31:19+00:00,2893,26.22,38.54,2,2,1013.9,,,,
2026-08-02T16:41:19+00:00,2894,26.06,37.95,2,2,1013.7,,,,
2026-08-02T16:51:19+00:00,2895,25.74,38.18,1,1,1013.8,,,,
2026-08-02T17:01:19+00:00,2896,25.76,39.28,2,2,1013.7,,,,
2026-08-02T17:11:19+00:00,2897,25.51,39.29,2,2,1013.6,,,,
2026-08-02T17:21:19+00:00,2898,24.99,40.12,0,0,1013.5,,,,
2026-08-02T17:31:19+00:00,2899,24.85,41.61,3,3,1013.7,,,,
2026-08-02T17:41:19+00:00,2900,24.65,42.72,3,3,1013.4,,,,
2026-08-02T17:51:19+00:00,2901,24.52,42.75,0,0,1013.5,,,,
2026-08-02T18:01:19+00:00,2902,24.28,43.37,3,3,1013.4,,,,
2026-08-02T18:11:19+00:00,2903,24.02,44.48,1,1,1013.4,,,,
2026-08-02T18:21:19+00:00,2904,23.84,45.7,3,3,1013.4,,,,
2026-08-02T18:31:19+00:00,2905,23.75,46.3,2,2,1013.4,,,,
2026-08-02T18:41:19+00:00,2906,23.57,46.12,1,1,1013.3,,,,
2026-08-02T18:51:19+00:00,2907,23.47,47.21,0,0,1013.3,,,,
2026-08-02T19:01:19+00:00,2908,23.12,49.45,4,4,1013.3,,,,
2026-08-02T19:11:19+00:00,2909,22.91,50.17,5,5,1013.3,,,,
2026-08-02T19:21:19+00:00,2910,22.88,51.37,3,3,1013.4,,,,
2026-08-02T19:31:19+00:00,2911,22.67,51.89,0,0,1013.4,,,,
2026-08-02T19:41:19+00:00,2912,22.48,54.09,4,4,1013.5,,,,
2026-08-02T19:51:19+00:00,2913,22.4,55.32,2,2,1013.4,,,,
2026-08-02T20:01:19+00:00,2914,22.22,56.31,3,3,1013.5,,,,
2026-08-02T20:11:19+00:00,2915,22.17,57.14,1,1,1013.5,,,,
2026-08-02T20:21:19+00:00,2916,22.07,57.04,1,1,1013.5,,,,
2026-08-02T20:31:19+00:00,2917,21.84,56.57,2,2,1013.3,,,,
2026-08-02T20:41:19+00:00,2918,21.74,55.49,3,3,1013.5,,,,
2026-08-02T20:51:19+00:00,2919,21.68,55.79,2,2,1013.6,,,,
2026-08-02T21:01:19+00:00,2920,21.44,56.92,7,7,1013.5,,,,
2026-08-02T21:11:19+00:00,2921,21.34,58.02,4,4,1013.7,,,,
2026-08-02T21:21:19+00:00,2922,21.22,59.45,3,3,1013.6,,,,
2026-08-02T21:31:19+00:00,2923,21.1,61.05,3,3,1013.7,,,,
2026-08-02T21:41:19+00:00,2924,20.91,62.18,1,1,1013.6,,,,
2026-08-02T21:51:19+00:00,2925,20.84,63.18,4,4,1013.5,,,,
2026-08-02T22:01:19+00:00,2926,20.73,64.12,3,3,1013.6,,,,
2026-08-02T22:11:19+00:00,2927,20.58,64.51,0,0,1013.6,,,,
2026-08-02T22:21:19+00:00,2928,20.52,65.55,5,5,1013.6,,,,
2026-08-02T22:31:19+00:00,2929,20.38,66.85,1,1,1013.6,,,,
2026-08-02T22:41:19+00:00,2930,20.28,67.38,4,4,1013.6,,,,
2026-08-02T22:51:19+00:00,2931,20.17,68.08,3,3,1013.3,,,,
2026-08-02T23:01:19+00:00,2932,20.09,69.02,0,0,1013.4,,,,
2026-08-02T23:11:19+00:00,2933,20.09,69.62,2,2,1013.4,,,,
2026-08-02T23:21:19+00:00,2934,20.02,70.12,5,5,1013.4,,,,
2026-08-02T23:31:19+00:00,2935,19.92,70.23,3,3,1013.3,,,,
2026-08-02T23:41:19+00:00,2936,19.76,70.86,5,5,1013.2,,,,
2026-08-02T23:51:19+00:00,2937,19.71,71.06,3,3,1013.1,,,,
2026-08-03T00:01:19+00:00,2938,19.55,71.2,2,2,1013,,,,
2026-08-03T00:11:19+00:00,2939,19.59,71.6,5,5,1012.9,,,,
2026-08-03T00:21:19+00:00,2940,19.48,71.8,5,5,1012.8,,,,
2026-08-03T00:31:19+00:00,2941,19.36,72.24,1,1,1012.7,,,,
2026-08-03T00:41:19+00:00,2942,19.4,72.13,4,4,1012.5,,,,
2026-08-03T00:51:19+00:00,2943,19.28,72.44,2,2,1012.5,,,,
2026-08-03T01:01:19+00:00,2944,19.26,72.74,3,3,1012.3,,,,
2026-08-03T01:11:19+00:00,2945,19.19,73.04,2,2,1012.1,,,,
2026-08-03T01:21:19+00:00,2946,19.11,73.47,2,2,1012,,,,
2026-08-03T01:31:19+00:00,2947,18.9,74.21,3,3,1011.9,,,,
2026-08-03T01:41:19+00:00,2948,18.88,74.41,0,0,1011.9,,,,
2026-08-03T01:51:19+00:00,2949,18.65,75.66,1,1,1011.9,,,,
2026-08-03T02:01:19+00:00,2950,18.63,76.06,3,3,1012,,,,
2026-08-03T02:11:19+00:00,2951,18.63,76.46,1,1,1011.9,,,,
2026-08-03T02:21:19+00:00,2952,18.58,77.27,1,1,1012,,,,
2026-08-03T02:31:19+00:00,2953,18.33,78.11,2,2,1011.9,,,,
2026-08-03T02:41:19+00:00,2954,18.17,79.36,3,3,1011.8,,,,
2026-08-03T02:51:19+00:00,2955,18.14,79.96,3,3,1011.7,,,,
2026-08-03T03:01:19+00:00,2956,18.14,80.57,4,4,1011.7,,,,
2026-08-03T03:11:19+00:00,2957,18.1,81.27,3,3,1011.7,,,,
2026-08-03T03:21:19+00:00,2958,18.07,81.98,5,5,1011.5,,,,
2026-08-03T03:31:19+00:00,2959,17.87,82.82,4,4,1011.7,,,,
2026-08-03T03:41:19+00:00,2960,17.77,83.56,5,5,1011.5,,,,
2026-08-03T04:01:19+00:00,2961,17.7,84.17,2,2,1011.4,,,,
2026-08-03T04:11:19+00:00,2962,17.49,84.31,1,1,1011.5,,,,
2026-08-03T04:21:19+00:00,2963,17.34,84.61,5,5,1011.5,,,,
2026-08-03T04:31:19+00:00,2964,17.31,84.91,4,4,1011.4,,,,
2026-08-03T04:41:19+00:00,2965,17.3,84.51,2,2,1011.5,,,,
2026-08-03T04:51:19+00:00,2966,17.3,84.11,6,6,1011.5,,,,
2026-08-03T05:01:19+00:00,2967,17.31,84.11,2,2,1011.5,,,,
2026-08-03T05:11:19+00:00,2968,17.41,83.8,1,1,1011.5,,,,
2026-08-03T05:21:19+00:00,2969,17.48,83.7,3,3,1011.5,,,,
2026-08-03T05:31:19+00:00,2970,17.62,83.66,7,7,1011.5,,,,
2026-08-03T05:41:19+00:00,2971,17.92,83.42,0,0,1011.5,,,,
2026-08-03T05:51:19+00:00,2972,18.48,80.89,3,3,1011.6,,,,
2026-08-03T06:01:19+00:00,2973,18.88,79.44,2,2,1011.6,,,,
2026-08-03T06:11:19+00:00,2974,18.88,79.85,2,2,1011.6,,,,
2026-08-03T06:21:19+00:00,2975,19.41,78.53,1,1,1011.6,,,,
2026-08-03T06:31:19+00:00,2976,19.74,77.79,2,2,1011.5,,,,
2026-08-03T06:41:19+00:00,2977,20.06,77.05,2,2,1011.5,,,,
2026-08-03T06:51:19+00:00,2978,20.43,76.47,3,3,1011.4,,,,
2026-08-03T07:01:19+00:00,2979,20.61,76.64,2,2,1011.4,,,,
2026-08-03T07:11:19+00:00,2980,21.1,75.46,2,2,1011.3,,,,
2026-08-03T07:21:19+00:00,2981,21.13,75.46,3,3,1011.4,,,,
2026-08-03T07:31:19+00:00,2982,21.51,74.29,7,7,1011.4,,,,
2026-08-03T07:41:19+00:00,2983,22.25,72.29,1,1,1011.2,,,,
2026-08-03T07:51:19+00:00,2984,22.92,69.99,4,4,1011.2,,,,
2026-08-03T08:01:19+00:00,2985,23.39,68.53,2,2,1011.3,,,,
2026-08-03T08:11:19+00:00,2986,23.43,68.23,1,1,1011.4,,,,
2026-08-03T08:21:18+00:00,2987,24.43,66.71,5,5,1011.1,,,,
2026-08-03T08:31:18+00:00,2988,24.57,64.32,1,1,1011.2,,,,
2026-08-03T08:41:18+00:00,2989,25.12,64.73,2,2,1011.1,,,,
2026-08-03T08:51:18+00:00,2990,25.24,63.43,3,3,1011,,,,
2026-08-03T09:01:18+00:00,2991,25.32,61.91,6,6,1011.1,,,,
2026-08-03T09:11:18+00:00,2992,25.67,60.7,2,2,1011,,,,
2026-08-03T09:21:18+00:00,2993,26.22,59.15,4,4,1010.9,,,,
2026-08-03T09:31:18+00:00,2994,27.64,55.92,5,5,1010.9,,,,
2026-08-03T09:41:18+00:00,2995,28.18,53.79,4,4,1010.9,,,,
2026-08-03T09:51:18+00:00,2996,27.94,53.81,4,4,1010.9,,,,
2026-08-03T10:01:18+00:00,2997,29.28,51,3,3,1010.7,,,,
2026-08-03T10:11:18+00:00,2998,29.64,49.8,3,3,1010.7,,,,
2026-08-03T10:21:18+00:00,2999,30.35,47.86,4,4,1010.6,,,,
2026-08-03T10:31:18+00:00,3000,31.26,46.1,5,5,1010.5,,,,
2026-08-03T10:41:18+00:00,3001,31.7,43.31,3,3,1010.6,,,,
2026-08-03T10:51:18+00:00,3002,31.45,44.31,4,4,1010.5,,,,
2026-08-03T11:01:18+00:00,3003,32.39,42.46,8,8,1010.3,,,,
2026-08-03T11:11:18+00:00,3004,31.63,43.51,5,5,1010.2,,,,
2026-08-03T11:21:18+00:00,3005,31.54,43.72,0,0,1010.1,,,,
2026-08-03T11:31:18+00:00,3006,33.2,42.21,5,5,1010.1,,,,
2026-08-03T11:41:18+00:00,3007,33.62,41.87,5,5,1009.9,,,,
2026-08-03T11:51:18+00:00,3008,34.28,39.49,14,14,1009.8,,,,
2026-08-03T12:01:18+00:00,3009,33.88,40.78,13,13,1009.7,,,,
2026-08-03T12:11:18+00:00,3010,34.03,39.31,17,17,1009.8,,,,
2026-08-03T12:21:18+00:00,3011,34.12,38.51,7,7,1009.7,,,,
2026-08-03T12:31:18+00:00,3012,34.02,38.92,5,5,1009.9,,,,
2026-08-03T12:41:18+00:00,3013,33.75,38.55,3,3,1009.7,,,,
2026-08-03T12:51:18+00:00,3014,33.57,36.72,3,3,1009.7,,,,
2026-08-03T13:01:18+00:00,3015,34.96,36.71,3,3,1009.7,,,,
2026-08-03T13:11:18+00:00,3016,34.19,36.96,2,2,1009.8,,,,
2026-08-03T13:21:18+00:00,3017,34.44,36.25,4,4,1009.7,,,,
2026-08-03T13:31:18+00:00,3018,35.52,34.53,6,6,1009.7,,,,
2026-08-03T13:41:18+00:00,3019,35.96,35.37,7,7,1009.6,,,,
2026-08-03T13:51:18+00:00,3020,35.15,35.03,4,4,1009.5,,,,
2026-08-03T14:01:18+00:00,3021,33.15,38.01,3,3,1009.3,,,,
2026-08-03T14:11:18+00:00,3022,33.99,37.37,0,0,1009.2,,,,
2026-08-03T14:21:18+00:00,3023,34.63,36.14,4,4,1009.2,,,,
2026-08-03T14:31:18+00:00,3024,33.77,36.8,2,2,1009.2,,,,
2026-08-03T14:41:18+00:00,3025,34,35.71,3,3,1009.2,,,,
2026-08-03T14:51:18+00:00,3026,34.39,35.08,2,2,1009.1,,,,
2026-08-03T15:01:18+00:00,3027,34.82,35.26,4,4,1009,,,,
2026-08-03T15:11:18+00:00,3028,30.16,41.47,4,4,1009,,,,
2026-08-03T15:21:18+00:00,3029,30.91,39.84,7,7,1009,,,,
2026-08-03T15:31:18+00:00,3030,28.96,42.55,6,6,1008.8,,,,
2026-08-03T15:41:18+00:00,3031,28.78,41.59,5,5,1008.7,,,,
2026-08-03T15:51:18+00:00,3032,28.55,42.1,4,4,1008.6,,,,
2026-08-03T16:01:18+00:00,3033,28.43,43.51,4,4,1008.5,,,,
2026-08-03T16:11:18+00:00,3034,28.33,43.6,3,3,1008.4,,,,
2026-08-03T16:21:18+00:00,3035,28.28,44.39,3,3,1008.5,,,,
2026-08-03T16:31:18+00:00,3036,28.18,45.4,5,5,1008.4,,,,
2026-08-03T16:41:18+00:00,3037,27.69,46.44,6,6,1008.4,,,,
2026-08-03T16:51:18+00:00,3038,27.33,46.55,3,3,1008.3,,,,
2026-08-03T17:01:18+00:00,3039,27.19,46.48,9,9,1008.2,,,,
2026-08-03T17:11:18+00:00,3040,27.04,48.36,4,4,1008.2,,,,
2026-08-03T17:21:18+00:00,3041,27.01,49.25,2,2,1008.2,,,,
2026-08-03T17:31:18+00:00,3042,27.1,48.36,3,3,1008,,,,
2026-08-03T17:41:18+00:00,3043,26.69,49.19,3,3,1008.1,,,,
2026-08-03T17:51:18+00:00,3044,26.47,49.02,6,6,1008.1,,,,
2026-08-03T18:01:18+00:00,3045,25.91,50.16,9,9,1008.1,,,,
2026-08-03T18:11:18+00:00,3046,25.8,51.94,6,6,1008,,,,
2026-08-03T18:21:18+00:00,3047,25.62,53.36,3,3,1008.2,,,,
2026-08-03T18:31:18+00:00,3048,25.32,54.68,4,4,1008.2,,,,
2026-08-03T18:41:18+00:00,3049,24.84,56.12,7,7,1008.2,,,,
2026-08-03T18:51:18+00:00,3050,24.55,56.96,7,7,1008.3,,,,
2026-08-03T19:01:18+00:00,3051,24.42,58.65,8,8,1008.2,,,,
2026-08-03T19:11:18+00:00,3052,24.24,60.47,5,5,1008.2,,,,
2026-08-03T19:21:18+00:00,3053,24.05,61.9,2,2,1008.3,,,,
2026-08-03T19:31:18+00:00,3054,23.81,64.12,7,7,1008.5,,,,
2026-08-03T19:41:18+00:00,3055,23.55,67.63,6,6,1008.6,,,,
2026-08-03T19:51:18+00:00,3056,23.22,70.45,7,7,1008.7,,,,
2026-08-03T20:01:18+00:00,3057,22.9,72.02,9,9,1008.7,,,,
2026-08-03T20:11:18+00:00,3058,22.73,73.72,3,3,1008.9,,,,
2026-08-03T20:21:18+00:00,3059,22.52,74.05,2,2,1009.1,,,,
2026-08-03T20:31:18+00:00,3060,22.36,75.89,11,11,1009.1,,,,
2026-08-03T20:41:18+00:00,3061,22.27,75.98,11,11,1009.1,,,,
2026-08-03T20:51:18+00:00,3062,22,76.72,6,6,1009.1,,,,
2026-08-03T21:01:18+00:00,3063,21.9,77.15,6,6,1009.2,,,,
2026-08-03T21:11:18+00:00,3064,21.83,77.45,5,5,1009.3,,,,
2026-08-03T21:21:18+00:00,3065,21.58,77.79,6,6,1009.3,,,,
2026-08-03T21:31:18+00:00,3066,21.47,78.73,0,0,1009.3,,,,
2026-08-03T21:41:18+00:00,3067,21.44,79.03,3,3,1009.4,,,,
2026-08-03T21:51:18+00:00,3068,21.25,79.57,5,5,1009.4,,,,
2026-08-03T22:01:18+00:00,3069,21.12,80.17,9,9,1009.5,,,,
2026-08-03T22:11:18+00:00,3070,21.09,81.17,9,9,1009.6,,,,
2026-08-03T22:21:18+00:00,3071,20.97,82.21,6,6,1009.6,,,,
2026-08-03T22:31:18+00:00,3072,20.88,83.31,5,5,1009.7,,,,
2026-08-03T22:41:18+00:00,3073,20.81,83.91,8,8,1009.7,,,,
2026-08-03T22:51:18+00:00,3074,20.67,84.65,7,7,1009.7,,,,
2026-08-03T23:01:18+00:00,3075,20.59,84.95,8,8,1009.6,,,,
2026-08-03T23:11:18+00:00,3076,20.51,84.99,8,8,1009.7,,,,
2026-08-03T23:21:18+00:00,3077,20.38,85.3,13,13,1009.8,,,,
2026-08-03T23:31:18+00:00,3078,20.44,85.49,10,10,1009.6,,,,
2026-08-03T23:41:18+00:00,3079,20.38,85.69,14,14,1009.3,,,,
2026-08-03T23:51:18+00:00,3080,20.21,85.74,6,6,1009.1,,,,
2026-08-04T00:01:18+00:00,3081,20.28,85.24,8,8,1009.1,,,,
2026-08-04T00:11:18+00:00,3082,20.17,85.33,9,9,1009.1,,,,
2026-08-04T00:21:18+00:00,3083,20.11,86.24,5,5,1009,,,,
2026-08-04T00:31:18+00:00,3084,19.98,86.88,8,8,1008.9,,,,
2026-08-04T00:41:18+00:00,3085,20.01,87.58,10,10,1008.9,,,,
2026-08-04T00:51:18+00:00,3086,19.86,88.68,9,9,1008.9,,,,
2026-08-04T01:01:18+00:00,3087,20.06,88.89,13,13,1008.7,,,,
2026-08-04T01:11:18+00:00,3088,20.01,89.09,8,8,1008.6,,,,
2026-08-04T01:21:18+00:00,3089,19.89,89.69,8,8,1008.6,,,,
2026-08-04T01:31:18+00:00,3090,19.74,90.23,9,9,1008.6,,,,
2026-08-04T01:41:18+00:00,3091,19.51,90.78,9,9,1008.6,,,,
2026-08-04T01:51:18+00:00,3092,19.4,91.83,5,5,1008.4,,,,
2026-08-04T02:01:18+00:00,3093,19.46,92.08,6,6,1008.4,,,,
2026-08-04T02:11:18+00:00,3094,19.66,90.94,10,10,1008.4,,,,
2026-08-04T02:21:18+00:00,3095,19.66,89.94,14,14,1008.4,,,,
2026-08-04T02:31:18+00:00,3096,19.48,89.78,13,13,1008.4,,,,
2026-08-04T02:41:18+00:00,3097,19.62,89.67,8,8,1008.6,,,,
2026-08-04T02:51:18+00:00,3098,19.58,89.37,5,5,1008.6,,,,
2026-08-04T03:01:18+00:00,3099,19.33,90.12,12,12,1008.5,,,,
2026-08-04T03:11:18+00:00,3100,19.26,90.22,8,8,1008.5,,,,
2026-08-04T03:21:18+00:00,3101,19.18,90.02,10,10,1008.3,,,,
2026-08-04T03:31:18+00:00,3102,19.16,89.86,13,13,1008.3,,,,
2026-08-04T03:41:18+00:00,3103,19.02,90.97,9,9,1008.2,,,,
2026-08-04T03:51:18+00:00,3104,19.02,90.97,14,14,1008.2,,,,
2026-08-04T04:01:18+00:00,3105,18.92,91.17,14,14,1008.2,,,,
2026-08-04T04:11:18+00:00,3106,18.84,92.72,21,21,1008.4,,,,
2026-08-04T04:21:18+00:00,3107,18.9,92.82,19,19,1008.4,,,,
2026-08-04T04:31:18+00:00,3108,18.8,93.52,15,15,1008.3,,,,
2026-08-04T04:41:18+00:00,3109,18.8,93.62,6,6,1008.5,,,,
2026-08-04T04:51:18+00:00,3110,18.87,94.33,8,8,1008.5,,,,
2026-08-04T05:01:18+00:00,3111,19.1,93.88,12,12,1008.4,,,,
2026-08-04T05:11:18+00:00,3112,19.11,93.18,7,7,1008.3,,,,
2026-08-04T05:21:18+00:00,3113,19.16,93.28,15,15,1008.4,,,,
2026-08-04T05:31:18+00:00,3114,19.44,92.99,15,15,1008.5,,,,
2026-08-04T05:41:17+00:00,3115,19.83,91.64,9,9,1008.3,,,,
2026-08-04T05:51:17+00:00,3116,20.73,88.36,10,10,1008.2,,,,
2026-08-04T06:01:17+00:00,3117,21.22,85.87,7,7,1008,,,,
2026-08-04T06:11:17+00:00,3118,21.93,84.05,6,6,1008.1,,,,
2026-08-04T06:21:17+00:00,3119,22.65,80.64,8,8,1007.9,,,,
2026-08-04T06:31:17+00:00,3120,23.28,78.03,9,9,1007.9,,,,
2026-08-04T06:41:17+00:00,3121,23.9,75.63,6,6,1007.9,,,,
2026-08-04T06:51:17+00:00,3122,24.47,73.57,4,4,1007.9,,,,
2026-08-04T07:01:18+00:00,3123,24.42,73.47,16,16,1007.9,,,,
2026-08-04T07:11:17+00:00,3124,24.95,71.01,5,5,1007.9,,,,
2026-08-04T07:21:17+00:00,3125,24.61,69.96,10,10,1008,,,,
2026-08-04T07:31:17+00:00,3126,24.73,70.45,8,8,1008.3,,,,
2026-08-04T07:41:17+00:00,3127,25.94,66.52,6,6,1008.5,,,,
2026-08-04T07:51:17+00:00,3128,26.87,61.83,8,8,1008.3,,,,
2026-08-04T08:01:17+00:00,3129,27.49,60.07,9,9,1008.3,,,,
2026-08-04T08:11:17+00:00,3130,28.61,55.51,7,7,1008.4,,,,
2026-08-04T08:21:17+00:00,3131,28.73,52.23,6,6,1008.4,,,,
2026-08-04T08:31:17+00:00,3132,27.26,54.56,4,4,1008.4,,,,
2026-08-04T08:41:17+00:00,3133,28.41,48.83,6,6,1008.4,,,,
2026-08-04T08:51:17+00:00,3134,28.8,43.27,7,7,1008.3,,,,
2026-08-04T09:01:17+00:00,3135,30.34,43.83,3,3,1008.1,,,,
2026-08-04T09:11:17+00:00,3136,30.62,43.51,3,3,1008.2,,,,
2026-08-04T09:21:17+00:00,3137,30.62,42.63,9,9,1008.2,,,,
2026-08-04T09:31:17+00:00,3138,29.03,44.82,5,5,1008.3,,,,
2026-08-04T09:41:17+00:00,3139,29.38,44.4,2,2,1008.4,,,,
2026-08-04T09:51:17+00:00,3140,29.34,44.11,8,8,1008.3,,,,
2026-08-04T10:01:17+00:00,3141,28.89,44.94,0,0,1008.3,,,,
2026-08-04T10:11:17+00:00,3142,28.78,45.63,4,4,1008.3,,,,
2026-08-04T10:21:17+00:00,3143,29.23,45.09,5,5,1008.2,,,,
2026-08-04T10:31:17+00:00,3144,29.06,45.12,5,5,1008.3,,,,
2026-08-04T10:41:17+00:00,3145,29.38,44.01,4,4,1008.3,,,,
2026-08-04T10:51:17+00:00,3146,29.62,44.09,2,2,1008.3,,,,
2026-08-04T11:01:17+00:00,3147,31.3,41.78,3,3,1008.2,,,,
2026-08-04T11:11:17+00:00,3148,32.47,39.92,4,4,1008.1,,,,
2026-08-04T11:21:17+00:00,3149,34.83,36.53,2,2,1008,,,,
2026-08-04T11:31:17+00:00,3150,33.57,38.28,4,4,1008.1,,,,
2026-08-04T11:41:17+00:00,3151,35.08,37.1,3,3,1008,,,,
2026-08-04T11:51:17+00:00,3152,34.78,37.6,4,4,1007.8,,,,
2026-08-04T12:01:17+00:00,3153,33.35,39.08,3,3,1008.1,,,,
2026-08-04T12:11:17+00:00,3154,33.46,39.65,5,5,1007.8,,,,
2026-08-04T12:21:17+00:00,3155,35.08,38.17,5,5,1008,,,,
2026-08-04T12:31:17+00:00,3156,32.97,40.56,5,5,1007.9,,,,
2026-08-04T12:41:17+00:00,3157,31.93,43.77,3,3,1007.8,,,,
2026-08-04T12:51:17+00:00,3158,33.16,42.01,3,3,1007.8,,,,
2026-08-04T13:01:17+00:00,3159,34.26,40.76,0,0,1007.7,,,,
2026-08-04T13:11:17+00:00,3160,31.4,44.9,3,3,1007.9,,,,
2026-08-04T13:21:17+00:00,3161,30.62,47.05,2,2,1007.8,,,,
2026-08-04T13:31:17+00:00,3162,30.29,48.84,2,2,1007.9,,,,
2026-08-04T13:41:17+00:00,3163,30.8,47.61,1,1,1007.9,,,,
2026-08-04T13:51:17+00:00,3164,31.06,49.75,1,1,1008,,,,
2026-08-04T14:01:17+00:00,3165,31.14,49.73,1,1,1007.9,,,,
2026-08-04T14:11:17+00:00,3166,32.17,48.65,2,2,1007.9,,,,
2026-08-04T14:21:17+00:00,3167,29.38,54.94,0,0,1008.1,,,,
2026-08-04T14:31:17+00:00,3168,29.25,56.22,0,0,1008.1,,,,
2026-08-04T14:41:17+00:00,3169,28.52,58.97,0,0,1008.3,,,,
2026-08-04T14:51:17+00:00,3170,28.43,59.98,1,1,1008.4,,,,
2026-08-04T15:01:17+00:00,3171,28.87,58.74,0,0,1008.3,,,,
2026-08-04T15:11:17+00:00,3172,28.31,60.08,0,0,1008.4,,,,
2026-08-04T15:21:17+00:00,3173,27.46,62.87,0,0,1008.6,,,,
2026-08-04T15:31:17+00:00,3174,26.66,65.92,0,0,1008.7,,,,
2026-08-04T15:41:17+00:00,3175,26.18,67.47,0,0,1008.7,,,,
2026-08-04T15:51:17+00:00,3176,24.93,77.87,2,2,1008.8,,,,
2026-08-04T16:01:17+00:00,3177,24.22,74.8,0,0,1008.8,,,,
2026-08-04T16:11:17+00:00,3178,24.52,72.38,0,0,1008.7,,,,
2026-08-04T16:21:17+00:00,3179,25.25,71.18,0,0,1008.5,,,,
2026-08-04T16:31:17+00:00,3180,24.96,72.31,0,0,1008.4,,,,
2026-08-04T16:41:17+00:00,3181,25.25,71.78,0,0,1008.4,,,,
2026-08-04T16:51:17+00:00,3182,25.32,69.95,0,0,1008.5,,,,
2026-08-04T17:01:17+00:00,3183,25.25,68.5,0,0,1008.5,,,,
2026-08-04T17:11:17+00:00,3184,25.05,67.94,0,0,1008.4,,,,
2026-08-04T17:21:17+00:00,3185,25.12,67.21,0,0,1008.4,,,,
2026-08-04T17:31:17+00:00,3186,24.83,68.13,0,0,1008.5,,,,
2026-08-04T17:41:17+00:00,3187,24.58,68.57,0,0,1008.5,,,,
2026-08-04T17:51:17+00:00,3188,24.55,67.9,0,0,1008.5,,,,
2026-08-04T18:01:17+00:00,3189,24.44,67.9,0,0,1008.5,,,,
2026-08-04T18:11:17+00:00,3190,24.44,68,0,0,1008.6,,,,
2026-08-04T18:21:17+00:00,3191,24.46,68.6,1,1,1008.5,,,,
2026-08-04T18:41:17+00:00,3192,24.29,68.23,0,0,1008.8,,,,
2026-08-04T18:51:17+00:00,3193,24.12,69.13,0,0,1009,,,,
2026-08-04T19:01:17+00:00,3194,23.85,69.09,0,0,1009,,,,
2026-08-04T19:21:17+00:00,3195,23.48,70.52,0,0,1009,,,,
2026-08-04T19:31:17+00:00,3196,23.29,71.25,0,0,1009.2,,,,
2026-08-04T19:41:17+00:00,3197,23.09,72.28,0,0,1009.2,,,,
2026-08-04T19:51:17+00:00,3198,22.92,73.08,0,0,1009.3,,,,
2026-08-04T20:01:17+00:00,3199,22.83,73.61,0,0,1009.4,,,,
2026-08-04T20:11:17+00:00,3200,22.64,74.35,5,5,1009.4,,,,
2026-08-04T20:21:17+00:00,3201,22.52,74.75,1,1,1009.5,,,,
2026-08-04T20:31:17+00:00,3202,22.39,75.59,0,0,1009.5,,,,
2026-08-04T20:41:17+00:00,3203,22.24,76.08,0,0,1009.5,,,,
2026-08-04T20:51:17+00:00,3204,22.07,76.92,0,0,1009.4,,,,
2026-08-04T21:01:17+00:00,3205,21.96,77.75,0,0,1009.6,,,,
2026-08-04T21:11:17+00:00,3206,21.81,78.25,0,0,1009.7,,,,
2026-08-04T21:21:17+00:00,3207,21.61,78.99,0,0,1009.8,,,,
2026-08-04T21:31:17+00:00,3208,21.53,79.59,0,0,1009.8,,,,
2026-08-04T21:41:17+00:00,3209,21.32,80.33,1,1,1009.9,,,,
2026-08-04T21:51:17+00:00,3210,21.29,80.63,0,0,1009.9,,,,
2026-08-04T22:01:17+00:00,3211,21.19,81.37,0,0,1010.1,,,,
2026-08-04T22:11:17+00:00,3212,21.02,82.31,1,1,1010,,,,
2026-08-04T22:21:17+00:00,3213,20.84,82.61,0,0,1010,,,,
2026-08-04T22:31:17+00:00,3214,20.77,83.05,0,0,1010.1,,,,
2026-08-04T22:41:17+00:00,3215,20.59,83.45,0,0,1010.2,,,,
2026-08-04T22:51:17+00:00,3216,20.51,83.79,0,0,1010.2,,,,
2026-08-04T23:01:17+00:00,3217,20.41,83.59,2,2,1010.2,,,,
2026-08-04T23:11:17+00:00,3218,20.39,83.09,2,2,1010.3,,,,
2026-08-04T23:21:17+00:00,3219,20.39,83.49,0,0,1010.4,,,,
2026-08-04T23:31:17+00:00,3220,20.2,83.63,0,0,1010.6,,,,
2026-08-04T23:41:17+00:00,3221,20.11,84.03,0,0,1010.6,,,,
2026-08-04T23:51:17+00:00,3222,20.02,84.27,0,0,1010.7,,,,
2026-08-05T00:01:17+00:00,3223,19.92,84.27,1,1,1010.7,,,,
2026-08-05T00:11:17+00:00,3224,19.91,84.17,0,0,1010.8,,,,
2026-08-05T00:21:17+00:00,3225,19.77,84.61,2,2,1010.8,,,,
2026-08-05T00:31:17+00:00,3226,19.77,84.61,0,0,1010.7,,,,
2026-08-05T00:41:17+00:00,3227,19.71,84.81,0,0,1010.6,,,,
2026-08-05T00:51:17+00:00,3228,19.76,84.51,0,0,1010.6,,,,
2026-08-05T01:01:17+00:00,3229,19.73,84.71,2,2,1010.5,,,,
2026-08-05T01:11:17+00:00,3230,19.77,84.81,0,0,1010.7,,,,
2026-08-05T01:21:17+00:00,3231,19.81,85.11,1,1,1010.7,,,,
2026-08-05T01:31:17+00:00,3232,19.62,85.46,1,1,1010.6,,,,
2026-08-05T01:41:17+00:00,3233,19.46,86.16,1,1,1010.6,,,,
2026-08-05T01:51:17+00:00,3234,19.28,87.01,0,0,1010.6,,,,
2026-08-05T02:01:17+00:00,3235,19.34,86.9,0,0,1010.6,,,,
2026-08-05T02:11:16+00:00,3236,19.37,86.1,0,0,1010.5,,,,
2026-08-05T02:21:17+00:00,3237,19.34,86.1,0,0,1010.5,,,,
2026-08-05T02:31:16+00:00,3238,19.23,86.3,0,0,1010.5,,,,
2026-08-05T02:41:16+00:00,3239,19.18,86.1,0,0,1010.4,,,,
2026-08-05T02:51:16+00:00,3240,19.16,86.04,0,0,1010.4,,,,
2026-08-05T03:01:16+00:00,3241,19.1,85.94,0,0,1010.4,,,,
2026-08-05T03:11:16+00:00,3242,18.95,86.44,0,0,1010.4,,,,
2026-08-05T03:21:16+00:00,3243,18.92,85.74,0,0,1010.5,,,,
2026-08-05T03:31:16+00:00,3244,18.88,85.88,0,0,1010.4,,,,
2026-08-05T03:41:16+00:00,3245,18.81,86.38,3,3,1010.3,,,,
2026-08-05T03:51:16+00:00,3246,18.9,86.38,0,0,1010.3,,,,
2026-08-05T04:01:16+00:00,3247,19.08,86.44,0,0,1010.4,,,,
2026-08-05T04:11:16+00:00,3248,19.07,86.85,0,0,1010.3,,,,
2026-08-05T04:21:16+00:00,3249,19.16,86.74,1,1,1010.3,,,,
2026-08-05T04:31:16+00:00,3250,19.19,86.7,0,0,1010.3,,,,
2026-08-05T04:41:16+00:00,3251,19.26,87.01,0,0,1010.2,,,,
2026-08-05T04:51:16+00:00,3252,19.38,86.6,1,1,1010.2,,,,
2026-08-05T05:01:16+00:00,3253,19.58,86.26,0,0,1010.4,,,,
2026-08-05T05:21:16+00:00,3254,19.63,86.52,1,1,1010.5,,,,
2026-08-05T05:31:16+00:00,3255,19.61,86.56,0,0,1010.6,,,,
2026-08-05T05:51:16+00:00,3256,19.83,86.42,0,0,1010.8,,,,
2026-08-05T06:01:16+00:00,3257,19.54,87.96,1,1,1010.8,,,,
2026-08-05T06:11:16+00:00,3258,19.7,87.12,0,0,1010.9,,,,
2026-08-05T06:21:16+00:00,3259,19.91,85.58,0,0,1010.8,,,,
2026-08-05T06:41:16+00:00,3260,20.51,82.59,3,3,1010.8,,,,
2026-08-05T06:51:16+00:00,3261,20.67,80.54,0,0,1010.7,,,,
2026-08-05T07:01:16+00:00,3262,20.89,79.8,0,0,1010.9,,,,
2026-08-05T07:11:16+00:00,3263,21.09,78.27,0,0,1010.9,,,,
2026-08-05T07:21:16+00:00,3264,21.27,77.06,0,0,1010.9,,,,
2026-08-05T07:31:16+00:00,3265,21.77,75.96,0,0,1010.9,,,,
2026-08-05T07:41:16+00:00,3266,21.46,77.13,0,0,1011.1,,,,
2026-08-05T07:51:16+00:00,3267,21.4,76.53,1,1,1011,,,,
2026-08-05T08:01:16+00:00,3268,21.79,74.66,0,0,1011.2,,,,
2026-08-05T08:11:16+00:00,3269,22.27,73.19,1,1,1011.2,,,,
2026-08-05T08:21:16+00:00,3270,22.35,71.99,0,0,1011.2,,,,
2026-08-05T08:31:16+00:00,3271,23.01,69.09,0,0,1011.1,,,,
2026-08-05T08:41:16+00:00,3272,22.51,69.96,0,0,1011.2,,,,
2026-08-05T08:51:16+00:00,3273,22.32,70.39,0,0,1011.2,,,,
2026-08-05T09:01:16+00:00,3274,22.88,67.73,0,0,1011.3,,,,
2026-08-05T09:11:16+00:00,3275,22.7,68.23,0,0,1011.4,,,,
2026-08-05T09:21:16+00:00,3276,22.79,67.63,0,0,1011.5,,,,
2026-08-05T09:31:16+00:00,3277,23.75,64.72,0,0,1011.6,,,,
2026-08-05T09:41:16+00:00,3278,24.07,64.18,0,0,1011.8,,,,
2026-08-05T09:51:16+00:00,3279,24.05,63.79,0,0,1011.6,,,,
2026-08-05T10:01:16+00:00,3280,24.21,62.66,0,0,1011.6,,,,
2026-08-05T10:11:16+00:00,3281,24.06,62.4,2,2,1011.7,,,,
2026-08-05T10:21:16+00:00,3282,24.03,62.79,2,2,1011.8,,,,
2026-08-05T10:31:16+00:00,3283,24.55,60.55,0,0,1011.8,,,,
2026-08-05T10:41:16+00:00,3284,26.91,55.41,1,1,1011.7,,,,
2026-08-05T10:51:16+00:00,3285,27.96,54.02,0,0,1011.8,,,,
2026-08-05T11:01:16+00:00,3286,26.07,57.17,2,2,1011.7,,,,
2026-08-05T11:11:16+00:00,3287,25.74,56.73,3,3,1011.9,,,,
2026-08-05T11:21:16+00:00,3288,24.65,58.23,2,2,1011.8,,,,
2026-08-05T11:31:16+00:00,3289,27.36,51.2,0,0,1011.8,,,,
2026-08-05T11:41:16+00:00,3290,27.85,49.87,3,3,1011.8,,,,
2026-08-05T11:51:16+00:00,3291,28.95,46,2,2,1011.9,,,,
2026-08-05T12:01:16+00:00,3292,28.64,45.85,2,2,1011.9,,,,
2026-08-05T12:11:16+00:00,3293,27.46,47.84,0,0,1011.9,,,,
2026-08-05T12:21:16+00:00,3294,29.11,41.96,0,0,1012.1,,,,
2026-08-05T12:31:16+00:00,3295,28.89,43.37,1,1,1012.1,,,,
2026-08-05T12:41:16+00:00,3296,29.52,42.32,0,0,1012.4,,,,
2026-08-05T12:51:16+00:00,3297,28.22,42.61,0,0,1012.7,,,,
2026-08-05T13:01:16+00:00,3298,27.46,43.69,0,0,1012.8,,,,
2026-08-05T13:21:16+00:00,3299,25.69,45.12,0,0,1012.7,,,,
2026-08-05T13:31:16+00:00,3300,27.28,41.91,0,0,1012.7,,,,
2026-08-05T13:41:16+00:00,3301,26.85,42.25,0,0,1012.9,,,,
2026-08-05T13:51:16+00:00,3302,29.39,38.49,0,0,1013,,,,
2026-08-05T14:01:16+00:00,3303,29.94,37.07,3,3,1012.9,,,,
2026-08-05T14:11:16+00:00,3304,30.05,36.28,1,1,1013.1,,,,
2026-08-05T14:21:16+00:00,3305,28.98,36.55,0,0,1012.9,,,,
2026-08-05T14:31:16+00:00,3306,31.11,33.75,2,2,1012.9,,,,
2026-08-05T14:41:16+00:00,3307,30.51,35.06,0,0,1013,,,,
2026-08-05T14:51:16+00:00,3308,29.24,37.81,0,0,1013,,,,
2026-08-05T15:01:16+00:00,3309,27.28,39.83,0,0,1013.1,,,,
2026-08-05T15:11:16+00:00,3310,27.03,39.85,1,1,1013.1,,,,
2026-08-05T15:21:16+00:00,3311,25.74,40.47,4,4,1013.3,,,,
2026-08-05T15:31:16+00:00,3312,25.12,40.3,2,2,1013.4,,,,
2026-08-05T15:41:16+00:00,3313,24.61,41.24,2,2,1013.5,,,,
2026-08-05T15:51:16+00:00,3314,24.46,40.26,0,0,1013.4,,,,
2026-08-05T16:01:16+00:00,3315,24.25,40.08,2,2,1013.5,,,,
2026-08-05T16:11:16+00:00,3316,23.91,40.8,0,0,1013.5,,,,
2026-08-05T16:21:16+00:00,3317,23.85,40.72,1,1,1013.5,,,,
2026-08-05T16:31:16+00:00,3318,23.88,40.9,0,0,1013.7,,,,
2026-08-05T16:41:16+00:00,3319,23.84,40.72,2,2,1013.8,,,,
2026-08-05T16:51:16+00:00,3320,23.76,39.42,2,2,1013.7,,,,
2026-08-05T17:01:16+00:00,3321,23.62,40.24,0,0,1013.9,,,,
2026-08-05T17:11:16+00:00,3322,23.47,41.53,1,1,1013.8,,,,
2026-08-05T17:21:16+00:00,3323,23.35,41.36,1,1,1013.8,,,,
2026-08-05T17:31:16+00:00,3324,23.22,41.66,0,0,1014,,,,
2026-08-05T17:41:16+00:00,3325,23.07,42.67,0,0,1014,,,,
2026-08-05T17:51:16+00:00,3326,23.13,42.67,0,0,1014.1,,,,
2026-08-05T18:01:16+00:00,3327,23.07,42.27,0,0,1014.2,,,,
2026-08-05T18:11:16+00:00,3328,22.83,43.09,0,0,1014.2,,,,
2026-08-05T18:21:16+00:00,3329,22.67,44.61,0,0,1014.4,,,,
2026-08-05T18:31:16+00:00,3330,22.45,45.61,2,2,1014.5,,,,
2026-08-05T18:41:16+00:00,3331,22.21,45.85,1,1,1014.8,,,,
2026-08-05T18:51:16+00:00,3332,22.14,46.05,1,1,1014.9,,,,
2026-08-05T19:01:16+00:00,3333,21.91,47.17,0,0,1015,,,,
2026-08-05T19:11:16+00:00,3334,21.83,48.57,0,0,1015,,,,
2026-08-05T19:21:16+00:00,3335,21.57,50.29,1,1,1015.3,,,,
2026-08-05T19:31:16+00:00,3336,21.46,50.92,0,0,1015.4,,,,
2026-08-05T19:41:16+00:00,3337,21.28,51.52,0,0,1015.5,,,,
2026-08-05T19:51:16+00:00,3338,21.13,51.54,0,0,1015.7,,,,
2026-08-05T20:01:16+00:00,3339,20.94,51.37,2,2,1016,,,,
2026-08-05T20:11:16+00:00,3340,20.73,50.69,0,0,1016,,,,
2026-08-05T20:21:16+00:00,3341,20.66,50.19,5,5,1016.1,,,,
2026-08-05T20:31:16+00:00,3342,20.39,51.12,1,1,1016.2,,,,
2026-08-05T20:41:16+00:00,3343,20.25,52.04,0,0,1016.5,,,,
2026-08-05T20:51:16+00:00,3344,20.16,52.84,0,0,1016.5,,,,
2026-08-05T21:01:16+00:00,3345,19.99,53.37,1,1,1016.6,,,,
2026-08-05T21:11:16+00:00,3346,19.83,54.4,2,2,1016.6,,,,
2026-08-05T21:21:16+00:00,3347,19.63,55.71,0,0,1016.7,,,,
2026-08-05T21:31:16+00:00,3348,19.43,56.84,2,2,1016.9,,,,
2026-08-05T21:41:16+00:00,3349,19.26,57.97,0,0,1017,,,,
2026-08-05T21:51:16+00:00,3350,19,59.8,2,2,1017,,,,
2026-08-05T22:01:16+00:00,3351,18.91,60.74,1,1,1017.2,,,,
2026-08-05T22:11:16+00:00,3352,18.73,60.44,0,0,1017.3,,,,
2026-08-05T22:21:16+00:00,3353,18.47,62.07,1,1,1017.4,,,,
2026-08-05T22:31:16+00:00,3354,18.36,64.12,0,0,1017.4,,,,
2026-08-05T22:41:15+00:00,3355,18.14,65.06,0,0,1017.5,,,,
2026-08-05T22:51:15+00:00,3356,18.02,65.16,0,0,1017.5,,,,
2026-08-05T23:01:15+00:00,3357,17.92,66.3,0,0,1017.6,,,,
2026-08-05T23:11:15+00:00,3358,17.71,66.42,2,2,1017.6,,,,
2026-08-05T23:21:16+00:00,3359,17.58,67.13,1,1,1017.7,,,,
2026-08-05T23:31:15+00:00,3360,17.4,68.27,0,0,1017.7,,,,
2026-08-05T23:41:15+00:00,3361,17.34,68.98,0,0,1017.8,,,,
2026-08-05T23:51:15+00:00,3362,17.27,69.31,0,0,1017.9,,,,
2026-08-06T00:01:15+00:00,3363,17.06,69.95,1,1,1017.9,,,,
2026-08-06T00:11:15+00:00,3364,17.04,70.26,1,1,1018.1,,,,
2026-08-06T00:31:15+00:00,3365,16.72,71.3,0,0,1018.1,,,,
2026-08-06T00:41:15+00:00,3366,16.66,71.7,3,3,1018.2,,,,
2026-08-06T00:51:15+00:00,3367,16.46,72.44,0,0,1018.2,,,,
2026-08-06T01:01:15+00:00,3368,16.41,72.64,1,1,1018.2,,,,
2026-08-06T01:11:15+00:00,3369,16.31,72.88,2,2,1018.2,,,,
2026-08-06T01:21:15+00:00,3370,16.26,73.08,0,0,1018.3,,,,
2026-08-06T01:31:15+00:00,3371,16.12,73.63,1,1,1018.5,,,,
2026-08-06T01:41:15+00:00,3372,16.05,73.83,8,8,1018.5,,,,
2026-08-06T01:51:15+00:00,3373,15.97,73.72,0,0,1018.6,,,,
2026-08-06T02:01:15+00:00,3374,15.94,74.23,1,1,1018.6,,,,
2026-08-06T02:11:15+00:00,3375,15.86,73.96,0,0,1018.7,,,,
2026-08-06T02:21:15+00:00,3376,15.84,74.16,1,1,1018.7,,,,
2026-08-06T02:31:15+00:00,3377,15.77,74.27,1,1,1018.8,,,,
2026-08-06T02:41:15+00:00,3378,15.72,74.07,0,0,1018.8,,,,
2026-08-06T02:51:15+00:00,3379,15.65,74.6,2,2,1019,,,,
2026-08-06T03:01:15+00:00,3380,15.5,75.21,1,1,1019,,,,
2026-08-06T03:11:15+00:00,3381,15.43,75.25,2,2,1019.1,,,,
2026-08-06T03:21:15+00:00,3382,15.28,75.85,0,0,1019.1,,,,
2026-08-06T03:31:15+00:00,3383,15.25,76.16,1,1,1019,,,,
2026-08-06T03:41:15+00:00,3384,15.09,76.8,0,0,1019.2,,,,
2026-08-06T03:51:15+00:00,3385,15.04,76.9,0,0,1019.2,,,,
2026-08-06T04:01:15+00:00,3386,14.99,77.25,0,0,1019.2,,,,
2026-08-06T04:11:15+00:00,3387,14.96,77.04,0,0,1019.4,,,,
2026-08-06T04:21:15+00:00,3388,14.99,77.25,0,0,1019.5,,,,
2026-08-06T04:31:15+00:00,3389,14.88,77.45,0,0,1019.6,,,,
2026-08-06T04:41:15+00:00,3390,14.91,77.65,0,0,1019.7,,,,
2026-08-06T04:51:15+00:00,3391,14.94,77.65,0,0,1019.8,,,,
2026-08-06T05:01:15+00:00,3392,14.94,77.45,1,1,1019.8,,,,
2026-08-06T05:11:15+00:00,3393,14.91,77.65,0,0,1020.1,,,,
2026-08-06T05:21:15+00:00,3394,15.01,77.31,2,2,1020.1,,,,
2026-08-06T05:41:15+00:00,3395,15.61,75.21,1,1,1020.2,,,,
2026-08-06T05:51:15+00:00,3396,16.16,72.88,0,0,1020.3,,,,
2026-08-06T06:01:15+00:00,3397,16.35,72.38,0,0,1020.4,,,,
2026-08-06T06:11:15+00:00,3398,17.03,70.15,0,0,1020.4,,,,
2026-08-06T06:21:15+00:00,3399,17.93,66.8,0,0,1020.4,,,,
2026-08-06T06:31:15+00:00,3400,18.22,65.06,0,0,1020.4,,,,
2026-08-06T06:41:15+00:00,3401,18.33,65.42,0,0,1020.6,,,,
2026-08-06T06:51:15+00:00,3402,18.92,63.42,0,0,1020.6,,,,
2026-08-06T07:01:15+00:00,3403,18.88,63.15,0,0,1020.7,,,,
2026-08-06T07:11:15+00:00,3404,18.58,63.89,1,1,1020.8,,,,
2026-08-06T07:21:15+00:00,3405,18.54,63.48,1,1,1020.8,,,,
2026-08-06T07:31:15+00:00,3406,18.66,63.68,0,0,1020.9,,,,
2026-08-06T07:41:15+00:00,3407,19.7,60.72,0,0,1021,,,,
2026-08-06T07:51:15+00:00,3408,20.26,59.26,0,0,1021.1,,,,
2026-08-06T08:01:15+00:00,3409,20.33,58.94,0,0,1021.1,,,,
2026-08-06T08:11:15+00:00,3410,21.03,55.98,0,0,1021.2,,,,
2026-08-06T08:21:15+00:00,3411,20.7,54.39,0,0,1021.2,,,,
2026-08-06T08:31:15+00:00,3412,20.74,55.8,1,1,1021.1,,,,
2026-08-06T08:41:15+00:00,3413,20.52,57.03,0,0,1021.1,,,,
2026-08-06T08:51:15+00:00,3414,21.86,54.27,1,1,1021.1,,,,
2026-08-06T09:01:15+00:00,3415,21.31,51.32,0,0,1021.1,,,,
2026-08-06T09:11:15+00:00,3416,21.8,49.47,0,0,1021.1,,,,
2026-08-06T09:21:15+00:00,3417,22.83,45.89,1,1,1021.3,,,,
2026-08-06T09:31:15+00:00,3418,21.55,47.69,0,0,1021.2,,,,
2026-08-06T09:41:15+00:00,3419,21.81,46.67,0,0,1021.4,,,,
2026-08-06T09:51:15+00:00,3420,20.61,49.39,0,0,1021.4,,,,
2026-08-06T10:01:15+00:00,3421,20.55,49.61,0,0,1021.5,,,,
2026-08-06T10:11:15+00:00,3422,22.22,45.23,0,0,1021.3,,,,
2026-08-06T10:21:15+00:00,3423,21,48.16,1,1,1021.6,,,,
2026-08-06T10:31:15+00:00,3424,21.44,47.02,0,0,1021.6,,,,
2026-08-06T10:41:15+00:00,3425,20.98,47.96,1,1,1021.6,,,,
2026-08-06T10:51:15+00:00,3426,24.13,42.27,0,0,1021.6,,,,
2026-08-06T11:01:15+00:00,3427,22.67,43.41,0,0,1021.6,,,,
2026-08-06T11:11:15+00:00,3428,21.84,45.67,0,0,1021.8,,,,
2026-08-06T11:21:15+00:00,3429,21.34,47.02,0,0,1021.9,,,,
2026-08-06T11:31:15+00:00,3430,21.22,48.24,0,0,1022,,,,
2026-08-06T11:41:15+00:00,3431,21.86,45.37,0,0,1022.1,,,,
2026-08-06T11:51:15+00:00,3432,24.39,41.16,0,0,1021.9,,,,
2026-08-06T12:01:15+00:00,3433,24.4,41.55,0,0,1022,,,,
2026-08-06T12:11:15+00:00,3434,22.58,43.11,0,0,1022.1,,,,
2026-08-06T12:21:15+00:00,3435,23.35,42.35,0,0,1022,,,,
2026-08-06T12:31:15+00:00,3436,23.76,41.71,0,0,1022,,,,
2026-08-06T12:41:15+00:00,3437,23.91,41.39,0,0,1022.1,,,,
2026-08-06T12:51:15+00:00,3438,25.07,39.81,0,0,1022.1,,,,
2026-08-06T13:01:15+00:00,3439,26.41,36.74,0,0,1021.9,,,,
2026-08-06T13:11:15+00:00,3440,25.06,38.81,0,0,1022,,,,
2026-08-06T13:21:15+00:00,3441,25.84,36.98,0,0,1022,,,,
2026-08-06T13:31:15+00:00,3442,27.16,35.11,0,0,1022,,,,
2026-08-06T13:41:15+00:00,3443,25.54,38.48,0,0,1022.1,,,,
2026-08-06T13:51:15+00:00,3444,28.01,34.25,0,0,1022,,,,
2026-08-06T14:01:15+00:00,3445,23.99,40.2,0,0,1022,,,,
2026-08-06T14:11:15+00:00,3446,23.6,40.54,0,0,1021.9,,,,
2026-08-06T14:21:15+00:00,3447,26.48,36.24,0,0,1022,,,,
2026-08-06T14:31:15+00:00,3448,24.54,38.87,0,0,1021.9,,,,
2026-08-06T14:41:15+00:00,3449,25.36,38.4,0,0,1022.1,,,,
2026-08-06T14:51:15+00:00,3450,25.11,36.83,0,0,1022,,,,
2026-08-06T15:01:15+00:00,3451,24.44,38.47,0,0,1021.9,,,,
2026-08-06T15:11:15+00:00,3452,24.31,38.09,1,1,1021.8,,,,
2026-08-06T15:21:15+00:00,3453,24.28,38.89,0,0,1021.8,,,,
2026-08-06T15:31:15+00:00,3454,22.95,40.68,0,0,1021.7,,,,
2026-08-06T15:41:15+00:00,3455,22.9,40.89,0,0,1021.7,,,,
2026-08-06T15:51:15+00:00,3456,22.95,41.08,0,0,1021.7,,,,
2026-08-06T16:01:15+00:00,3457,22.07,40.95,0,0,1021.7,,,,
2026-08-06T16:11:15+00:00,3458,21.99,41.36,0,0,1021.6,,,,
2026-08-06T16:21:15+00:00,3459,22.3,41.44,0,0,1021.7,,,,
2026-08-06T16:31:15+00:00,3460,22.2,42.55,0,0,1021.7,,,,
2026-08-06T16:41:15+00:00,3461,21.86,43.27,0,0,1021.7,,,,
2026-08-06T16:51:15+00:00,3462,21.58,42.69,0,0,1021.7,,,,
2026-08-06T17:01:15+00:00,3463,21.61,41.69,0,0,1021.7,,,,
2026-08-06T17:11:15+00:00,3464,21.79,42.77,0,0,1021.8,,,,
2026-08-06T17:21:15+00:00,3465,21.59,42.6,1,1,1021.8,,,,
2026-08-06T17:31:15+00:00,3466,21.73,41.6,1,1,1021.8,,,,
2026-08-06T17:51:15+00:00,3467,21.46,42.91,0,0,1021.8,,,,
2026-08-06T18:01:15+00:00,3468,21.43,42.91,1,1,1021.9,,,,
2026-08-06T18:11:15+00:00,3469,21.21,43.24,1,1,1021.9,,,,
2026-08-06T18:21:15+00:00,3470,21.25,43.33,0,0,1021.9,,,,
2026-08-06T18:31:15+00:00,3471,21.09,43.13,0,0,1021.9,,,,
2026-08-06T18:41:15+00:00,3472,20.98,43.66,1,1,1021.9,,,,
2026-08-06T18:51:15+00:00,3473,20.91,44.16,0,0,1021.9,,,,
2026-08-06T19:01:15+00:00,3474,20.84,44.46,0,0,1022,,,,
2026-08-06T19:11:15+00:00,3475,20.69,44.38,0,0,1022.1,,,,
2026-08-06T19:21:15+00:00,3476,20.57,44.88,2,2,1022.1,,,,
2026-08-06T19:31:15+00:00,3477,20.38,45.4,0,0,1022.1,,,,
2026-08-06T19:41:15+00:00,3478,20.07,46.04,4,4,1022.4,,,,
2026-08-06T19:51:15+00:00,3479,20.2,45.83,0,0,1022.4,,,,
2026-08-06T20:01:15+00:00,3480,19.99,46.04,3,3,1022.6,,,,
2026-08-06T20:11:15+00:00,3481,19.92,46.45,0,0,1022.6,,,,
2026-08-06T20:21:15+00:00,3482,19.77,47.17,1,1,1022.7,,,,
2026-08-06T20:31:14+00:00,3483,19.58,47.5,3,3,1022.8,,,,
2026-08-06T20:41:15+00:00,3484,19.44,48,0,0,1022.9,,,,
2026-08-06T20:51:14+00:00,3485,19.37,48.72,1,1,1022.9,,,,
2026-08-06T21:01:14+00:00,3486,19.25,48.63,1,1,1023,,,,
2026-08-06T21:11:14+00:00,3487,19.08,48.75,3,3,1023.1,,,,
2026-08-06T21:21:14+00:00,3488,18.84,49.57,0,0,1023.2,,,,
2026-08-06T21:31:14+00:00,3489,19,49.35,0,0,1023.3,,,,
2026-08-06T21:41:14+00:00,3490,18.85,50.48,0,0,1023.5,,,,
2026-08-06T21:51:14+00:00,3491,18.45,51.84,2,2,1023.5,,,,
2026-08-06T22:01:14+00:00,3492,18.4,52.24,0,0,1023.5,,,,
2026-08-06T22:11:14+00:00,3493,18.27,52.54,1,1,1023.4,,,,
2026-08-06T22:21:14+00:00,3494,17.78,54,0,0,1023.4,,,,
2026-08-06T22:31:14+00:00,3495,17.46,55.66,2,2,1023.4,,,,
2026-08-06T22:41:14+00:00,3496,17.38,56.17,2,2,1023.4,,,,
2026-08-06T22:51:14+00:00,3497,16.85,57.64,0,0,1023.5,,,,
2026-08-06T23:01:14+00:00,3498,16.56,58.8,1,1,1023.6,,,,
2026-08-06T23:11:14+00:00,3499,16.45,59.91,0,0,1023.6,,,,
2026-08-06T23:21:14+00:00,3500,16.42,60.93,0,0,1023.5,,,,
2026-08-06T23:31:14+00:00,3501,16.51,61.03,0,0,1023.4,,,,
2026-08-06T23:41:14+00:00,3502,16.3,62.37,1,1,1023.6,,,,
2026-08-06T23:51:14+00:00,3503,16.41,59.31,2,2,1023.5,,,,
2026-08-07T00:01:14+00:00,3504,17.31,57.68,2,2,1023.5,,,,
2026-08-07T00:11:14+00:00,3505,16.97,57.74,2,2,1023.6,,,,
2026-08-07T00:21:14+00:00,3506,16.6,60.22,0,0,1023.7,,,,
2026-08-07T00:31:14+00:00,3507,16.3,61.25,2,2,1023.7,,,,
2026-08-07T00:41:14+00:00,3508,15.92,62.4,1,1,1023.5,,,,
2026-08-07T00:51:14+00:00,3509,16.08,62.9,0,0,1023.6,,,,
2026-08-07T01:01:14+00:00,3510,15.97,63.01,3,3,1023.5,,,,
2026-08-07T01:11:14+00:00,3511,16.05,63.81,0,0,1023.5,,,,
2026-08-07T01:21:14+00:00,3512,16.28,64.7,0,0,1023.5,,,,
2026-08-07T01:31:14+00:00,3513,15.89,64.45,3,3,1023.6,,,,
2026-08-07T01:41:14+00:00,3514,15.56,65.8,3,3,1023.5,,,,
2026-08-07T01:51:14+00:00,3515,15.27,68.36,2,2,1023.5,,,,
2026-08-07T02:01:14+00:00,3516,15.34,67.65,1,1,1023.4,,,,
2026-08-07T02:11:14+00:00,3517,15.04,69.51,1,1,1023.6,,,,
2026-08-07T02:21:14+00:00,3518,15.01,69.1,2,2,1023.7,,,,
2026-08-07T02:31:14+00:00,3519,15.13,68.8,4,4,1023.5,,,,
2026-08-07T02:41:14+00:00,3520,15.14,68.6,1,1,1023.6,,,,
2026-08-07T02:51:14+00:00,3521,14.96,69.13,0,0,1023.6,,,,
2026-08-07T03:01:14+00:00,3522,14.89,69.34,3,3,1023.4,,,,
2026-08-07T03:11:14+00:00,3523,14.8,69.54,1,1,1023.4,,,,
2026-08-07T03:21:14+00:00,3524,14.85,69.95,4,4,1023.4,,,,
2026-08-07T03:31:14+00:00,3525,14.81,70.25,2,2,1023.2,,,,
2026-08-07T03:41:14+00:00,3526,14.5,71.94,0,0,1023.3,,,,
2026-08-07T03:51:14+00:00,3527,14.39,73.26,4,4,1023.4,,,,
2026-08-07T04:01:14+00:00,3528,14.24,74.1,3,3,1023.3,,,,
2026-08-07T04:11:14+00:00,3529,14.05,74.95,6,6,1023.4,,,,
2026-08-07T04:21:14+00:00,3530,13.89,75.87,1,1,1023.4,,,,
2026-08-07T04:31:14+00:00,3531,13.64,77.36,1,1,1023.4,,,,
2026-08-07T04:41:14+00:00,3532,13.39,78.52,4,4,1023.4,,,,
2026-08-07T04:51:14+00:00,3533,13.29,80.15,0,0,1023.4,,,,
2026-08-07T05:01:14+00:00,3534,13.42,80.31,6,6,1023.4,,,,
2026-08-07T05:11:14+00:00,3535,13.52,80.21,8,8,1023.4,,,,
2026-08-07T05:21:14+00:00,3536,13.56,80.51,2,2,1023.5,,,,
2026-08-07T05:31:14+00:00,3537,13.63,80,2,2,1023.5,,,,
2026-08-07T05:41:14+00:00,3538,14.18,77.86,0,0,1023.6,,,,
2026-08-07T05:51:14+00:00,3539,14.48,77.01,2,2,1023.8,,,,
2026-08-07T06:01:14+00:00,3540,14.94,75.93,3,3,1023.8,,,,
2026-08-07T06:11:14+00:00,3541,15.44,74.13,9,9,1023.6,,,,
2026-08-07T06:21:14+00:00,3542,16.01,72.21,2,2,1023.5,,,,
2026-08-07T06:31:14+00:00,3543,16.51,70.83,1,1,1023.4,,,,
2026-08-07T06:41:14+00:00,3544,16.83,69.08,2,2,1023.5,,,,
2026-08-07T07:01:14+00:00,3545,18.23,65.36,2,2,1023.3,,,,
2026-08-07T07:11:14+00:00,3546,17.8,65.79,0,0,1023.4,,,,
2026-08-07T07:21:14+00:00,3547,18.33,62.71,0,0,1023.5,,,,
2026-08-07T07:31:14+00:00,3548,18.73,62.55,0,0,1023.5,,,,
2026-08-07T07:41:14+00:00,3549,20.21,58.06,0,0,1023.4,,,,
2026-08-07T07:51:14+00:00,3550,20.49,56.23,2,2,1023.5,,,,
2026-08-07T08:01:14+00:00,3551,19.99,55.68,0,0,1023.5,,,,
2026-08-07T08:11:14+00:00,3552,21.39,52.42,0,0,1023.5,,,,
2026-08-07T08:21:14+00:00,3553,21.37,52.42,0,0,1023.5,,,,
2026-08-07T08:31:14+00:00,3554,21.91,51.27,1,1,1023.4,,,,
2026-08-07T08:41:14+00:00,3555,22.36,50.52,0,0,1023.4,,,,
2026-08-07T08:51:14+00:00,3556,22.7,48.68,0,0,1023.4,,,,
2026-08-07T09:01:14+00:00,3557,23.22,47.63,1,1,1023.4,,,,
2026-08-07T09:11:14+00:00,3558,23.27,45.84,0,0,1023.3,,,,
2026-08-07T09:21:14+00:00,3559,24.67,43.92,1,1,1023.3,,,,
2026-08-07T09:31:14+00:00,3560,25.2,42.49,0,0,1023.2,,,,
2026-08-07T09:41:14+00:00,3561,24.88,41.71,0,0,1023.1,,,,
2026-08-07T09:51:14+00:00,3562,25.12,42.49,0,0,1023,,,,
2026-08-07T10:01:14+00:00,3563,25.5,40.09,2,2,1023,,,,
2026-08-07T10:11:14+00:00,3564,25.67,40.26,0,0,1022.8,,,,
2026-08-07T10:21:14+00:00,3565,26.97,38.49,0,0,1022.9,,,,
2026-08-07T10:31:14+00:00,3566,27.15,37.68,0,0,1022.9,,,,
2026-08-07T10:41:14+00:00,3567,25.54,39.17,0,0,1022.6,,,,
2026-08-07T10:51:14+00:00,3568,26.59,38.7,1,1,1022.6,,,,
2026-08-07T11:01:14+00:00,3569,27.07,36.1,4,4,1022.4,,,,
2026-08-07T11:11:14+00:00,3570,26.52,38.01,1,1,1022.4,,,,
2026-08-07T11:21:14+00:00,3571,25.14,39.31,1,1,1022.3,,,,
2026-08-07T11:31:14+00:00,3572,28,35.53,0,0,1022.3,,,,
2026-08-07T11:41:14+00:00,3573,29.25,34.66,0,0,1022,,,,
2026-08-07T11:51:14+00:00,3574,27.03,37.28,4,4,1021.9,,,,
2026-08-07T12:01:14+00:00,3575,28.36,36.11,0,0,1021.7,,,,
2026-08-07T12:11:14+00:00,3576,30.01,34.22,0,0,1021.8,,,,
2026-08-07T12:21:14+00:00,3577,29.09,34.38,0,0,1021.7,,,,
2026-08-07T12:31:14+00:00,3578,29.94,33.03,3,3,1021.6,,,,
2026-08-07T12:41:14+00:00,3579,28.41,33.54,3,3,1021.5,,,,
2026-08-07T12:51:14+00:00,3580,30.34,31.64,1,1,1021.6,,,,
2026-08-07T13:01:14+00:00,3581,30.52,31.13,2,2,1021.4,,,,
2026-08-07T13:11:14+00:00,3582,31.21,30.3,0,0,1021.4,,,,
2026-08-07T13:21:14+00:00,3583,31.48,30.19,1,1,1021.2,,,,
2026-08-07T13:31:14+00:00,3584,31.69,29.2,0,0,1021,,,,
2026-08-07T13:41:14+00:00,3585,31.63,28.81,1,1,1020.9,,,,
2026-08-07T13:51:14+00:00,3586,30.36,29.97,1,1,1020.8,,,,
2026-08-07T14:01:14+00:00,3587,30.29,29.87,0,0,1020.8,,,,
2026-08-07T14:11:14+00:00,3588,30.36,31.35,2,2,1020.7,,,,
2026-08-07T14:21:14+00:00,3589,31.3,29.22,1,1,1020.5,,,,
2026-08-07T14:31:14+00:00,3590,32.67,27.97,0,0,1020.5,,,,
2026-08-07T14:41:14+00:00,3591,32.53,28.57,0,0,1020.3,,,,
2026-08-07T14:51:14+00:00,3592,31.62,29.11,0,0,1020.5,,,,
2026-08-07T15:01:14+00:00,3593,32.69,28.55,0,0,1020.3,,,,
2026-08-07T15:11:14+00:00,3594,33.77,27.23,0,0,1020.3,,,,
2026-08-07T15:21:14+00:00,3595,29.12,30.63,2,2,1020.3,,,,
2026-08-07T15:31:14+00:00,3596,26.74,34.03,0,0,1020.2,,,,
2026-08-07T15:41:14+00:00,3597,25.88,35.78,0,0,1020.1,,,,
2026-08-07T15:51:14+00:00,3598,25.47,36.71,0,0,1020,,,,
2026-08-07T16:01:14+00:00,3599,25.14,36.93,1,1,1020,,,,
2026-08-07T16:11:14+00:00,3600,24.93,37.45,0,0,1020,,,,
2026-08-07T16:21:14+00:00,3601,24.84,37.34,0,0,1019.8,,,,
2026-08-07T16:31:14+00:00,3602,24.93,37.34,0,0,1019.8,,,,
2026-08-07T16:41:14+00:00,3603,24.61,37.26,0,0,1019.6,,,,
2026-08-07T16:51:14+00:00,3604,24.52,37.58,0,0,1019.6,,,,
2026-08-07T17:01:14+00:00,3605,24.8,37.26,0,0,1019.5,,,,
2026-08-07T17:11:14+00:00,3606,24.83,36.45,2,2,1019.5,,,,
2026-08-07T17:21:14+00:00,3607,24.95,36.75,2,2,1019.6,,,,
2026-08-07T17:31:14+00:00,3608,24.74,36.36,2,2,1019.5,,,,
2026-08-07T17:41:14+00:00,3609,24.44,36.98,1,1,1019.4,,,,
2026-08-07T17:51:14+00:00,3610,24.22,37.49,1,1,1019.4,,,,
2026-08-07T18:01:14+00:00,3611,24.47,37.68,0,0,1019.4,,,,
2026-08-07T18:11:14+00:00,3612,24.64,36.47,0,0,1019.5,,,,
2026-08-07T18:21:14+00:00,3613,24.68,36.57,1,1,1019.5,,,,
2026-08-07T18:31:14+00:00,3614,24.25,50.03,3,3,1019.4,,,,
2026-08-07T18:41:14+00:00,3615,24.15,49.33,1,1,1019.5,,,,
2026-08-07T18:51:14+00:00,3616,23.92,49.76,0,0,1019.6,,,,
2026-08-07T19:01:14+00:00,3617,23.69,49.78,2,2,1019.6,,,,
2026-08-07T19:11:13+00:00,3618,23.25,48.23,0,0,1019.6,,,,
2026-08-07T19:21:13+00:00,3619,22.92,49.85,2,2,1019.8,,,,
2026-08-07T19:31:13+00:00,3620,22.46,51.4,0,0,1019.9,,,,
2026-08-07T19:41:13+00:00,3621,22.14,52.44,1,1,1020,,,,
2026-08-07T19:51:13+00:00,3622,21.88,53.07,0,0,1020.2,,,,
2026-08-07T20:01:13+00:00,3623,21.64,53.79,2,2,1020.3,,,,
2026-08-07T20:11:13+00:00,3624,21.44,53.82,6,6,1020.5,,,,
2026-08-07T20:21:13+00:00,3625,21.31,54.42,2,2,1020.6,,,,
2026-08-07T20:31:13+00:00,3626,21.09,54.64,3,3,1020.8,,,,
2026-08-07T20:41:13+00:00,3627,20.91,55.57,3,3,1020.8,,,,
2026-08-07T20:51:13+00:00,3628,20.69,56.4,2,2,1020.8,,,,
2026-08-07T21:01:13+00:00,3629,20.48,56.93,3,3,1020.9,,,,
2026-08-07T21:11:13+00:00,3630,20.47,57.03,0,0,1020.9,,,,
2026-08-07T21:21:13+00:00,3631,20.2,57.96,4,4,1020.9,,,,
2026-08-07T21:31:13+00:00,3632,20.09,57.98,0,0,1020.8,,,,
2026-08-07T21:41:13+00:00,3633,19.92,58.69,2,2,1020.8,,,,
2026-08-07T22:01:13+00:00,3634,19.52,59.14,1,1,1020.8,,,,
2026-08-07T22:11:13+00:00,3635,19.38,59.08,0,0,1020.9,,,,
2026-08-07T22:21:13+00:00,3636,19.34,59.08,2,2,1020.9,,,,
2026-08-07T22:31:13+00:00,3637,19.26,59.78,0,0,1020.9,,,,
2026-08-07T22:41:13+00:00,3638,19.18,60.38,3,3,1020.8,,,,
2026-08-07T22:51:13+00:00,3639,18.96,61.61,0,0,1020.8,,,,
2026-08-07T23:01:13+00:00,3640,18.98,62.02,0,0,1020.8,,,,
2026-08-07T23:11:13+00:00,3641,18.8,63.05,1,1,1020.7,,,,
2026-08-07T23:21:13+00:00,3642,18.75,64.06,2,2,1020.7,,,,
2026-08-07T23:31:13+00:00,3643,18.65,64.49,1,1,1020.7,,,,
2026-08-07T23:41:13+00:00,3644,18.58,65.5,1,1,1020.7,,,,
2026-08-07T23:51:13+00:00,3645,18.47,66.1,0,0,1020.6,,,,
2026-08-08T00:01:13+00:00,3646,18.25,66.63,1,1,1020.5,,,,
2026-08-08T00:11:13+00:00,3647,18.23,67.07,2,2,1020.6,,,,
2026-08-08T00:21:13+00:00,3648,17.92,68.31,1,1,1020.5,,,,
2026-08-08T00:31:13+00:00,3649,17.86,69.01,0,0,1020.5,,,,
2026-08-08T00:41:13+00:00,3650,17.83,69.42,1,1,1020.6,,,,
2026-08-08T00:51:13+00:00,3651,17.45,71.3,1,1,1020.6,,,,
2026-08-08T01:01:13+00:00,3652,17.38,71.3,2,2,1020.4,,,,
2026-08-08T01:11:13+00:00,3653,17.18,72.24,0,0,1020.6,,,,
2026-08-08T01:21:13+00:00,3654,17.04,72.78,1,1,1020.5,,,,
2026-08-08T01:31:13+00:00,3655,17.14,71.84,1,1,1020.5,,,,
2026-08-08T01:41:13+00:00,3656,16.78,72.81,3,3,1020.5,,,,
2026-08-08T01:51:13+00:00,3657,16.36,73.69,2,2,1020.5,,,,
2026-08-08T02:01:13+00:00,3658,16.26,74.8,1,1,1020.6,,,,
2026-08-08T02:11:13+00:00,3659,16.01,75.04,0,0,1020.5,,,,
2026-08-08T02:21:13+00:00,3660,16.09,75.65,2,2,1020.4,,,,
2026-08-08T02:31:13+00:00,3661,16.09,75.45,1,1,1020.4,,,,
2026-08-08T02:41:13+00:00,3662,16.02,74.63,0,0,1020.4,,,,
2026-08-08T02:51:13+00:00,3663,16.05,73.43,1,1,1020.3,,,,
2026-08-08T03:01:13+00:00,3664,15.92,73.52,3,3,1020.4,,,,
2026-08-08T03:11:13+00:00,3665,15.87,72.75,0,0,1020.4,,,,
2026-08-08T03:21:13+00:00,3666,15.84,71.84,1,1,1020.4,,,,
2026-08-08T03:31:13+00:00,3667,15.72,72.04,1,1,1020.3,,,,
2026-08-08T03:41:13+00:00,3668,15.74,71.73,1,1,1020.4,,,,
2026-08-08T03:51:13+00:00,3669,15.38,72.92,2,2,1020.3,,,,
2026-08-08T04:01:13+00:00,3670,15.19,75.89,1,1,1020.3,,,,
2026-08-08T04:11:13+00:00,3671,14.92,77.14,1,1,1020.4,,,,
2026-08-08T04:21:13+00:00,3672,14.81,78.46,1,1,1020.4,,,,
2026-08-08T04:31:13+00:00,3673,14.72,79.11,1,1,1020.3,,,,
2026-08-08T04:41:13+00:00,3674,14.37,80.26,0,0,1020.3,,,,
2026-08-08T04:51:13+00:00,3675,14.25,81.31,3,3,1020.3,,,,
2026-08-08T05:01:13+00:00,3676,14.66,80.73,1,1,1020.2,,,,
2026-08-08T05:11:13+00:00,3677,14.65,80.93,0,0,1020.4,,,,
2026-08-08T05:21:13+00:00,3678,14.53,81.38,2,2,1020.3,,,,
2026-08-08T05:31:13+00:00,3679,14.81,81.91,0,0,1020.2,,,,
2026-08-08T05:41:13+00:00,3680,15.56,80.38,0,0,1020.2,,,,
2026-08-08T05:51:13+00:00,3681,15.98,78.99,0,0,1020.2,,,,
2026-08-08T06:01:13+00:00,3682,16.26,78.44,3,3,1020.2,,,,
2026-08-08T06:11:13+00:00,3683,16.9,76.72,1,1,1020.2,,,,
2026-08-08T06:21:13+00:00,3684,18.04,73.52,0,0,1020.2,,,,
2026-08-08T06:31:13+00:00,3685,18.82,71.09,0,0,1020.2,,,,
2026-08-08T06:41:13+00:00,3686,18.92,71.47,0,0,1020.2,,,,
2026-08-08T06:51:13+00:00,3687,19.58,69.09,2,2,1020.1,,,,
2026-08-08T07:01:13+00:00,3688,19.62,69.89,0,0,1020.1,,,,
2026-08-08T07:11:13+00:00,3689,19.86,69.02,0,0,1020.2,,,,
2026-08-08T07:21:13+00:00,3690,20.57,67.92,0,0,1020.1,,,,
2026-08-08T07:31:13+00:00,3691,21.21,65.45,0,0,1020,,,,
2026-08-08T07:41:13+00:00,3692,21.42,63.02,1,1,1020,,,,
2026-08-08T07:51:13+00:00,3693,22.36,59.41,0,0,1020,,,,
2026-08-08T08:01:13+00:00,3694,22.15,58.14,0,0,1019.9,,,,
2026-08-08T08:11:13+00:00,3695,22.85,54.06,2,2,1019.8,,,,
2026-08-08T08:21:13+00:00,3696,23.02,53.34,3,3,1019.8,,,,
2026-08-08T08:31:13+00:00,3697,23.24,51.92,0,0,1019.8,,,,
2026-08-08T08:41:13+00:00,3698,23.8,51.27,0,0,1019.7,,,,
2026-08-08T08:51:13+00:00,3699,23.66,52.27,0,0,1019.6,,,,
2026-08-08T09:01:13+00:00,3700,23.91,50.85,1,1,1019.6,,,,
2026-08-08T09:11:13+00:00,3701,24.65,50.18,0,0,1019.5,,,,
2026-08-08T09:21:13+00:00,3702,25.1,49.24,0,0,1019.5,,,,
2026-08-08T09:31:13+00:00,3703,26.26,46.64,0,0,1019.4,,,,
2026-08-08T09:41:13+00:00,3704,26.54,46.62,1,1,1019.5,,,,
2026-08-08T09:51:13+00:00,3705,26.42,46.15,1,1,1019.3,,,,
2026-08-08T10:01:13+00:00,3706,27.75,42.16,1,1,1019.2,,,,
2026-08-08T10:11:13+00:00,3707,27.1,39.95,2,2,1019.2,,,,
2026-08-08T10:21:13+00:00,3708,27.25,39.93,0,0,1019.2,,,,
2026-08-08T10:31:13+00:00,3709,28.21,40.05,0,0,1019.1,,,,
2026-08-08T10:41:13+00:00,3710,27.47,39.52,2,2,1018.9,,,,
2026-08-08T10:51:13+00:00,3711,28.5,39.34,1,1,1018.7,,,,
2026-08-08T11:01:13+00:00,3712,28.55,36.78,2,2,1018.6,,,,
2026-08-08T11:11:13+00:00,3713,28.31,40.05,1,1,1018.6,,,,
2026-08-08T11:21:13+00:00,3714,28.85,39.52,0,0,1018.4,,,,
2026-08-08T11:31:13+00:00,3715,29.49,38.48,1,1,1018.3,,,,
2026-08-08T11:41:13+00:00,3716,29.36,37.41,1,1,1018.1,,,,
2026-08-08T11:51:13+00:00,3717,30.8,36.32,1,1,1018,,,,
2026-08-08T12:01:13+00:00,3718,30.31,34.59,1,1,1017.9,,,,
2026-08-08T12:11:13+00:00,3719,30.81,36.03,4,4,1017.7,,,,
2026-08-08T12:21:13+00:00,3720,30.66,36.13,2,2,1017.7,,,,
2026-08-08T12:31:13+00:00,3721,31.17,34.52,1,1,1017.5,,,,
2026-08-08T12:41:13+00:00,3722,31.52,34.61,1,1,1017.5,,,,
2026-08-08T12:51:13+00:00,3723,32.03,33.79,2,2,1017.4,,,,
2026-08-08T13:01:13+00:00,3724,32.66,33.64,2,2,1017.3,,,,
2026-08-08T13:11:13+00:00,3725,30.39,34.38,2,2,1017.1,,,,
2026-08-08T13:21:13+00:00,3726,31.04,33.36,1,1,1017.2,,,,
2026-08-08T13:31:13+00:00,3727,32.3,30.74,1,1,1017.1,,,,
2026-08-08T13:41:13+00:00,3728,32.25,31.32,3,3,1017,,,,
2026-08-08T13:51:13+00:00,3729,32.72,30.9,5,5,1016.9,,,,
2026-08-08T14:01:13+00:00,3730,30.13,32.45,0,0,1016.8,,,,
2026-08-08T14:11:13+00:00,3731,31.43,31.76,1,1,1016.7,,,,
2026-08-08T14:21:13+00:00,3732,31.51,30.88,3,3,1016.7,,,,
2026-08-08T14:31:13+00:00,3733,33.19,29.5,0,0,1016.5,,,,
2026-08-08T14:41:13+00:00,3734,32.78,30.12,1,1,1016.5,,,,
2026-08-08T14:51:13+00:00,3735,33.13,30.29,0,0,1016.2,,,,
2026-08-08T15:01:13+00:00,3736,33.03,29.61,0,0,1016.1,,,,
2026-08-08T15:11:13+00:00,3737,32.32,29.75,1,1,1016.1,,,,
2026-08-08T15:21:13+00:00,3738,29.43,32.87,0,0,1016,,,,
2026-08-08T15:31:13+00:00,3739,28.18,33.85,1,1,1015.9,,,,
2026-08-08T15:41:13+00:00,3740,27.59,34.67,0,0,1015.8,,,,
2026-08-08T15:51:13+00:00,3741,27.29,34.3,3,3,1015.8,,,,
2026-08-08T16:01:13+00:00,3742,27.29,34.79,2,2,1015.8,,,,
2026-08-08T16:11:13+00:00,3743,27.15,35.21,1,1,1015.7,,,,
2026-08-08T16:21:13+00:00,3744,27.28,34.5,0,0,1015.6,,,,
2026-08-08T16:31:13+00:00,3745,27.52,34.58,0,0,1015.6,,,,
2026-08-08T16:41:13+00:00,3746,27.52,34.97,0,0,1015.6,,,,
2026-08-08T16:51:13+00:00,3747,27.31,35.19,1,1,1015.5,,,,
2026-08-08T17:01:12+00:00,3748,27.33,35.58,0,0,1015.5,,,,
2026-08-08T17:11:12+00:00,3749,27.21,35.8,1,1,1015.4,,,,
2026-08-08T17:21:12+00:00,3750,26.88,36.71,2,2,1015.5,,,,
2026-08-08T17:31:13+00:00,3751,26.72,36.72,0,0,1015.2,,,,
2026-08-08T17:41:12+00:00,3752,26.64,36.72,0,0,1015.2,,,,
2026-08-08T17:51:12+00:00,3753,26.42,36.84,1,1,1015.1,,,,
2026-08-08T18:01:12+00:00,3754,26.29,37.34,1,1,1015.2,,,,
2026-08-08T18:11:12+00:00,3755,26.15,37.95,2,2,1015.1,,,,
2026-08-08T18:21:12+00:00,3756,25.91,38.36,0,0,1015.1,,,,
2026-08-08T18:31:12+00:00,3757,25.7,38.18,0,0,1015.1,,,,
2026-08-08T18:41:12+00:00,3758,25.47,38.7,3,3,1015.1,,,,
2026-08-08T18:51:12+00:00,3759,25.33,39.49,0,0,1015.2,,,,
2026-08-08T19:11:12+00:00,3760,24.87,39.92,0,0,1015.2,,,,
2026-08-08T19:31:12+00:00,3761,24.64,40.64,1,1,1015.3,,,,
2026-08-08T19:41:13+00:00,3762,24.47,40.76,3,3,1015.4,,,,
2026-08-08T19:51:12+00:00,3763,24.4,41.46,1,1,1015.2,,,,
2026-08-08T20:01:12+00:00,3764,24.07,42.39,2,2,1015.3,,,,
2026-08-08T20:11:12+00:00,3765,23.87,42.89,0,0,1015.3,,,,
2026-08-08T20:21:12+00:00,3766,23.76,43.6,2,2,1015.3,,,,
2026-08-08T20:31:12+00:00,3767,23.53,43.82,3,3,1015.4,,,,
2026-08-08T20:41:12+00:00,3768,23.39,44.23,2,2,1015.3,,,,
2026-08-08T20:51:12+00:00,3769,23.24,44.74,3,3,1015.3,,,,
2026-08-08T21:01:12+00:00,3770,23.01,45.06,4,4,1015.3,,,,
2026-08-08T21:11:12+00:00,3771,22.92,45.36,4,4,1015.2,,,,
2026-08-08T21:21:12+00:00,3772,22.64,46.31,2,2,1015.3,,,,
2026-08-08T21:31:12+00:00,3773,22.55,46.61,5,5,1015.2,,,,
2026-08-08T21:41:12+00:00,3774,22.35,47.42,6,6,1015.3,,,,
2026-08-08T21:51:12+00:00,3775,22.18,47.85,4,4,1015.3,,,,
2026-08-08T22:01:12+00:00,3776,22.22,46.73,2,2,1015.3,,,,
2026-08-08T22:11:12+00:00,3777,22.15,45.95,8,8,1015.3,,,,
2026-08-08T22:21:12+00:00,3778,21.93,47.67,4,4,1015.2,,,,
2026-08-08T22:31:12+00:00,3779,21.69,48.79,4,4,1015.3,,,,
2026-08-08T22:41:12+00:00,3780,21.47,50.42,3,3,1015.3,,,,
2026-08-08T22:51:12+00:00,3781,21.22,51.44,6,6,1015.2,,,,
2026-08-08T23:01:12+00:00,3782,20.85,52.77,4,4,1015.1,,,,
2026-08-08T23:11:12+00:00,3783,20.66,54.39,3,3,1015,,,,
2026-08-08T23:21:12+00:00,3784,20.47,54.62,2,2,1015,,,,
2026-08-08T23:31:12+00:00,3785,20.01,56.38,5,5,1015.1,,,,
2026-08-08T23:41:12+00:00,3786,20.07,56.88,5,5,1015.1,,,,
2026-08-08T23:51:12+00:00,3787,20.18,57.06,3,3,1014.8,,,,
2026-08-09T00:01:12+00:00,3788,19.92,57.48,2,2,1014.7,,,,
2026-08-09T00:11:12+00:00,3789,19.76,58.01,4,4,1014.8,,,,
2026-08-09T00:21:12+00:00,3790,19.56,57.54,5,5,1014.7,,,,
2026-08-09T00:31:12+00:00,3791,19.59,58.24,6,6,1014.7,,,,
2026-08-09T00:41:12+00:00,3792,19.55,58.54,1,1,1014.6,,,,
2026-08-09T00:51:12+00:00,3793,19.41,58.54,2,2,1014.5,,,,
2026-08-09T01:01:12+00:00,3794,19.16,59.3,2,2,1014.4,,,,
2026-08-09T01:11:12+00:00,3795,18.96,60.41,2,2,1014.3,,,,
2026-08-09T01:21:12+00:00,3796,18.51,62.07,5,5,1014.2,,,,
2026-08-09T01:31:12+00:00,3797,18.5,62.98,4,4,1014.2,,,,
2026-08-09T01:41:12+00:00,3798,18.59,62.88,3,3,1014.1,,,,
2026-08-09T01:51:12+00:00,3799,18.75,63.25,6,6,1014,,,,
2026-08-09T02:01:12+00:00,3800,18.48,63.59,9,9,1013.9,,,,
2026-08-09T02:11:12+00:00,3801,18.58,64.09,5,5,1013.8,,,,
2026-08-09T02:21:12+00:00,3802,18.9,63.65,8,8,1013.7,,,,
2026-08-09T02:31:12+00:00,3803,18.63,65.5,4,4,1013.6,,,,
2026-08-09T02:41:12+00:00,3804,17.95,67.71,3,3,1013.6,,,,
2026-08-09T02:51:12+00:00,3805,17.56,69.35,7,7,1013.4,,,,
2026-08-09T03:01:12+00:00,3806,17.74,70.56,4,4,1013.5,,,,
2026-08-09T03:11:12+00:00,3807,17.46,71.1,12,12,1013.4,,,,
2026-08-09T03:21:12+00:00,3808,17.37,71.5,6,6,1013.3,,,,
2026-08-09T03:31:12+00:00,3809,17.19,72.95,6,6,1013.3,,,,
2026-08-09T03:41:12+00:00,3810,16.97,73.89,7,7,1013.4,,,,
2026-08-09T03:51:12+00:00,3811,16.91,73.99,7,7,1013.3,,,,
2026-08-09T04:01:12+00:00,3812,16.79,74.53,10,10,1013.2,,,,
2026-08-09T04:11:12+00:00,3813,16.94,76.01,10,10,1013.3,,,,
2026-08-09T04:21:12+00:00,3814,16.76,75.44,3,3,1013.3,,,,
2026-08-09T04:31:12+00:00,3815,16.98,76.11,5,5,1013.2,,,,
2026-08-09T04:41:12+00:00,3816,17.19,75.98,7,7,1013.3,,,,
2026-08-09T04:51:12+00:00,3817,17.29,74.96,10,10,1013.3,,,,
2026-08-09T05:01:12+00:00,3818,17.48,76.64,9,9,1013.3,,,,
2026-08-09T05:11:12+00:00,3819,17.54,75.1,9,9,1013.3,,,,
2026-08-09T05:21:12+00:00,3820,17.46,75.23,9,9,1013.3,,,,
2026-08-09T05:31:12+00:00,3821,17.48,75.13,16,16,1013.5,,,,
2026-08-09T05:41:12+00:00,3822,17.71,75.2,12,12,1013.6,,,,
2026-08-09T05:51:12+00:00,3823,18.08,73.21,15,15,1013.6,,,,
2026-08-09T06:01:12+00:00,3824,18.26,72.27,12,12,1013.5,,,,
2026-08-09T06:11:12+00:00,3825,18.4,71.87,5,5,1013.5,,,,
2026-08-09T06:21:12+00:00,3826,18.62,71.63,7,7,1013.3,,,,
2026-08-09T06:31:12+00:00,3827,18.75,70.09,14,14,1013.2,,,,
2026-08-09T06:41:12+00:00,3828,19.88,66.31,9,9,1013.2,,,,
2026-08-09T06:51:12+00:00,3829,21.03,63.18,7,7,1013.2,,,,
2026-08-09T07:01:12+00:00,3830,21.27,62.55,3,3,1013.2,,,,
2026-08-09T07:11:12+00:00,3831,21.9,60.66,3,3,1013,,,,
2026-08-09T07:21:12+00:00,3832,22.02,59.94,10,10,1013.1,,,,
2026-08-09T07:31:12+00:00,3833,22.33,58.71,6,6,1013.1,,,,
2026-08-09T07:41:12+00:00,3834,22.17,59.14,7,7,1013,,,,
2026-08-09T07:51:12+00:00,3835,21.73,58.49,4,4,1013.1,,,,
2026-08-09T08:01:12+00:00,3836,22.46,58.18,6,6,1013.2,,,,
2026-08-09T08:11:12+00:00,3837,23.66,54.66,6,6,1013.2,,,,
2026-08-09T08:21:12+00:00,3838,23.76,56.05,7,7,1013.1,,,,
2026-08-09T08:31:12+00:00,3839,23.5,52.49,7,7,1013,,,,
2026-08-09T08:41:12+00:00,3840,24.27,48.94,7,7,1012.8,,,,
2026-08-09T08:51:12+00:00,3841,24.12,49.33,5,5,1012.7,,,,
2026-08-09T09:01:12+00:00,3842,24.22,46.65,10,10,1012.7,,,,
2026-08-09T09:11:12+00:00,3843,24.9,45.68,3,3,1012.8,,,,
2026-08-09T09:21:12+00:00,3844,27,42.22,0,0,1012.7,,,,
2026-08-09T09:31:12+00:00,3845,27.52,42.58,6,6,1012.5,,,,
2026-08-09T09:41:12+00:00,3846,27.67,38.23,0,0,1012.4,,,,
2026-08-09T09:51:12+00:00,3847,28.16,35.83,1,1,1012.4,,,,
2026-08-09T10:01:12+00:00,3848,28.26,34.92,3,3,1012.5,,,,
2026-08-09T10:11:12+00:00,3849,28.92,35.36,0,0,1012.4,,,,
2026-08-09T10:21:12+00:00,3850,28.78,33.22,1,1,1012.4,,,,
2026-08-09T10:31:12+00:00,3851,28.95,33.49,2,2,1012.3,,,,
2026-08-09T10:41:12+00:00,3852,29.12,33.39,0,0,1012.2,,,,
2026-08-09T10:51:12+00:00,3853,29.5,32.48,0,0,1012,,,,
2026-08-09T11:01:12+00:00,3854,30.57,32.31,1,1,1012.1,,,,
2026-08-09T11:11:12+00:00,3855,30.72,31.22,1,1,1012,,,,
2026-08-09T11:21:12+00:00,3856,30.49,31.23,3,3,1011.9,,,,
2026-08-09T11:31:12+00:00,3857,33.01,29.42,0,0,1011.9,,,,
2026-08-09T11:41:12+00:00,3858,31.9,31.54,1,1,1011.9,,,,
2026-08-09T11:51:12+00:00,3859,32.03,31.54,2,2,1011.9,,,,
2026-08-09T12:01:12+00:00,3860,31.9,31.04,2,2,1011.9,,,,
2026-08-09T12:11:12+00:00,3861,34.13,29.06,2,2,1011.9,,,,
2026-08-09T12:21:12+00:00,3862,35.61,27.9,3,3,1011.8,,,,
2026-08-09T12:31:12+00:00,3863,37.44,27.42,0,0,1011.7,,,,
2026-08-09T12:41:12+00:00,3864,35.87,27.11,2,2,1011.6,,,,
2026-08-09T12:51:12+00:00,3865,36.35,26.81,2,2,1011.5,,,,
2026-08-09T13:01:12+00:00,3866,35.71,27.22,0,0,1011.4,,,,
2026-08-09T13:11:12+00:00,3867,35.78,27.03,2,2,1011.1,,,,
2026-08-09T13:21:12+00:00,3868,33.65,28.99,1,1,1011.2,,,,
2026-08-09T13:31:12+00:00,3869,31.51,31.47,7,7,1011.1,,,,
2026-08-09T13:41:12+00:00,3870,35.26,27.15,4,4,1010.8,,,,
2026-08-09T13:51:12+00:00,3871,36.6,26.31,2,2,1010.6,,,,
2026-08-09T14:01:12+00:00,3872,33.88,28.49,4,4,1010.5,,,,
2026-08-09T14:11:12+00:00,3873,38.19,25.83,1,1,1010.4,,,,
2026-08-09T14:21:12+00:00,3874,37.25,26.75,4,4,1010.4,,,,
2026-08-09T14:31:12+00:00,3875,37.18,26.37,3,3,1010.3,,,,
2026-08-09T14:41:11+00:00,3876,36.51,26.7,2,2,1010.1,,,,
2026-08-09T14:51:11+00:00,3877,36.16,27.58,1,1,1010,,,,
2026-08-09T15:01:12+00:00,3878,36.81,27.66,3,3,1010,,,,
2026-08-09T15:11:11+00:00,3879,35.61,28.19,1,1,1010,,,,
2026-08-09T15:21:11+00:00,3880,33.35,30.97,2,2,1009.9,,,,
2026-08-09T15:31:12+00:00,3881,31.95,32.81,4,4,1010,,,,
2026-08-09T15:41:11+00:00,3882,31.29,33.74,3,3,1009.8,,,,
2026-08-09T15:51:11+00:00,3883,30.86,33.38,1,1,1009.7,,,,
2026-08-09T16:01:11+00:00,3884,30.92,33.26,2,2,1009.5,,,,
2026-08-09T16:11:11+00:00,3885,30.61,33.29,7,7,1009.6,,,,
2026-08-09T16:21:11+00:00,3886,30.46,33,5,5,1009.5,,,,
2026-08-09T16:31:11+00:00,3887,30.31,32.82,0,0,1009.5,,,,
2026-08-09T16:41:11+00:00,3888,30.38,33.12,3,3,1009.5,,,,
2026-08-09T16:51:11+00:00,3889,30.17,33.8,7,7,1009.4,,,,
2026-08-09T17:01:11+00:00,3890,30.12,33.72,2,2,1009.3,,,,
2026-08-09T17:11:11+00:00,3891,30.17,33.02,2,2,1009.3,,,,
2026-08-09T17:21:11+00:00,3892,30.12,32.84,8,8,1009.3,,,,
2026-08-09T17:31:11+00:00,3893,30.01,32.64,6,6,1009.2,,,,
2026-08-09T17:41:11+00:00,3894,29.84,33.05,4,4,1009.3,,,,
2026-08-09T17:51:11+00:00,3895,29.76,33.15,6,6,1009.3,,,,
2026-08-09T18:01:11+00:00,3896,29.71,33.15,4,4,1009.4,,,,
2026-08-09T18:11:11+00:00,3897,29.62,33.56,1,1,1009.5,,,,
2026-08-09T18:21:11+00:00,3898,29.42,33.75,4,4,1009.4,,,,
2026-08-09T18:31:11+00:00,3899,29.33,34.17,1,1,1009.5,,,,
2026-08-09T18:41:11+00:00,3900,29.12,34.77,1,1,1009.6,,,,
2026-08-09T18:51:11+00:00,3901,28.89,34.89,2,2,1009.6,,,,
2026-08-09T19:01:11+00:00,3902,28.71,34.99,3,3,1009.8,,,,
2026-08-09T19:11:11+00:00,3903,28.49,35.3,2,2,1009.9,,,,
2026-08-09T19:21:11+00:00,3904,28.33,35.81,3,3,1009.9,,,,
2026-08-09T19:31:11+00:00,3905,28.09,37.11,4,4,1010.1,,,,
2026-08-09T19:41:11+00:00,3906,27.78,38.51,3,3,1010.4,,,,
2026-08-09T19:51:11+00:00,3907,27.37,39.24,3,3,1010.6,,,,
2026-08-09T20:01:11+00:00,3908,27.07,40.15,0,0,1010.7,,,,
2026-08-09T20:11:11+00:00,3909,26.85,40.76,2,2,1010.7,,,,
2026-08-09T20:21:11+00:00,3910,26.62,41.18,1,1,1010.9,,,,
2026-08-09T20:31:11+00:00,3911,26.37,41.79,2,2,1011.1,,,,
2026-08-09T20:41:11+00:00,3912,26.15,42.31,0,0,1011.2,,,,
2026-08-09T20:51:11+00:00,3913,26.04,42.9,4,4,1011.3,,,,
2026-08-09T21:01:11+00:00,3914,25.95,44.01,2,2,1011.3,,,,
2026-08-09T21:11:11+00:00,3915,25.76,44.93,2,2,1011.3,,,,
2026-08-09T21:21:11+00:00,3916,25.67,46.12,3,3,1011.5,,,,
2026-08-09T21:31:11+00:00,3917,25.57,46.91,3,3,1011.7,,,,
2026-08-09T21:41:11+00:00,3918,25.43,47.63,1,1,1011.7,,,,
2026-08-09T21:51:11+00:00,3919,25.3,48.02,3,3,1011.9,,,,
2026-08-09T22:01:11+00:00,3920,25.14,48.54,2,2,1011.9,,,,
2026-08-09T22:11:11+00:00,3921,24.84,49.76,0,0,1012,,,,
2026-08-09T22:21:11+00:00,3922,24.83,50.65,1,1,1012,,,,
2026-08-09T22:31:11+00:00,3923,24.47,51.79,1,1,1012.1,,,,
2026-08-09T22:41:11+00:00,3924,24.25,52.51,6,6,1012.1,,,,
2026-08-09T22:51:11+00:00,3925,24.1,53.21,6,6,1012.1,,,,
2026-08-09T23:01:11+00:00,3926,23.99,53.83,4,4,1012.3,,,,
2026-08-09T23:11:11+00:00,3927,23.8,54.36,6,6,1012.3,,,,
2026-08-09T23:21:11+00:00,3928,23.65,55.05,0,0,1012.3,,,,
2026-08-09T23:31:11+00:00,3929,23.39,55.78,8,8,1012.4,,,,
2026-08-09T23:41:11+00:00,3930,23.22,56.6,3,3,1012.4,,,,
2026-08-09T23:51:11+00:00,3931,23.06,57.33,9,9,1012.4,,,,
2026-08-10T00:01:11+00:00,3932,22.83,58.45,7,7,1012.4,,,,
2026-08-10T00:11:11+00:00,3933,22.69,59.05,7,7,1012.5,,,,
2026-08-10T00:21:11+00:00,3934,22.52,59.68,9,9,1012.4,,,,
2026-08-10T00:31:11+00:00,3935,22.39,60,5,5,1012.5,,,,
2026-08-10T00:41:11+00:00,3936,22.15,60.53,10,10,1012.5,,,,
2026-08-10T00:51:11+00:00,3937,21.97,61.26,6,6,1012.5,,,,
2026-08-10T01:01:11+00:00,3938,21.76,61.76,11,11,1012.6,,,,
2026-08-10T01:11:11+00:00,3939,21.53,62.7,4,4,1012.6,,,,
2026-08-10T01:21:11+00:00,3940,21.42,63.72,8,8,1012.7,,,,
2026-08-10T01:31:11+00:00,3941,21.37,63.62,4,4,1012.7,,,,
2026-08-10T01:41:11+00:00,3942,21.21,64.15,4,4,1012.9,,,,
2026-08-10T01:51:11+00:00,3943,21.1,64.36,3,3,1012.9,,,,
2026-08-10T02:01:11+00:00,3944,21.04,64.86,2,2,1013,,,,
2026-08-10T02:11:11+00:00,3945,20.84,65.48,4,4,1013.1,,,,
2026-08-10T02:21:11+00:00,3946,20.69,65.82,6,6,1013.1,,,,
2026-08-10T02:31:11+00:00,3947,20.61,66.22,3,3,1013.2,,,,
2026-08-10T02:41:11+00:00,3948,20.52,66.25,3,3,1013.1,,,,
2026-08-10T02:51:11+00:00,3949,20.39,66.55,6,6,1013.3,,,,
2026-08-10T03:01:11+00:00,3950,20.33,66.85,2,2,1013.4,,,,
2026-08-10T03:11:11+00:00,3951,20.09,67.72,1,1,1013.4,,,,
2026-08-10T03:21:11+00:00,3952,19.92,68.42,0,0,1013.5,,,,
2026-08-10T03:31:11+00:00,3953,19.89,68.72,1,1,1013.5,,,,
2026-08-10T03:41:11+00:00,3954,19.77,69.35,0,0,1013.7,,,,
2026-08-10T03:51:11+00:00,3955,19.62,70.19,0,0,1014,,,,
2026-08-10T04:01:11+00:00,3956,19.51,70.59,1,1,1014,,,,
2026-08-10T04:11:11+00:00,3957,19.29,71.03,1,1,1014.2,,,,
2026-08-10T04:21:11+00:00,3958,19.16,71.56,2,2,1014.3,,,,
2026-08-10T04:31:11+00:00,3959,19.23,72.13,1,1,1014.5,,,,
2026-08-10T04:41:11+00:00,3960,19.14,72.87,0,0,1014.7,,,,
2026-08-10T04:51:11+00:00,3961,19.04,73.58,4,4,1014.9,,,,
2026-08-10T05:01:11+00:00,3962,19.02,74.08,1,1,1015.2,,,,
2026-08-10T05:11:11+00:00,3963,19.04,74.38,0,0,1015.1,,,,
2026-08-10T05:21:11+00:00,3964,18.96,75.09,0,0,1015.3,,,,
2026-08-10T05:31:11+00:00,3965,19.11,75.38,4,4,1015.4,,,,
2026-08-10T05:41:11+00:00,3966,19.55,74.51,0,0,1015.6,,,,
2026-08-10T05:51:11+00:00,3967,19.68,73.87,0,0,1015.5,,,,
2026-08-10T06:01:11+00:00,3968,19.62,74.41,2,2,1015.6,,,,
2026-08-10T06:11:11+00:00,3969,20.18,72.4,4,4,1015.5,,,,
2026-08-10T06:21:11+00:00,3970,20.17,72.9,3,3,1015.8,,,,
2026-08-10T06:31:11+00:00,3971,20.01,73.74,0,0,1015.8,,,,
2026-08-10T06:41:11+00:00,3972,20.06,73.64,2,2,1015.9,,,,
2026-08-10T06:51:11+00:00,3973,20.61,71.93,1,1,1015.9,,,,
2026-08-10T07:01:11+00:00,3974,21.03,70.89,1,1,1016,,,,
2026-08-10T07:11:11+00:00,3975,21.25,70.36,0,0,1016.3,,,,
2026-08-10T07:21:11+00:00,3976,21.27,70.96,4,4,1016.3,,,,
2026-08-10T07:31:11+00:00,3977,21.62,68.99,2,2,1016.4,,,,
2026-08-10T07:41:11+00:00,3978,21.19,70.46,0,0,1016.5,,,,
2026-08-10T07:51:11+00:00,3979,20.94,70.5,0,0,1016.7,,,,
2026-08-10T08:01:11+00:00,3980,21.79,68.16,1,1,1016.7,,,,
2026-08-10T08:11:11+00:00,3981,20.94,69.89,2,2,1016.8,,,,
2026-08-10T08:21:11+00:00,3982,21.5,68.82,0,0,1016.9,,,,
2026-08-10T08:31:11+00:00,3983,22.17,66.93,0,0,1017,,,,
2026-08-10T08:41:11+00:00,3984,22.58,65.67,3,3,1017.1,,,,
2026-08-10T08:51:11+00:00,3985,23.44,63.75,0,0,1017.2,,,,
2026-08-10T09:01:11+00:00,3986,23.28,62.38,2,2,1017.2,,,,
2026-08-10T09:11:11+00:00,3987,22.45,64.27,0,0,1017.4,,,,
2026-08-10T09:21:11+00:00,3988,24.02,60,1,1,1017.5,,,,
2026-08-10T09:31:11+00:00,3989,23.14,62.18,1,1,1017.6,,,,
2026-08-10T09:41:11+00:00,3990,23.82,59.94,1,1,1017.7,,,,
2026-08-10T09:51:11+00:00,3991,23.84,59.44,0,0,1017.8,,,,
2026-08-10T10:01:11+00:00,3992,24.21,58.18,0,0,1018,,,,
2026-08-10T10:11:11+00:00,3993,23.35,59.79,1,1,1018,,,,
2026-08-10T10:21:11+00:00,3994,23.53,59.27,2,2,1018.1,,,,
2026-08-10T10:31:11+00:00,3995,23.78,58.64,0,0,1018.1,,,,
2026-08-10T10:41:11+00:00,3996,23.82,58.74,3,3,1018,,,,
2026-08-10T10:51:12+00:00,3997,24.98,55.52,2,2,1018.3,,,,
2026-08-10T11:01:10+00:00,3998,26.7,51.77,1,1,1018.2,,,,
2026-08-10T11:11:10+00:00,3999,25.67,55.64,1,1,1018.2,,,,
2026-08-10T11:21:11+00:00,4000,25.95,54.22,2,2,1018.3,,,,
2026-08-10T11:31:10+00:00,4001,25.88,53.43,1,1,1018.4,,,,
2026-08-10T11:41:10+00:00,4002,27.57,49.89,0,0,1018.4,,,,
2026-08-10T11:51:10+00:00,4003,25.32,53.48,0,0,1018.6,,,,
2026-08-10T12:01:10+00:00,4004,27.16,49.54,2,2,1018.4,,,,
2026-08-10T12:11:10+00:00,4005,27.4,49.22,0,0,1018.3,,,,
2026-08-10T12:21:10+00:00,4006,26.45,49.91,2,2,1018.4,,,,
2026-08-10T12:31:10+00:00,4007,28.24,46.66,1,1,1018.4,,,,
2026-08-10T12:41:10+00:00,4008,29.57,43.99,1,1,1018.4,,,,
2026-08-10T12:51:10+00:00,4009,29.03,44.03,1,1,1018.4,,,,
2026-08-10T13:01:10+00:00,4010,28.12,45.01,1,1,1018.6,,,,
2026-08-10T13:11:10+00:00,4011,30.61,41.64,0,0,1018.5,,,,
2026-08-10T13:21:10+00:00,4012,32.27,39.25,0,0,1018.3,,,,
2026-08-10T13:41:10+00:00,4013,30.8,39.37,0,0,1018.4,,,,
2026-08-10T13:51:10+00:00,4014,29.18,42.34,0,0,1018.6,,,,
2026-08-10T14:01:10+00:00,4015,31.23,38.54,0,0,1018.6,,,,
2026-08-10T14:11:10+00:00,4016,30.19,39.4,2,2,1018.5,,,,
2026-08-10T14:21:10+00:00,4017,30.74,40.06,0,0,1018.6,,,,
2026-08-10T14:31:10+00:00,4018,29.64,39.56,0,0,1018.5,,,,
2026-08-10T14:41:10+00:00,4019,29.68,38.36,0,0,1018.6,,,,
2026-08-10T14:51:10+00:00,4020,29.24,38.01,0,0,1018.7,,,,
2026-08-10T15:01:10+00:00,4021,28.83,37.85,2,2,1018.6,,,,
2026-08-10T15:11:10+00:00,4022,27.96,40.09,2,2,1018.5,,,,
2026-08-10T15:21:10+00:00,4023,26.47,41.79,4,4,1018.5,,,,
2026-08-10T15:31:10+00:00,4024,26.1,43.6,3,3,1018.5,,,,
2026-08-10T15:41:10+00:00,4025,26.22,42.8,2,2,1018.5,,,,
2026-08-10T15:51:10+00:00,4026,25.7,42.65,6,6,1018.6,,,,
2026-08-10T16:01:10+00:00,4027,25.3,43.26,6,6,1018.6,,,,
2026-08-10T16:11:10+00:00,4028,25.42,43.26,15,15,1018.6,,,,
2026-08-10T16:21:10+00:00,4029,25.59,42.94,7,7,1018.5,,,,
2026-08-10T16:31:10+00:00,4030,25.69,42.65,5,5,1018.6,,,,
2026-08-10T16:41:10+00:00,4031,25.39,43.36,8,8,1018.7,,,,
2026-08-10T16:51:10+00:00,4032,25.27,42.79,7,7,1018.7,,,,
2026-08-10T17:01:10+00:00,4033,25.14,43.48,8,8,1018.7,,,,
2026-08-10T17:11:10+00:00,4034,24.99,55.12,4,4,1018.8,,,,
2026-08-10T17:21:10+00:00,4035,24.18,63.36,3,3,1019.1,,,,
2026-08-10T17:31:10+00:00,4036,23.78,67.3,2,2,1019.3,,,,
2026-08-10T17:41:10+00:00,4037,23.01,69.89,5,5,1019.5,,,,
2026-08-10T17:51:10+00:00,4038,22.58,71.66,3,3,1019.7,,,,
2026-08-10T18:01:10+00:00,4039,22.24,72.09,3,3,1019.8,,,,
2026-08-10T18:11:10+00:00,4040,22.02,72.82,3,3,1019.9,,,,
2026-08-10T18:21:10+00:00,4041,21.73,73.99,2,2,1020,,,,
2026-08-10T18:31:10+00:00,4042,21.49,75.02,1,1,1020.2,,,,
2026-08-10T18:41:10+00:00,4043,21.43,75.63,4,4,1020.2,,,,
2026-08-10T18:51:10+00:00,4044,21.04,76.56,1,1,1020.4,,,,
2026-08-10T19:01:10+00:00,4045,20.7,78.04,0,0,1020.5,,,,
2026-08-10T19:11:10+00:00,4046,20.47,78.78,0,0,1020.7,,,,
2026-08-10T19:21:10+00:00,4047,20.21,79.42,0,0,1020.7,,,,
2026-08-10T19:31:10+00:00,4048,20.01,79.75,1,1,1020.9,,,,
2026-08-10T19:41:10+00:00,4049,19.92,79.36,1,1,1021.1,,,,
2026-08-10T19:51:10+00:00,4050,19.8,79.69,1,1,1021.3,,,,
2026-08-10T20:01:10+00:00,4051,19.65,79.49,1,1,1021.4,,,,
2026-08-10T20:11:10+00:00,4052,19.51,78.83,1,1,1021.5,,,,
2026-08-10T20:21:10+00:00,4053,19.29,77.26,1,1,1021.6,,,,
2026-08-10T20:31:10+00:00,4054,19.22,75.95,4,4,1021.7,,,,
2026-08-10T20:41:10+00:00,4055,19.15,75.38,0,0,1021.9,,,,
2026-08-10T20:51:10+00:00,4056,19.06,75.49,0,0,1022.1,,,,
2026-08-10T21:01:10+00:00,4057,18.82,75.42,0,0,1022,,,,
2026-08-10T21:11:10+00:00,4058,18.81,75.62,0,0,1022,,,,
2026-08-10T21:21:10+00:00,4059,18.59,75.96,1,1,1022,,,,
2026-08-10T21:31:10+00:00,4060,18.48,76.36,0,0,1022,,,,
2026-08-10T21:41:10+00:00,4061,18.44,76.1,0,0,1022,,,,
2026-08-10T21:51:10+00:00,4062,18.26,76.4,1,1,1022.2,,,,
2026-08-10T22:01:10+00:00,4063,18.17,76.74,1,1,1022.2,,,,
2026-08-10T22:11:10+00:00,4064,18.15,76.94,2,2,1022.4,,,,
2026-08-10T22:21:10+00:00,4065,17.97,77.38,0,0,1022.4,,,,
2026-08-10T22:31:10+00:00,4066,17.96,77.78,0,0,1022.4,,,,
2026-08-10T22:41:10+00:00,4067,17.8,77.98,2,2,1022.6,,,,
2026-08-10T22:51:10+00:00,4068,17.75,78.42,0,0,1022.4,,,,
2026-08-10T23:01:10+00:00,4069,17.65,78.52,0,0,1022.5,,,,
2026-08-10T23:11:10+00:00,4070,17.58,78.63,0,0,1022.6,,,,
2026-08-10T23:21:10+00:00,4071,17.45,79.06,0,0,1022.6,,,,
2026-08-10T23:31:10+00:00,4072,17.46,79.06,0,0,1022.7,,,,
2026-08-10T23:41:10+00:00,4073,17.46,78.96,0,0,1022.7,,,,
2026-08-10T23:51:10+00:00,4074,17.37,79.16,2,2,1022.8,,,,
2026-08-11T00:01:10+00:00,4075,17.33,79.47,1,1,1022.8,,,,
2026-08-11T00:11:10+00:00,4076,17.29,79.71,3,3,1022.8,,,,
2026-08-11T00:21:10+00:00,4077,17.19,79.71,2,2,1022.8,,,,
2026-08-11T00:31:10+00:00,4078,17.21,79.81,0,0,1022.9,,,,
2026-08-11T00:41:10+00:00,4079,17.15,79.81,2,2,1022.9,,,,
2026-08-11T00:51:10+00:00,4080,17.16,80.11,2,2,1022.8,,,,
2026-08-11T01:01:10+00:00,4081,17.04,80.05,0,0,1023,,,,
2026-08-11T01:11:10+00:00,4082,16.98,80.05,2,2,1023,,,,
2026-08-11T01:21:10+00:00,4083,16.91,80.25,0,0,1023.1,,,,
2026-08-11T01:31:10+00:00,4084,16.9,80.35,1,1,1023,,,,
2026-08-11T01:41:10+00:00,4085,16.88,80.45,0,0,1023,,,,
2026-08-11T01:51:10+00:00,4086,16.82,80.79,1,1,1023.1,,,,
2026-08-11T02:01:10+00:00,4087,16.76,80.99,0,0,1023.2,,,,
2026-08-11T02:11:10+00:00,4088,16.76,81.2,0,0,1023.1,,,,
2026-08-11T02:21:10+00:00,4089,16.67,81.7,0,0,1023.1,,,,
2026-08-11T02:31:10+00:00,4090,16.54,81.84,0,0,1023.2,,,,
2026-08-11T02:41:10+00:00,4091,16.58,82.24,1,1,1023.2,,,,
2026-08-11T02:51:10+00:00,4092,16.45,82.75,1,1,1023.3,,,,
2026-08-11T03:01:10+00:00,4093,16.36,83.09,1,1,1023.2,,,,
2026-08-11T03:11:10+00:00,4094,16.24,83.7,0,0,1023.1,,,,
2026-08-11T03:21:10+00:00,4095,16.35,83.9,0,0,1023.1,,,,
2026-08-11T03:31:10+00:00,4096,16.2,85.02,0,0,1023.1,,,,
2026-08-11T03:41:10+00:00,4097,16.09,85.36,3,3,1023.1,,,,
2026-08-11T03:51:10+00:00,4098,15.97,85.56,0,0,1023.1,,,,
2026-08-11T04:01:10+00:00,4099,15.86,86.41,3,3,1023.1,,,,
2026-08-11T04:11:10+00:00,4100,16.01,86.07,4,4,1023.1,,,,
2026-08-11T04:21:10+00:00,4101,16.04,85.96,4,4,1023.1,,,,
2026-08-11T04:31:10+00:00,4102,16.04,86.27,1,1,1023.2,,,,
2026-08-11T04:41:10+00:00,4103,15.9,86.82,1,1,1023.2,,,,
2026-08-11T04:51:10+00:00,4104,15.75,87.42,1,1,1023.4,,,,
2026-08-11T05:01:10+00:00,4105,15.65,88.27,0,0,1023.4,,,,
2026-08-11T05:11:10+00:00,4106,15.77,88.43,1,1,1023.5,,,,
2026-08-11T05:21:10+00:00,4107,16.01,87.79,2,2,1023.6,,,,
2026-08-11T05:31:10+00:00,4108,16.05,87.58,0,0,1023.6,,,,
2026-08-11T05:41:10+00:00,4109,16.51,86.29,1,1,1023.8,,,,
2026-08-11T05:51:10+00:00,4110,16.49,86.39,2,2,1023.8,,,,
2026-08-11T06:01:10+00:00,4111,16.6,86.19,3,3,1023.8,,,,
2026-08-11T06:11:10+00:00,4112,17.11,84.25,3,3,1024,,,,
2026-08-11T06:21:10+00:00,4113,17.56,82.45,1,1,1024.1,,,,
2026-08-11T06:31:10+00:00,4114,17.72,82.25,3,3,1024.1,,,,
2026-08-11T06:41:10+00:00,4115,18.17,81.27,0,0,1024.1,,,,
2026-08-11T06:51:10+00:00,4116,18.58,79.88,6,6,1024.1,,,,
2026-08-11T07:01:10+00:00,4117,19.11,79,2,2,1024.1,,,,
2026-08-11T07:11:10+00:00,4118,19.95,77.45,0,0,1024.1,,,,
2026-08-11T07:21:10+00:00,4119,20.87,74.4,1,1,1024,,,,
2026-08-11T07:31:10+00:00,4120,20.88,73.5,0,0,1024,,,,
2026-08-11T07:41:10+00:00,4121,21.43,72.53,1,1,1023.9,,,,
2026-08-11T07:51:10+00:00,4122,21.39,71.53,1,1,1024,,,,
2026-08-11T08:01:10+00:00,4123,21.46,71.33,1,1,1024,,,,
2026-08-11T08:11:10+00:00,4124,21.46,70.73,1,1,1024,,,,
2026-08-11T08:21:10+00:00,4125,21.13,71.46,1,1,1024,,,,
2026-08-11T08:31:10+00:00,4126,22.02,68.43,0,0,1024,,,,
2026-08-11T08:51:10+00:00,4127,22.8,65.44,1,1,1023.9,,,,
2026-08-11T09:01:09+00:00,4128,22.67,65.26,1,1,1023.9,,,,
2026-08-11T09:11:10+00:00,4129,23.38,64.37,4,4,1023.9,,,,
2026-08-11T09:21:10+00:00,4130,23.43,62.75,4,4,1024,,,,
2026-08-11T09:31:10+00:00,4131,23.24,63.68,0,0,1024,,,,
2026-08-11T09:41:09+00:00,4132,23.6,63.25,1,1,1023.9,,,,
2026-08-11T09:51:09+00:00,4133,23.85,62.23,2,2,1023.9,,,,
2026-08-11T10:01:09+00:00,4134,24.49,59.85,0,0,1024,,,,
2026-08-11T10:11:09+00:00,4135,24.46,59.25,3,3,1024.1,,,,
2026-08-11T10:21:09+00:00,4136,25.2,58.57,5,5,1023.9,,,,
2026-08-11T10:31:09+00:00,4137,24.49,58.36,3,3,1024,,,,
2026-08-11T10:41:09+00:00,4138,26.91,54.12,4,4,1023.8,,,,
2026-08-11T10:51:09+00:00,4139,26.81,52.04,5,5,1023.9,,,,
2026-08-11T11:01:09+00:00,4140,25.15,55,2,2,1023.8,,,,
2026-08-11T11:11:09+00:00,4141,26.67,52.76,3,3,1023.8,,,,
2026-08-11T11:21:09+00:00,4142,26.42,52.69,2,2,1023.8,,,,
2026-08-11T11:31:09+00:00,4143,27.89,49.48,1,1,1023.7,,,,
2026-08-11T11:41:09+00:00,4144,27.82,48.39,1,1,1023.6,,,,
2026-08-11T11:51:09+00:00,4145,27.67,49.01,2,2,1023.7,,,,
2026-08-11T12:01:09+00:00,4146,27.18,48.95,0,0,1023.7,,,,
2026-08-11T12:11:09+00:00,4147,28.46,47.63,1,1,1023.6,,,,
2026-08-11T12:21:09+00:00,4148,28.48,47.23,2,2,1023.5,,,,
2026-08-11T12:31:09+00:00,4149,28.21,47.75,1,1,1023.4,,,,
2026-08-11T12:41:09+00:00,4150,28.9,46.52,1,1,1023.5,,,,
2026-08-11T12:51:09+00:00,4151,28.8,47.01,2,2,1023.3,,,,
2026-08-11T13:01:09+00:00,4152,29.21,45.88,0,0,1023.3,,,,
2026-08-11T13:11:09+00:00,4153,28.86,45.93,3,3,1023.1,,,,
2026-08-11T13:21:09+00:00,4154,29.18,46.28,0,0,1023.1,,,,
2026-08-11T13:31:09+00:00,4155,29.13,45.71,2,2,1023,,,,
2026-08-11T13:41:09+00:00,4156,29.89,45.05,1,1,1022.8,,,,
2026-08-11T13:51:09+00:00,4157,29.89,42.89,0,0,1022.8,,,,
2026-08-11T14:01:09+00:00,4158,29.91,43.26,0,0,1022.7,,,,
2026-08-11T14:11:09+00:00,4159,30.58,42.24,1,1,1022.9,,,,
2026-08-11T14:21:09+00:00,4160,27.94,46.01,2,2,1022.8,,,,
2026-08-11T14:31:09+00:00,4161,28.78,44.55,1,1,1022.8,,,,
2026-08-11T14:41:09+00:00,4162,28.89,44.94,0,0,1022.8,,,,
2026-08-11T14:51:09+00:00,4163,28.64,43.98,0,0,1022.7,,,,
2026-08-11T15:01:09+00:00,4164,28.38,44.1,1,1,1022.7,,,,
2026-08-11T15:11:09+00:00,4165,27.19,44.9,0,0,1022.8,,,,
2026-08-11T15:21:09+00:00,4166,24.09,50.35,0,0,1022.7,,,,
2026-08-11T15:31:09+00:00,4167,23.33,51.22,0,0,1022.9,,,,
2026-08-11T15:41:09+00:00,4168,23.14,51.12,0,0,1022.8,,,,
2026-08-11T15:51:09+00:00,4169,22.83,50.67,0,0,1022.6,,,,
2026-08-11T16:01:09+00:00,4170,22.85,50.67,0,0,1022.6,,,,
2026-08-11T16:11:09+00:00,4171,22.87,49.98,0,0,1022.3,,,,
2026-08-11T16:21:09+00:00,4172,22.72,50.77,0,0,1022.3,,,,
2026-08-11T16:31:09+00:00,4173,22.57,52.19,0,0,1022.2,,,,
2026-08-11T16:41:09+00:00,4174,22.46,52.19,0,0,1022.3,,,,
2026-08-11T16:51:09+00:00,4175,22.39,54.22,0,0,1022.3,,,,
2026-08-11T17:01:09+00:00,4176,22.33,54.22,0,0,1022.4,,,,
2026-08-11T17:11:09+00:00,4177,22.32,57.21,0,0,1022.4,,,,
2026-08-11T17:21:09+00:00,4178,22.07,58.04,1,1,1022.4,,,,
2026-08-11T17:31:09+00:00,4179,21.8,56.46,0,0,1022.3,,,,
2026-08-11T17:41:09+00:00,4180,21.71,58.59,1,1,1022.5,,,,
2026-08-11T17:51:09+00:00,4181,21.59,59.79,0,0,1022.4,,,,
2026-08-11T18:01:09+00:00,4182,21.5,60.42,2,2,1022.4,,,,
2026-08-11T18:11:09+00:00,4183,21.37,61.42,0,0,1022.5,,,,
2026-08-11T18:21:09+00:00,4184,21.22,61.85,0,0,1022.4,,,,
2026-08-11T18:31:09+00:00,4185,21.04,65.36,0,0,1022.5,,,,
2026-08-11T18:41:09+00:00,4186,20.95,65.89,1,1,1022.6,,,,
2026-08-11T18:51:09+00:00,4187,20.76,66.12,0,0,1022.6,,,,
2026-08-11T19:01:09+00:00,4188,20.61,66.32,0,0,1022.5,,,,
2026-08-11T19:11:09+00:00,4189,20.49,68.15,1,1,1022.6,,,,
2026-08-11T19:21:09+00:00,4190,20.32,69.56,0,0,1022.6,,,,
2026-08-11T19:31:09+00:00,4191,20.2,70.79,0,0,1022.8,,,,
2026-08-11T19:41:09+00:00,4192,20.02,71.13,0,0,1023,,,,
2026-08-11T19:51:09+00:00,4193,19.93,72.24,0,0,1023,,,,
2026-08-11T20:01:09+00:00,4194,19.76,73.27,0,0,1023,,,,
2026-08-11T20:11:09+00:00,4195,19.66,73.97,3,3,1023.1,,,,
2026-08-11T20:21:09+00:00,4196,19.55,74.41,1,1,1023.1,,,,
2026-08-11T20:31:09+00:00,4197,19.51,74.91,0,0,1023.2,,,,
2026-08-11T20:41:09+00:00,4198,19.34,76.05,1,1,1023.3,,,,
2026-08-11T20:51:09+00:00,4199,19.23,76.96,2,2,1023.3,,,,
2026-08-11T21:01:09+00:00,4200,19.15,77.5,2,2,1023.2,,,,
2026-08-11T21:21:09+00:00,4201,19.06,79.61,4,4,1023.3,,,,
2026-08-11T21:31:09+00:00,4202,19.16,79.81,0,0,1023.3,,,,
2026-08-11T21:41:09+00:00,4203,18.98,80.71,0,0,1023.3,,,,
2026-08-11T21:51:09+00:00,4204,18.96,81.21,0,0,1023.2,,,,
2026-08-11T22:01:09+00:00,4205,19.02,81.41,1,1,1023.3,,,,
2026-08-11T22:11:09+00:00,4206,18.8,82.56,1,1,1023.3,,,,
2026-08-11T22:21:09+00:00,4207,18.72,82.76,4,4,1023.4,,,,
2026-08-11T22:31:09+00:00,4208,18.73,82.86,1,1,1023.5,,,,
2026-08-11T22:41:09+00:00,4209,18.73,83.17,2,2,1023.6,,,,
2026-08-11T22:51:09+00:00,4210,18.63,83.71,2,2,1023.6,,,,
2026-08-11T23:01:09+00:00,4211,18.55,84.31,7,7,1023.6,,,,
2026-08-11T23:11:09+00:00,4212,18.52,84.51,1,1,1023.6,,,,
2026-08-11T23:21:09+00:00,4213,18.36,85.16,1,1,1023.6,,,,
2026-08-11T23:31:09+00:00,4214,18.26,85.66,1,1,1023.5,,,,
2026-08-11T23:41:09+00:00,4215,18.29,86.06,1,1,1023.5,,,,
2026-08-11T23:51:09+00:00,4216,18.27,86.36,2,2,1023.4,,,,
2026-08-12T00:01:09+00:00,4217,18.38,86.36,2,2,1023.3,,,,
2026-08-12T00:11:09+00:00,4218,18.38,86.46,1,1,1023.4,,,,
2026-08-12T00:21:09+00:00,4219,18.26,86.77,1,1,1023.2,,,,
2026-08-12T00:31:09+00:00,4220,18.32,86.87,1,1,1023.2,,,,
2026-08-12T00:41:09+00:00,4221,18.11,87.41,1,1,1023.1,,,,
2026-08-12T00:51:09+00:00,4222,18.12,87.71,0,0,1023.1,,,,
2026-08-12T01:01:09+00:00,4223,17.99,88.26,0,0,1023,,,,
2026-08-12T01:11:09+00:00,4224,18.04,88.42,4,4,1023,,,,
2026-08-12T01:21:09+00:00,4225,18.14,88.32,0,0,1022.9,,,,
2026-08-12T01:31:09+00:00,4226,18.12,88.52,1,1,1022.9,,,,
2026-08-12T01:41:09+00:00,4227,18.07,88.82,1,1,1022.9,,,,
2026-08-12T01:51:09+00:00,4228,17.95,89.17,0,0,1022.9,,,,
2026-08-12T02:01:09+00:00,4229,17.99,89.26,1,1,1023,,,,
2026-08-12T02:11:09+00:00,4230,17.93,89.77,0,0,1022.9,,,,
2026-08-12T02:21:09+00:00,4231,17.89,90.07,3,3,1022.9,,,,
2026-08-12T02:31:09+00:00,4232,17.9,90.17,1,1,1022.8,,,,
2026-08-12T02:41:09+00:00,4233,17.77,90.52,1,1,1022.9,,,,
2026-08-12T02:51:09+00:00,4234,17.93,90.17,3,3,1022.9,,,,
2026-08-12T03:01:09+00:00,4235,17.97,90.07,1,1,1022.9,,,,
2026-08-12T03:11:09+00:00,4236,17.9,90.28,1,1,1022.8,,,,
2026-08-12T03:21:09+00:00,4237,17.93,90.37,1,1,1022.8,,,,
2026-08-12T03:31:09+00:00,4238,17.95,89.97,2,2,1022.8,,,,
2026-08-12T03:41:09+00:00,4239,17.86,90.17,1,1,1022.8,,,,
2026-08-12T03:51:09+00:00,4240,17.74,90.32,1,1,1022.8,,,,
2026-08-12T04:01:09+00:00,4241,17.74,90.62,3,3,1022.9,,,,
2026-08-12T04:11:09+00:00,4242,17.81,89.77,4,4,1022.9,,,,
2026-08-12T04:21:09+00:00,4243,17.78,89.47,1,1,1022.8,,,,
2026-08-12T04:31:09+00:00,4244,17.78,89.17,2,2,1022.8,,,,
2026-08-12T04:41:09+00:00,4245,17.67,89.21,4,4,1022.9,,,,
2026-08-12T04:51:09+00:00,4246,17.59,89.11,1,1,1022.9,,,,
2026-08-12T05:01:09+00:00,4247,17.62,88.9,2,2,1022.9,,,,
2026-08-12T05:11:09+00:00,4248,17.68,88.5,2,2,1022.9,,,,
2026-08-12T05:21:09+00:00,4249,17.75,87.4,1,1,1023,,,,
2026-08-12T05:31:09+00:00,4250,17.81,86.65,1,1,1023,,,,
2026-08-12T05:41:09+00:00,4251,18.11,85.1,4,4,1023,,,,
2026-08-12T05:51:09+00:00,4252,18.2,84.19,1,1,1023.1,,,,
2026-08-12T06:01:09+00:00,4253,18.51,83.11,1,1,1023,,,,
2026-08-12T06:11:08+00:00,4254,19.29,79.87,0,0,1023,,,,
2026-08-12T06:21:09+00:00,4255,20.07,76.85,3,3,1023,,,,
2026-08-12T06:31:08+00:00,4256,20.32,75.67,4,4,1022.9,,,,
2026-08-12T06:41:08+00:00,4257,20.67,73.83,2,2,1022.7,,,,
2026-08-12T06:51:08+00:00,4258,21.06,71.86,0,0,1022.7,,,,
2026-08-12T07:01:08+00:00,4259,21.35,70.83,0,0,1022.8,,,,
2026-08-12T07:11:08+00:00,4260,21.66,69.39,0,0,1022.9,,,,
2026-08-12T07:21:08+00:00,4261,22.36,66.89,0,0,1022.9,,,,
2026-08-12T07:31:09+00:00,4262,22.62,64.17,0,0,1022.9,,,,
2026-08-12T07:41:08+00:00,4263,22.88,63.84,0,0,1023,,,,
2026-08-12T07:51:08+00:00,4264,23.22,62.18,0,0,1023,,,,
2026-08-12T08:01:08+00:00,4265,23.95,59.31,2,2,1023.1,,,,
2026-08-12T08:11:08+00:00,4266,24.21,59.58,0,0,1022.8,,,,
2026-08-12T08:21:08+00:00,4267,24.55,58.36,0,0,1022.8,,,,
2026-08-12T08:31:08+00:00,4268,24.55,57.46,0,0,1022.8,,,,
2026-08-12T08:41:08+00:00,4269,24.96,57.9,1,1,1022.8,,,,
2026-08-12T08:51:08+00:00,4270,25.45,56.56,2,2,1022.8,,,,
2026-08-12T09:01:08+00:00,4271,26.1,56.18,0,0,1022.9,,,,
2026-08-12T09:11:08+00:00,4272,25.79,54.32,0,0,1022.7,,,,
2026-08-12T09:21:08+00:00,4273,27.15,51.52,1,1,1022.7,,,,
2026-08-12T09:31:08+00:00,4274,27.66,51.67,0,0,1022.6,,,,
2026-08-12T09:41:08+00:00,4275,27.82,48.09,0,0,1022.6,,,,
2026-08-12T09:51:08+00:00,4276,28.12,49.35,1,1,1022.5,,,,
2026-08-12T10:01:08+00:00,4277,28.68,48.1,3,3,1022.4,,,,
2026-08-12T10:11:08+00:00,4278,29.68,46.13,0,0,1022.5,,,,
2026-08-12T10:21:08+00:00,4279,30.36,45.1,0,0,1022.6,,,,
2026-08-12T10:31:08+00:00,4280,29.77,44.76,0,0,1022.4,,,,
2026-08-12T10:41:08+00:00,4281,31.11,43.37,0,0,1022.3,,,,
2026-08-12T10:51:08+00:00,4282,31.82,42.23,0,0,1022.4,,,,
2026-08-12T11:01:08+00:00,4283,31.21,41.19,0,0,1022.3,,,,
2026-08-12T11:11:08+00:00,4284,32.41,40.31,2,2,1022.3,,,,
2026-08-12T11:21:08+00:00,4285,32.34,37.79,0,0,1022.3,,,,
2026-08-12T11:31:08+00:00,4286,33.31,35.95,0,0,1022.2,,,,
2026-08-12T11:41:08+00:00,4287,32.59,36.1,1,1,1022.1,,,,
2026-08-12T11:51:08+00:00,4288,33.03,35.97,0,0,1022.2,,,,
2026-08-12T12:01:08+00:00,4289,33.08,34.8,1,1,1022.2,,,,
2026-08-12T12:11:08+00:00,4290,33.6,34.38,3,3,1022,,,,
2026-08-12T12:21:08+00:00,4291,34.34,32.86,1,1,1022,,,,
2026-08-12T12:31:08+00:00,4292,35.22,30.07,0,0,1021.9,,,,
2026-08-12T12:41:08+00:00,4293,35.78,29.26,1,1,1021.9,,,,
2026-08-12T12:51:08+00:00,4294,36,27.31,1,1,1021.8,,,,
2026-08-12T13:01:08+00:00,4295,36.54,25.04,3,3,1021.9,,,,
2026-08-12T13:11:08+00:00,4296,36.69,26.2,7,7,1021.6,,,,
2026-08-12T13:21:08+00:00,4297,37.67,28.86,2,2,1021.6,,,,
2026-08-12T13:31:08+00:00,4298,37.37,27.43,1,1,1021.6,,,,
2026-08-12T13:41:08+00:00,4299,37.07,27.64,3,3,1021.4,,,,
2026-08-12T13:51:08+00:00,4300,37.16,29.17,1,1,1021.4,,,,
2026-08-12T14:01:08+00:00,4301,35.56,31.22,0,0,1021.3,,,,
2026-08-12T14:11:08+00:00,4302,37.16,31.41,3,3,1021.2,,,,
2026-08-12T14:31:08+00:00,4303,37.37,32.09,0,0,1021.3,,,,
2026-08-12T14:41:08+00:00,4304,36.85,32.89,1,1,1021.1,,,,
2026-08-12T14:51:08+00:00,4305,37.67,31.57,2,2,1021.1,,,,
2026-08-12T15:01:08+00:00,4306,37.04,32.1,1,1,1021,,,,
2026-08-12T15:11:08+00:00,4307,34.02,36.19,1,1,1021,,,,
2026-08-12T15:21:08+00:00,4308,31.72,39.19,0,0,1020.8,,,,
2026-08-12T15:31:08+00:00,4309,31.03,40.92,1,1,1020.9,,,,
2026-08-12T15:41:08+00:00,4310,30.29,41.17,2,2,1020.8,,,,
2026-08-12T15:51:08+00:00,4311,30.1,41.29,1,1,1020.8,,,,
2026-08-12T16:01:08+00:00,4312,29.97,41.59,0,0,1020.7,,,,
2026-08-12T16:11:08+00:00,4313,29.8,41.41,0,0,1020.8,,,,
2026-08-12T16:21:08+00:00,4314,29.55,41.63,5,5,1020.8,,,,
2026-08-12T16:31:08+00:00,4315,29.43,41.83,2,2,1020.7,,,,
2026-08-12T16:41:08+00:00,4316,29.28,42.63,1,1,1020.6,,,,
2026-08-12T16:51:08+00:00,4317,29.13,43.34,1,1,1020.6,,,,
2026-08-12T17:01:08+00:00,4318,29.02,42.46,1,1,1020.7,,,,
2026-08-12T17:11:08+00:00,4319,28.95,41.27,0,0,1020.8,,,,
2026-08-12T17:21:08+00:00,4320,28.82,40.8,5,5,1020.7,,,,
2026-08-12T17:31:08+00:00,4321,28.58,40.82,2,2,1020.7,,,,
2026-08-12T17:41:08+00:00,4322,28.3,41.33,2,2,1020.7,,,,
2026-08-12T17:51:08+00:00,4323,28.01,42.44,7,7,1020.8,,,,
2026-08-12T18:01:08+00:00,4324,27.6,43.17,8,8,1020.8,,,,
2026-08-12T18:11:08+00:00,4325,27.15,43.51,1,1,1020.8,,,,
2026-08-12T18:21:08+00:00,4326,27.04,44.1,5,5,1020.9,,,,
2026-08-12T18:31:08+00:00,4327,26.82,45.01,4,4,1020.9,,,,
2026-08-12T18:41:08+00:00,4328,26.55,46.52,8,8,1020.9,,,,
2026-08-12T18:51:08+00:00,4329,26.47,46.05,3,3,1021,,,,
2026-08-12T19:01:08+00:00,4330,26.41,46.25,4,4,1021,,,,
2026-08-12T19:11:08+00:00,4331,26.17,46.57,6,6,1021,,,,
2026-08-12T19:21:08+00:00,4332,25.92,47.09,4,4,1021.1,,,,
2026-08-12T19:31:08+00:00,4333,25.65,47.71,9,9,1021.2,,,,
2026-08-12T19:41:08+00:00,4334,25.43,47.63,7,7,1021.3,,,,
2026-08-12T19:51:08+00:00,4335,25.2,47.75,5,5,1021.4,,,,
2026-08-12T20:01:08+00:00,4336,24.9,48.27,6,6,1021.4,,,,
2026-08-12T20:21:08+00:00,4337,24.43,49.21,2,2,1021.6,,,,
2026-08-12T20:31:08+00:00,4338,24.15,50.03,4,4,1021.6,,,,
2026-08-12T20:41:08+00:00,4339,23.92,50.65,2,2,1021.7,,,,
2026-08-12T20:51:08+00:00,4340,23.7,51.67,5,5,1021.8,,,,
2026-08-12T21:01:08+00:00,4341,23.54,52.79,1,1,1021.9,,,,
2026-08-12T21:11:08+00:00,4342,23.36,53.71,5,5,1022,,,,
2026-08-12T21:21:08+00:00,4343,23.16,55.01,3,3,1022.1,,,,
2026-08-12T21:31:08+00:00,4344,22.9,57.06,0,0,1022.1,,,,
2026-08-12T21:41:08+00:00,4345,22.61,58.38,1,1,1022.1,,,,
2026-08-12T21:51:08+00:00,4346,22.52,59.58,4,4,1022.3,,,,
2026-08-12T22:01:08+00:00,4347,22.37,61.21,1,1,1022.2,,,,
2026-08-12T22:11:08+00:00,4348,22.32,61.71,2,2,1022.3,,,,
2026-08-12T22:21:08+00:00,4349,21.95,63.26,2,2,1022.3,,,,
2026-08-12T22:31:08+00:00,4350,21.74,65.79,2,2,1022.3,,,,
2026-08-12T22:41:08+00:00,4351,21.68,66.99,0,0,1022.3,,,,
2026-08-12T22:51:08+00:00,4352,21.57,68.59,2,2,1022.3,,,,
2026-08-12T23:01:08+00:00,4353,21.53,70.39,0,0,1022.2,,,,
2026-08-12T23:11:08+00:00,4354,21.37,70.23,1,1,1022.2,,,,
2026-08-12T23:21:08+00:00,4355,21.39,65.42,4,4,1022.1,,,,
2026-08-12T23:31:08+00:00,4356,21.29,66.22,0,0,1022.1,,,,
2026-08-12T23:41:08+00:00,4357,21.06,68.55,3,3,1022,,,,
2026-08-12T23:51:08+00:00,4358,20.92,70.39,3,3,1022,,,,
2026-08-13T00:01:08+00:00,4359,20.84,72.09,0,0,1021.8,,,,
2026-08-13T00:11:08+00:00,4360,20.69,72.93,1,1,1021.8,,,,
2026-08-13T00:21:08+00:00,4361,20.47,75.17,0,0,1021.8,,,,
2026-08-13T00:31:08+00:00,4362,20.29,76.01,2,2,1021.8,,,,
2026-08-13T00:41:08+00:00,4363,20.16,78.11,4,4,1021.7,,,,
2026-08-13T00:51:08+00:00,4364,20.14,78.22,3,3,1021.7,,,,
2026-08-13T01:01:08+00:00,4365,19.99,79.05,1,1,1021.6,,,,
2026-08-13T01:11:08+00:00,4366,19.92,79.36,7,7,1021.6,,,,
2026-08-13T01:21:08+00:00,4367,19.73,80.4,1,1,1021.5,,,,
2026-08-13T01:31:08+00:00,4368,19.73,80.4,2,2,1021.5,,,,
2026-08-13T01:41:08+00:00,4369,19.63,80.6,2,2,1021.4,,,,
2026-08-13T01:51:08+00:00,4370,19.54,80.83,4,4,1021.3,,,,
2026-08-13T02:01:08+00:00,4371,19.48,81.14,0,0,1021.4,,,,
2026-08-13T02:11:08+00:00,4372,19.31,81.58,2,2,1021.4,,,,
2026-08-13T02:21:08+00:00,4373,18.95,82.32,1,1,1021.3,,,,
2026-08-13T02:31:08+00:00,4374,18.73,83.76,4,4,1021.2,,,,
2026-08-13T02:41:08+00:00,4375,18.78,83.37,4,4,1021.2,,,,
2026-08-13T02:51:08+00:00,4376,18.82,84.37,6,6,1021.2,,,,
2026-08-13T03:01:08+00:00,4377,18.81,84.17,0,0,1021.2,,,,
2026-08-13T03:11:08+00:00,4378,18.6,84.61,3,3,1021.2,,,,
2026-08-13T03:21:08+00:00,4379,18.52,85.62,5,5,1021.2,,,,
2026-08-13T03:31:08+00:00,4380,18.48,85.52,3,3,1021.3,,,,
2026-08-13T03:51:07+00:00,4381,18.25,85.76,4,4,1021.2,,,,
2026-08-13T04:01:07+00:00,4382,18.04,86.51,0,0,1021.3,,,,
2026-08-13T04:11:07+00:00,4383,17.9,86.75,2,2,1021.1,,,,
2026-08-13T04:21:07+00:00,4384,17.77,86.89,1,1,1021.2,,,,
2026-08-13T04:31:07+00:00,4385,17.56,87.6,4,4,1021.3,,,,
2026-08-13T04:41:07+00:00,4386,17.55,87.6,8,8,1021.3,,,,
2026-08-13T04:51:07+00:00,4387,17.67,87.8,3,3,1021.3,,,,
2026-08-13T05:01:07+00:00,4388,17.62,87.8,9,9,1021.3,,,,
2026-08-13T05:11:08+00:00,4389,17.63,87.19,7,7,1021.2,,,,
2026-08-13T05:21:07+00:00,4390,17.97,85.84,8,8,1021.3,,,,
2026-08-13T05:31:07+00:00,4391,18.07,85.6,2,2,1021.2,,,,
2026-08-13T05:41:07+00:00,4392,18.85,83.37,3,3,1021.2,,,,
2026-08-13T05:51:07+00:00,4393,18.82,83.06,3,3,1021.3,,,,
2026-08-13T06:01:07+00:00,4394,19.04,82.12,6,6,1021.3,,,,
2026-08-13T06:11:07+00:00,4395,19.56,80.24,1,1,1021.3,,,,
2026-08-13T06:21:07+00:00,4396,20.36,77.58,4,4,1021.2,,,,
2026-08-13T06:31:07+00:00,4397,20.63,77.04,3,3,1021.3,,,,
2026-08-13T06:41:07+00:00,4398,21.03,75.6,2,2,1021.2,,,,
2026-08-13T06:51:07+00:00,4399,21.81,73.75,2,2,1021.1,,,,
2026-08-13T07:01:07+00:00,4400,22.5,72.16,4,4,1021.2,,,,
2026-08-13T07:11:07+00:00,4401,22.85,71.52,1,1,1021.1,,,,
2026-08-13T07:21:07+00:00,4402,23.29,69.86,8,8,1021.1,,,,
2026-08-13T07:31:07+00:00,4403,24.35,68,1,1,1021.1,,,,
2026-08-13T07:41:07+00:00,4404,24.93,66.05,3,3,1021,,,,
2026-08-13T07:51:07+00:00,4405,25.29,65.72,6,6,1020.9,,,,
2026-08-13T08:01:07+00:00,4406,26.26,62.99,3,3,1020.8,,,,
2026-08-13T08:11:07+00:00,4407,26.32,61.8,3,3,1020.8,,,,
2026-08-13T08:21:07+00:00,4408,27.01,61.31,7,7,1020.7,,,,
2026-08-13T08:31:07+00:00,4409,27.78,59.45,2,2,1020.8,,,,
2026-08-13T08:41:07+00:00,4410,28.21,57.81,5,5,1020.7,,,,
2026-08-13T08:51:07+00:00,4411,28.89,56.08,4,4,1020.6,,,,
2026-08-13T09:01:07+00:00,4412,29.52,54.82,4,4,1020.6,,,,
2026-08-13T09:11:07+00:00,4413,30.23,51.3,4,4,1020.5,,,,
2026-08-13T09:21:07+00:00,4414,30.1,47.58,8,8,1020.6,,,,
2026-08-13T09:31:07+00:00,4415,30.79,46.34,5,5,1020.5,,,,
2026-08-13T09:41:07+00:00,4416,31.98,46.03,5,5,1020.4,,,,
2026-08-13T09:51:07+00:00,4417,32.82,41.46,3,3,1020.3,,,,
2026-08-13T10:01:07+00:00,4418,33.5,42.38,2,2,1020.4,,,,
2026-08-13T10:11:07+00:00,4419,34.32,38.02,3,3,1020.3,,,,
2026-08-13T10:21:07+00:00,4420,34.04,37.17,3,3,1020.2,,,,
2026-08-13T10:31:07+00:00,4421,35.23,36.4,0,0,1020.2,,,,
2026-08-13T10:41:07+00:00,4422,35.5,35.6,0,0,1020.1,,,,
2026-08-13T10:51:07+00:00,4423,36.41,34.36,1,1,1019.9,,,,
2026-08-13T11:01:07+00:00,4424,36.41,32.23,2,2,1019.9,,,,
2026-08-13T11:11:07+00:00,4425,37.28,29.95,1,1,1019.8,,,,
2026-08-13T11:21:07+00:00,4426,38.07,29.23,3,3,1019.6,,,,
2026-08-13T11:31:07+00:00,4427,38.2,30.18,5,5,1019.6,,,,
2026-08-13T11:41:07+00:00,4428,37.83,31.57,6,6,1019.7,,,,
2026-08-13T11:51:07+00:00,4429,38.32,32.51,2,2,1019.5,,,,
2026-08-13T12:01:07+00:00,4430,38.72,31.12,4,4,1019.4,,,,
2026-08-13T12:11:07+00:00,4431,38.62,30.17,4,4,1019.4,,,,
2026-08-13T12:21:07+00:00,4432,39.12,29.85,4,4,1019.3,,,,
2026-08-13T12:31:07+00:00,4433,38.81,29.47,7,7,1019.3,,,,
2026-08-13T12:51:07+00:00,4434,39.79,28.74,5,5,1019.1,,,,
2026-08-13T13:01:07+00:00,4435,40.28,27.75,3,3,1019.1,,,,
2026-08-13T13:11:07+00:00,4436,39.75,28.07,1,1,1018.9,,,,
2026-08-13T13:21:07+00:00,4437,40.51,27.35,3,3,1018.8,,,,
2026-08-13T13:31:07+00:00,4438,40.71,26.97,5,13,1018.8,,,,
2026-08-13T13:41:07+00:00,4439,41.38,27.31,1,1,1018.7,,,,
2026-08-13T13:51:07+00:00,4440,40.78,26.57,3,3,1018.6,,,,
2026-08-13T14:01:07+00:00,4441,39.98,26.7,9,9,1018.4,,,,
2026-08-13T14:11:07+00:00,4442,40.85,26.67,1,1,1018.3,,,,
2026-08-13T14:21:07+00:00,4443,40.52,26.2,1,1,1018.2,,,,
2026-08-13T14:31:07+00:00,4444,41.39,26.06,1,1,1018.1,,,,
2026-08-13T14:41:07+00:00,4445,41.11,25.79,6,6,1018.1,,,,
2026-08-13T14:51:07+00:00,4446,40.61,26.58,4,4,1018,,,,
2026-08-13T15:01:07+00:00,4447,39.37,26.55,7,7,1017.9,,,,
2026-08-13T15:11:07+00:00,4448,36.26,29.33,5,5,1017.8,,,,
2026-08-13T15:21:07+00:00,4449,34.37,31.96,4,4,1017.7,,,,
2026-08-13T15:31:07+00:00,4450,33.94,31.99,8,8,1017.7,,,,
2026-08-13T15:41:07+00:00,4451,33.54,33.01,1,1,1017.5,,,,
2026-08-13T15:51:07+00:00,4452,33.09,33.23,1,1,1017.6,,,,
2026-08-13T16:01:07+00:00,4453,32.79,33.94,4,4,1017.5,,,,
2026-08-13T16:11:07+00:00,4454,32.74,34.42,3,3,1017.5,,,,
2026-08-13T16:21:07+00:00,4455,32.54,35.42,1,1,1017.4,,,,
2026-08-13T16:31:07+00:00,4456,32.37,35.42,1,1,1017.3,,,,
2026-08-13T16:51:07+00:00,4457,32.07,37.31,2,2,1017.2,,,,
2026-08-13T17:01:07+00:00,4458,31.86,37.52,2,2,1017.1,,,,
2026-08-13T17:11:07+00:00,4459,31.74,38.31,2,2,1017.2,,,,
2026-08-13T17:21:07+00:00,4460,31.67,38.41,2,2,1017.2,,,,
2026-08-13T17:31:07+00:00,4461,31.55,38.62,3,3,1017.2,,,,
2026-08-13T17:41:07+00:00,4462,31.41,39.01,1,1,1017.2,,,,
2026-08-13T17:51:07+00:00,4463,31.23,39.23,2,2,1017.1,,,,
2026-08-13T18:01:07+00:00,4464,31.06,39.25,6,6,1017.2,,,,
2026-08-13T18:11:07+00:00,4465,30.98,39.25,2,2,1017.2,,,,
2026-08-13T18:21:07+00:00,4466,30.69,39.76,1,1,1017.2,,,,
2026-08-13T18:31:07+00:00,4467,30.52,39.88,5,5,1017.3,,,,
2026-08-13T18:41:07+00:00,4468,30.34,40,2,2,1017.3,,,,
2026-08-13T18:51:07+00:00,4469,30.05,40.9,5,5,1017.2,,,,
2026-08-13T19:01:07+00:00,4470,29.89,39.94,7,7,1017.1,,,,
2026-08-13T19:11:07+00:00,4471,29.6,40.74,4,4,1017.2,,,,
2026-08-13T19:21:07+00:00,4472,29.31,41.55,3,3,1017.2,,,,
2026-08-13T19:31:07+00:00,4473,28.86,42.77,6,6,1017.3,,,,
2026-08-13T19:41:07+00:00,4474,28.58,42.99,3,3,1017.3,,,,
2026-08-13T19:51:07+00:00,4475,28.31,43.41,8,8,1017.4,,,,
2026-08-13T20:01:07+00:00,4476,27.96,44.34,8,8,1017.4,,,,
2026-08-13T20:11:07+00:00,4477,27.69,45.45,6,6,1017.3,,,,
2026-08-13T20:21:07+00:00,4478,27.28,46.55,5,5,1017.4,,,,
2026-08-13T20:31:07+00:00,4479,27.04,47.27,2,2,1017.4,,,,
2026-08-13T20:41:07+00:00,4480,26.89,47.89,6,6,1017.4,,,,
2026-08-13T20:51:07+00:00,4481,26.69,48.9,6,6,1017.4,,,,
2026-08-13T21:01:07+00:00,4482,26.22,50.23,9,9,1017.4,,,,
2026-08-13T21:11:07+00:00,4483,26.06,50.73,11,11,1017.4,,,,
2026-08-13T21:21:07+00:00,4484,26.02,51.72,7,7,1017.4,,,,
2026-08-13T21:31:07+00:00,4485,26.07,51.92,9,9,1017.4,,,,
2026-08-13T21:41:07+00:00,4486,25.87,52.73,5,5,1017.4,,,,
2026-08-13T21:51:07+00:00,4487,25.65,54.05,8,8,1017.4,,,,
2026-08-13T22:01:07+00:00,4488,25.22,55.4,8,8,1017.4,,,,
2026-08-13T22:11:07+00:00,4489,24.99,55.42,4,4,1017.4,,,,
2026-08-13T22:21:07+00:00,4490,24.85,56.51,4,4,1017.3,,,,
2026-08-13T22:31:07+00:00,4491,24.8,56.84,8,8,1017.4,,,,
2026-08-13T22:41:07+00:00,4492,25.06,52.22,5,5,1017.2,,,,
2026-08-13T22:51:07+00:00,4493,25.24,48.94,0,0,1017.2,,,,
2026-08-13T23:01:07+00:00,4494,25.69,45.23,5,5,1017.1,,,,
2026-08-13T23:11:07+00:00,4495,26.02,44.49,2,2,1017.1,,,,
2026-08-13T23:21:07+00:00,4496,26.1,43,2,2,1017.2,,,,
2026-08-13T23:31:07+00:00,4497,26.13,43.1,2,2,1017.2,,,,
2026-08-13T23:41:07+00:00,4498,26.06,43.1,5,5,1017.1,,,,
2026-08-13T23:51:07+00:00,4499,25.95,43.12,3,3,1017.1,,,,
2026-08-14T00:01:07+00:00,4500,25.95,43.02,6,6,1017,,,,
2026-08-14T00:11:07+00:00,4501,25.89,43.42,2,2,1017,,,,
2026-08-14T00:21:07+00:00,4502,25.72,43.74,8,8,1016.9,,,,
2026-08-14T00:31:07+00:00,4503,25.62,44.04,5,5,1016.9,,,,
2026-08-14T00:41:07+00:00,4504,25.4,44.65,4,4,1016.8,,,,
2026-08-14T00:51:07+00:00,4505,25.22,45.27,5,5,1016.6,,,,
2026-08-14T01:01:07+00:00,4506,25.12,45.76,3,3,1016.6,,,,
2026-08-14T01:11:07+00:00,4507,25.03,46.58,3,3,1016.7,,,,
2026-08-14T01:21:07+00:00,4508,24.61,48.69,5,5,1016.7,,,,
2026-08-14T01:31:07+00:00,4509,24.2,49.04,4,4,1016.6,,,,
2026-08-14T01:41:07+00:00,4510,23.95,49.66,1,1,1016.6,,,,
2026-08-14T01:51:07+00:00,4511,23.97,52.34,6,6,1016.6,,,,
2026-08-14T02:01:07+00:00,4512,23.53,54.98,2,2,1016.6,,,,
2026-08-14T02:11:07+00:00,4513,23.16,57.9,3,3,1016.5,,,,
2026-08-14T02:21:07+00:00,4514,22.99,56.73,9,9,1016.6,,,,
2026-08-14T02:31:07+00:00,4515,23.13,57.73,4,4,1016.7,,,,
2026-08-14T02:41:06+00:00,4516,22.98,58.62,5,5,1016.7,,,,
2026-08-14T02:51:06+00:00,4517,23.16,57.1,7,7,1016.6,,,,
2026-08-14T03:01:06+00:00,4518,23.25,57.2,7,7,1016.5,,,,
2026-08-14T03:11:06+00:00,4519,23.33,57.2,10,10,1016.4,,,,
2026-08-14T03:21:06+00:00,4520,23.12,57.82,6,6,1016.5,,,,
2026-08-14T03:31:06+00:00,4521,22.9,58.65,3,3,1016.4,,,,
2026-08-14T03:41:06+00:00,4522,22.76,59.75,7,7,1016.4,,,,
2026-08-14T03:51:06+00:00,4523,22.39,62.01,2,2,1016.4,,,,
2026-08-14T04:01:06+00:00,4524,22.39,60.91,6,6,1016.4,,,,
2026-08-14T04:11:06+00:00,4525,22.39,60.61,6,6,1016.4,,,,
2026-08-14T04:21:06+00:00,4526,22.21,61.24,5,5,1016.4,,,,
2026-08-14T04:31:06+00:00,4527,21.93,61.96,10,10,1016.4,,,,
2026-08-14T04:41:06+00:00,4528,21.77,62.76,10,10,1016.4,,,,
2026-08-14T04:51:06+00:00,4529,21.83,63.17,4,4,1016.4,,,,
2026-08-14T05:01:06+00:00,4530,21.8,63.26,4,4,1016.3,,,,
2026-08-14T05:11:06+00:00,4531,21.58,64.09,8,8,1016.3,,,,
2026-08-14T05:21:06+00:00,4532,21.55,65.29,10,10,1016.4,,,,
2026-08-14T05:31:06+00:00,4533,21.79,65.86,3,3,1016.4,,,,
2026-08-14T05:41:06+00:00,4534,22.45,63.97,6,6,1016.5,,,,
2026-08-14T05:51:06+00:00,4535,22.48,63.57,5,5,1016.6,,,,
2026-08-14T06:01:06+00:00,4536,22.88,62.94,7,7,1016.5,,,,
2026-08-14T06:11:06+00:00,4537,23.63,61.43,12,12,1016.6,,,,
2026-08-14T06:21:06+00:00,4538,24.29,59.68,8,8,1016.6,,,,
2026-08-14T06:31:06+00:00,4539,24.69,59.52,4,4,1016.7,,,,
2026-08-14T06:41:06+00:00,4540,25.06,58.77,4,4,1016.7,,,,
2026-08-14T06:51:06+00:00,4541,25.36,58.25,6,6,1016.7,,,,
2026-08-14T07:01:06+00:00,4542,25.54,57.82,3,3,1016.7,,,,
2026-08-14T07:11:06+00:00,4543,25.4,58.74,6,6,1016.7,,,,
2026-08-14T07:21:06+00:00,4544,25.33,59.53,6,6,1016.8,,,,
2026-08-14T07:41:06+00:00,4545,25.76,60.4,3,3,1016.7,,,,
2026-08-14T07:51:06+00:00,4546,25.14,61.45,3,3,1016.5,,,,
2026-08-14T08:01:06+00:00,4547,25.48,61.52,3,3,1016.5,,,,
2026-08-14T08:11:06+00:00,4548,26.22,60.14,3,3,1016.6,,,,
2026-08-14T08:21:06+00:00,4549,26.26,60.21,3,3,1016.6,,,,
2026-08-14T08:31:06+00:00,4550,26.91,59.27,1,1,1016.6,,,,
2026-08-14T08:41:06+00:00,4551,27.06,59.44,3,3,1016.4,,,,
2026-08-14T08:51:06+00:00,4552,27.77,57.18,5,5,1016.5,,,,
2026-08-14T09:01:06+00:00,4553,28.71,54.7,4,4,1016.5,,,,
2026-08-14T09:11:06+00:00,4554,28.21,55.64,0,0,1016.5,,,,
2026-08-14T09:21:06+00:00,4555,29.76,52.92,3,3,1016.5,,,,
2026-08-14T09:31:06+00:00,4556,28.98,53.88,2,2,1016.4,,,,
2026-08-14T09:41:06+00:00,4557,29.47,52.55,5,5,1016.3,,,,
2026-08-14T09:51:06+00:00,4558,30.08,51.12,8,8,1016.4,,,,
2026-08-14T10:01:06+00:00,4559,31.08,49.75,2,2,1016.2,,,,
2026-08-14T10:11:06+00:00,4560,31.41,48.72,6,6,1016.1,,,,
2026-08-14T10:21:06+00:00,4561,33.31,45.43,3,3,1016,,,,
2026-08-14T10:31:06+00:00,4562,34.32,44.46,3,3,1015.9,,,,
2026-08-14T10:41:06+00:00,4563,34.12,43.39,8,8,1015.9,,,,
2026-08-14T10:51:06+00:00,4564,32.69,45.47,12,12,1015.9,,,,
2026-08-14T11:01:06+00:00,4565,34.4,43.76,11,11,1015.7,,,,
2026-08-14T11:11:06+00:00,4566,35.76,40.54,8,8,1015.6,,,,
2026-08-14T11:21:06+00:00,4567,33.6,43.85,15,15,1015.6,,,,
2026-08-14T11:31:06+00:00,4568,36.77,40.08,8,8,1015.6,,,,
2026-08-14T11:41:06+00:00,4569,37.88,38.35,14,14,1015.3,,,,
2026-08-14T11:51:06+00:00,4570,36.16,38.85,13,13,1015.3,,,,
2026-08-14T12:01:06+00:00,4571,36.77,39.2,14,14,1015.1,,,,
2026-08-14T12:11:06+00:00,4572,36.14,39.34,17,17,1015,,,,
2026-08-14T12:21:06+00:00,4573,38.14,37.17,11,11,1014.9,,,,
2026-08-14T12:31:06+00:00,4574,38.58,35.88,9,9,1014.8,,,,
2026-08-14T12:41:06+00:00,4575,39.3,34.95,7,7,1014.7,,,,
2026-08-14T12:51:06+00:00,4576,39.19,34.95,18,18,1014.6,,,,
2026-08-14T13:01:06+00:00,4577,39.86,33.18,8,8,1014.4,,,,
2026-08-14T13:11:06+00:00,4578,39,33.72,19,19,1014.5,,,,
2026-08-14T13:21:06+00:00,4579,39.86,32.79,9,9,1014.4,,,,
2026-08-14T13:31:06+00:00,4580,39.49,32.91,12,12,1014.4,,,,
2026-08-14T13:41:06+00:00,4581,36.33,35.94,13,13,1014.3,,,,
2026-08-14T13:51:06+00:00,4582,37.22,35.48,10,10,1014.2,,,,
2026-08-14T14:01:06+00:00,4583,39.8,32.89,11,11,1014.2,,,,
2026-08-14T14:11:06+00:00,4584,39.54,32.71,11,11,1014.1,,,,
2026-08-14T14:21:06+00:00,4585,40.23,32.09,11,11,1014,,,,
2026-08-14T14:31:06+00:00,4586,39.83,32.12,7,7,1013.8,,,,
2026-08-14T14:41:06+00:00,4587,38.13,34.36,7,7,1013.7,,,,
2026-08-14T14:51:06+00:00,4588,38.95,33.23,12,12,1013.6,,,,
2026-08-14T15:01:06+00:00,4589,36.11,35.84,11,11,1013.4,,,,
2026-08-14T15:11:06+00:00,4590,34.14,38.32,8,8,1013.4,,,,
2026-08-14T15:21:06+00:00,4591,34.21,39.59,16,16,1013.3,,,,
2026-08-14T15:31:06+00:00,4592,33.97,39.8,9,9,1013.3,,,,
2026-08-14T15:41:06+00:00,4593,33.55,40.53,14,14,1013.2,,,,
2026-08-14T15:51:06+00:00,4594,33.22,40.64,8,8,1013.1,,,,
2026-08-14T16:01:06+00:00,4595,33.22,40.35,10,10,1013.1,,,,
2026-08-14T16:11:06+00:00,4596,33.2,40.64,14,14,1012.9,,,,
2026-08-14T16:21:06+00:00,4597,33.16,41.23,5,5,1012.9,,,,
2026-08-14T16:31:06+00:00,4598,33.31,41.23,15,15,1012.8,,,,
2026-08-14T16:41:06+00:00,4599,33.22,41.42,10,10,1012.7,,,,
2026-08-14T16:51:06+00:00,4600,33.08,41.64,17,17,1012.6,,,,
2026-08-14T17:01:06+00:00,4601,33.22,41.91,8,8,1012.6,,,,
2026-08-14T17:11:06+00:00,4602,33.24,41.33,11,11,1012.5,,,,
2026-08-14T17:21:06+00:00,4603,33.15,42.21,4,4,1012.5,,,,
2026-08-14T17:31:06+00:00,4604,33.09,42.81,8,8,1012.5,,,,
2026-08-14T17:41:06+00:00,4605,32.94,42.52,6,6,1012.4,,,,
2026-08-14T17:51:06+00:00,4606,32.74,42.54,4,4,1012.4,,,,
2026-08-14T18:11:06+00:00,4607,32.57,42.66,4,4,1012.4,,,,
2026-08-14T18:21:06+00:00,4608,32.29,42.97,2,2,1012.4,,,,
2026-08-14T18:31:06+00:00,4609,32.07,43.29,2,2,1012.4,,,,
2026-08-14T18:41:06+00:00,4610,31.8,43.51,3,3,1012.4,,,,
2026-08-14T18:51:06+00:00,4611,31.6,43.52,2,2,1012.5,,,,
2026-08-14T19:01:06+00:00,4612,31.33,43.45,4,4,1012.6,,,,
2026-08-14T19:11:06+00:00,4613,30.92,43.47,2,2,1012.7,,,,
2026-08-14T19:21:06+00:00,4614,30.59,43.71,0,0,1012.7,,,,
2026-08-14T19:31:06+00:00,4615,30.49,43.8,2,2,1012.8,,,,
2026-08-14T19:41:06+00:00,4616,30.46,43.61,5,5,1013,,,,
2026-08-14T19:51:06+00:00,4617,30.39,43.8,2,2,1013.1,,,,
2026-08-14T20:01:06+00:00,4618,30.17,44.52,0,0,1013.4,,,,
2026-08-14T20:11:06+00:00,4619,28.65,54.43,15,15,1013.7,,,,
2026-08-14T20:21:06+00:00,4620,26.94,59.66,6,6,1014,,,,
2026-08-14T20:31:06+00:00,4621,26.29,59.92,17,17,1014.1,,,,
2026-08-14T20:41:06+00:00,4622,25.96,58.59,21,21,1014.2,,,,
2026-08-14T20:51:06+00:00,4623,25.58,57.23,17,17,1014.3,,,,
2026-08-14T21:01:06+00:00,4624,25.37,57.45,13,13,1014.2,,,,
2026-08-14T21:11:06+00:00,4625,25.18,57.98,12,12,1014.4,,,,
2026-08-14T21:21:06+00:00,4626,25.14,58.07,12,12,1014.4,,,,
2026-08-14T21:31:06+00:00,4627,25.17,58.87,8,8,1014.4,,,,
2026-08-14T21:41:06+00:00,4628,25.06,59.47,10,10,1014.5,,,,
2026-08-14T21:51:06+00:00,4629,24.81,60.82,6,6,1014.4,,,,
2026-08-14T22:01:06+00:00,4630,24.59,61.41,9,9,1014.5,,,,
2026-08-14T22:11:06+00:00,4631,24.4,62.63,3,3,1014.6,,,,
2026-08-14T22:21:06+00:00,4632,24.21,63.46,7,7,1014.6,,,,
2026-08-14T22:31:06+00:00,4633,24.12,63.95,4,4,1014.5,,,,
2026-08-14T22:41:06+00:00,4634,24.09,64.28,8,8,1014.5,,,,
2026-08-14T22:51:06+00:00,4635,23.99,64.69,12,12,1014.7,,,,
2026-08-14T23:01:06+00:00,4636,23.91,64.78,7,7,1014.5,,,,
2026-08-14T23:11:06+00:00,4637,23.81,65.81,6,6,1014.6,,,,
2026-08-14T23:21:06+00:00,4638,23.81,66.11,1,1,1014.5,,,,
2026-08-14T23:31:06+00:00,4639,23.66,66.5,2,2,1014.6,,,,
2026-08-14T23:41:06+00:00,4640,23.55,66.94,9,9,1014.6,,,,
2026-08-14T23:51:06+00:00,4641,23.62,67.03,3,3,1014.7,,,,
2026-08-15T00:01:06+00:00,4642,23.54,66.74,1,1,1014.6,,,,
2026-08-15T00:11:06+00:00,4643,23.57,66.53,3,3,1014.7,,,,
2026-08-15T00:21:06+00:00,4644,23.58,66.74,7,7,1014.7,,,,
2026-08-15T00:31:06+00:00,4645,23.58,66.24,2,2,1014.6,,,,
2026-08-15T00:41:06+00:00,4646,23.69,65.61,5,5,1014.6,,,,
2026-08-15T00:51:05+00:00,4647,23.73,65.41,3,3,1014.6,,,,
2026-08-15T01:01:05+00:00,4648,23.57,66.34,3,3,1014.7,,,,
2026-08-15T01:11:05+00:00,4649,23.62,66.34,4,4,1014.6,,,,
2026-08-15T01:21:05+00:00,4650,23.7,65.71,1,1,1014.6,,,,
2026-08-15T01:31:05+00:00,4651,23.63,65.91,4,4,1014.6,,,,
2026-08-15T01:41:05+00:00,4652,23.53,66.64,2,2,1014.6,,,,
2026-08-15T01:51:05+00:00,4653,23.43,66.64,1,1,1014.7,,,,
2026-08-15T02:01:05+00:00,4654,23.28,68.37,4,4,1014.6,,,,
2026-08-15T02:11:05+00:00,4655,23.12,69.29,1,1,1014.7,,,,
2026-08-15T02:21:05+00:00,4656,23.01,69.89,1,1,1014.8,,,,
2026-08-15T02:31:05+00:00,4657,22.83,70.32,2,2,1014.8,,,,
2026-08-15T02:41:05+00:00,4658,22.8,70.72,2,2,1014.9,,,,
2026-08-15T02:51:05+00:00,4659,22.7,70.72,0,0,1015.1,,,,
2026-08-15T03:01:05+00:00,4660,22.37,70.99,1,1,1015,,,,
2026-08-15T03:11:05+00:00,4661,22.33,71.39,2,2,1015,,,,
2026-08-15T03:21:05+00:00,4662,22.15,71.83,0,0,1015.1,,,,
2026-08-15T03:31:05+00:00,4663,21.86,72.06,0,0,1015.1,,,,
2026-08-15T03:41:05+00:00,4664,21.73,71.49,0,0,1015.1,,,,
2026-08-15T03:51:05+00:00,4665,21.51,70.79,0,0,1015,,,,
2026-08-15T04:01:05+00:00,4666,21.27,70.56,1,1,1015.2,,,,
2026-08-15T04:11:05+00:00,4667,21.22,70.26,1,1,1015,,,,
2026-08-15T04:21:05+00:00,4668,21,70.19,0,0,1015.1,,,,
2026-08-15T04:31:05+00:00,4669,20.97,70.59,1,1,1015,,,,
2026-08-15T04:41:05+00:00,4670,20.89,71.09,0,0,1015.3,,,,
2026-08-15T04:51:05+00:00,4671,20.82,71.19,1,1,1015.1,,,,
2026-08-15T05:01:05+00:00,4672,20.69,71.33,0,0,1015.2,,,,
2026-08-15T05:11:05+00:00,4673,20.66,71.53,1,1,1015.2,,,,
2026-08-15T05:21:05+00:00,4674,20.63,71.73,2,2,1015.3,,,,
2026-08-15T05:31:05+00:00,4675,20.67,72.13,2,2,1015.3,,,,
2026-08-15T05:41:05+00:00,4676,20.63,72.03,1,1,1015.3,,,,
2026-08-15T05:51:05+00:00,4677,20.54,72.56,3,3,1015.3,,,,
2026-08-15T06:01:05+00:00,4678,20.39,72.77,0,0,1015.3,,,,
2026-08-15T06:11:05+00:00,4679,20.29,74.3,4,4,1015.5,,,,
2026-08-15T06:21:05+00:00,4680,20.18,76.21,1,1,1015.6,,,,
2026-08-15T06:31:05+00:00,4681,20.16,77.81,4,4,1015.7,,,,
2026-08-15T06:41:05+00:00,4682,20.17,78.42,5,5,1015.6,,,,
2026-08-15T06:51:05+00:00,4683,20.21,78.61,2,2,1015.8,,,,
2026-08-15T07:01:05+00:00,4684,20.18,79.52,4,4,1015.9,,,,
2026-08-15T07:11:05+00:00,4685,20.69,78.64,1,1,1015.9,,,,
2026-08-15T07:21:05+00:00,4686,21.31,77.63,4,4,1015.9,,,,
2026-08-15T07:31:05+00:00,4687,21.39,78.53,6,6,1015.9,,,,
2026-08-15T07:41:05+00:00,4688,21.49,79.73,3,3,1015.9,,,,
2026-08-15T07:51:05+00:00,4689,22.06,78.42,7,7,1016,,,,
2026-08-15T08:01:05+00:00,4690,22.76,76.51,6,6,1016,,,,
2026-08-15T08:11:05+00:00,4691,22.64,77.04,14,14,1016,,,,
2026-08-15T08:21:05+00:00,4692,23.27,75.94,10,10,1015.9,,,,
2026-08-15T08:31:05+00:00,4693,23.35,75.84,10,10,1015.8,,,,
2026-08-15T08:41:05+00:00,4694,23.9,74.33,13,13,1015.9,,,,
2026-08-15T08:51:05+00:00,4695,23.6,74.71,10,10,1015.8,,,,
2026-08-15T09:01:05+00:00,4696,24.32,73,8,8,1015.6,,,,
2026-08-15T09:21:05+00:00,4697,24.55,71.48,8,8,1015.8,,,,
2026-08-15T09:31:05+00:00,4698,25,69.82,11,11,1015.7,,,,
2026-08-15T09:41:05+00:00,4699,25.89,67.11,7,7,1015.8,,,,
2026-08-15T09:51:05+00:00,4700,25.8,66.91,10,10,1015.7,,,,
2026-08-15T10:01:05+00:00,4701,25.61,67.14,6,6,1015.7,,,,
2026-08-15T10:11:05+00:00,4702,25.76,65.95,9,9,1015.9,,,,
2026-08-15T10:21:05+00:00,4703,25.45,65.09,5,5,1015.9,,,,
2026-08-15T10:31:05+00:00,4704,26.62,61.67,5,5,1015.9,,,,
2026-08-15T10:41:05+00:00,4705,26.81,60.75,5,5,1015.9,,,,
2026-08-15T10:51:05+00:00,4706,27.49,59.18,2,2,1015.9,,,,
2026-08-15T11:01:05+00:00,4707,28,57.34,3,3,1016,,,,
2026-08-15T11:11:05+00:00,4708,27.01,58.94,5,5,1015.9,,,,
2026-08-15T11:21:05+00:00,4709,27.47,57.2,4,4,1015.9,,,,
2026-08-15T11:31:05+00:00,4710,26.74,58.87,3,3,1016,,,,
2026-08-15T11:41:05+00:00,4711,28.18,55.96,2,2,1016,,,,
2026-08-15T11:51:05+00:00,4712,27.66,55.62,0,0,1016,,,,
2026-08-15T12:01:05+00:00,4713,26.89,56.99,0,0,1016.1,,,,
2026-08-15T12:11:05+00:00,4714,27.85,56.29,2,2,1016.1,,,,
2026-08-15T12:21:05+00:00,4715,27.28,56.24,3,3,1016.2,,,,
2026-08-15T12:31:05+00:00,4716,28.95,52.11,4,4,1016,,,,
2026-08-15T12:41:05+00:00,4717,28.78,52.92,2,2,1016,,,,
2026-08-15T12:51:05+00:00,4718,27.01,56.46,1,1,1016,,,,
2026-08-15T13:01:05+00:00,4719,27.34,55.65,1,1,1016.1,,,,
2026-08-15T13:11:05+00:00,4720,28.16,53.59,1,1,1016,,,,
2026-08-15T13:21:05+00:00,4721,27.4,55.85,1,1,1015.9,,,,
2026-08-15T13:31:05+00:00,4722,27.43,55.45,0,0,1016,,,,
2026-08-15T13:41:05+00:00,4723,28.56,53.34,1,1,1016,,,,
2026-08-15T13:51:05+00:00,4724,28.19,54.48,2,2,1016,,,,
2026-08-15T14:01:05+00:00,4725,27.18,56.46,2,2,1016,,,,
2026-08-15T14:11:05+00:00,4726,28.06,54.58,0,0,1015.9,,,,
2026-08-15T14:21:05+00:00,4727,27.84,56.19,5,5,1015.8,,,,
2026-08-15T14:31:05+00:00,4728,27.21,57.16,4,4,1015.9,,,,
2026-08-15T14:41:05+00:00,4729,27.26,56.84,2,2,1015.8,,,,
2026-08-15T14:51:05+00:00,4730,27.69,55.92,3,3,1015.6,,,,
2026-08-15T15:01:05+00:00,4731,27.21,63.79,4,4,1015.6,,,,
2026-08-15T15:11:05+00:00,4732,26.54,64.04,1,1,1015.4,,,,
2026-08-15T15:21:05+00:00,4733,26.33,64.67,3,3,1015.5,,,,
2026-08-15T15:31:05+00:00,4734,26.3,64.97,3,3,1015.5,,,,
2026-08-15T15:41:05+00:00,4735,25.95,65.92,3,3,1015.5,,,,
2026-08-15T15:51:05+00:00,4736,26.09,64.7,3,3,1015.5,,,,
2026-08-15T16:01:05+00:00,4737,25.92,63.74,5,5,1015.5,,,,
2026-08-15T16:11:05+00:00,4738,26.2,62.02,3,3,1015.4,,,,
2026-08-15T16:21:05+00:00,4739,26.42,59.22,2,2,1015.5,,,,
2026-08-15T16:31:05+00:00,4740,26.3,59.12,0,0,1015.5,,,,
2026-08-15T16:41:05+00:00,4741,26.13,59.45,4,4,1015.4,,,,
2026-08-15T16:51:05+00:00,4742,25.98,59.78,3,3,1015.4,,,,
2026-08-15T17:01:05+00:00,4743,25.94,60.17,4,4,1015.3,,,,
2026-08-15T17:11:05+00:00,4744,25.72,60.6,0,0,1015.4,,,,
2026-08-15T17:21:05+00:00,4745,25.87,60.27,1,1,1015.5,,,,
2026-08-15T17:31:05+00:00,4746,25.58,60.7,3,3,1015.5,,,,
2026-08-15T17:41:05+00:00,4747,25.57,60.89,4,4,1015.6,,,,
2026-08-15T17:51:05+00:00,4748,25.88,60.07,4,4,1015.6,,,,
2026-08-15T18:01:05+00:00,4749,25.51,61.02,5,5,1015.7,,,,
2026-08-15T18:11:05+00:00,4750,25.05,62.27,5,5,1015.7,,,,
2026-08-15T18:21:05+00:00,4751,24.98,62.07,3,3,1015.7,,,,
2026-08-15T18:31:05+00:00,4752,24.74,62.7,8,8,1015.7,,,,
2026-08-15T18:41:05+00:00,4753,24.54,63.33,4,4,1015.8,,,,
2026-08-15T18:51:05+00:00,4754,24.49,63.53,3,3,1015.8,,,,
2026-08-15T19:01:05+00:00,4755,24.46,63.63,5,5,1016,,,,
2026-08-15T19:11:05+00:00,4756,23.87,75.53,4,4,1016.1,,,,
2026-08-15T19:21:05+00:00,4757,23.28,78.83,4,4,1016.3,,,,
2026-08-15T19:31:05+00:00,4758,22.91,80.8,3,3,1016.4,,,,
2026-08-15T19:41:05+00:00,4759,22.65,81.63,2,2,1016.6,,,,
2026-08-15T19:51:05+00:00,4760,22.45,82.43,2,2,1016.7,,,,
2026-08-15T20:01:05+00:00,4761,22.12,83.01,5,5,1016.8,,,,
2026-08-15T20:11:05+00:00,4762,22,83.41,1,1,1016.7,,,,
2026-08-15T20:21:05+00:00,4763,21.81,84.35,4,4,1016.7,,,,
2026-08-15T20:31:05+00:00,4764,21.47,85.03,1,1,1016.8,,,,
2026-08-15T20:41:04+00:00,4765,21.37,84.63,0,0,1017,,,,
2026-08-15T20:51:04+00:00,4766,21.25,84.87,0,0,1017.1,,,,
2026-08-15T21:01:04+00:00,4767,21.03,85.51,1,1,1017.2,,,,
2026-08-15T21:11:05+00:00,4768,20.73,86.46,3,3,1017.3,,,,
2026-08-15T21:21:04+00:00,4769,20.55,87.2,2,2,1017.4,,,,
2026-08-15T21:31:04+00:00,4770,20.43,88,0,0,1017.5,,,,
2026-08-15T21:41:04+00:00,4771,20.29,88.64,1,1,1017.7,,,,
2026-08-15T21:51:04+00:00,4772,20.17,89.34,6,6,1017.8,,,,
2026-08-15T22:01:04+00:00,4773,20.06,89.69,2,2,1017.8,,,,
2026-08-15T22:11:04+00:00,4774,19.92,90.29,3,3,1017.8,,,,
2026-08-15T22:21:04+00:00,4775,19.89,90.19,1,1,1017.9,,,,
2026-08-15T22:31:04+00:00,4776,19.78,90.44,0,0,1017.8,,,,
2026-08-15T22:41:04+00:00,4777,19.71,90.44,1,1,1017.9,,,,
2026-08-15T22:51:04+00:00,4778,19.55,90.68,0,0,1018,,,,
2026-08-15T23:01:04+00:00,4779,19.56,90.48,2,2,1018,,,,
2026-08-15T23:11:04+00:00,4780,19.48,90.48,1,1,1017.9,,,,
2026-08-15T23:21:04+00:00,4781,19.4,90.62,2,2,1017.9,,,,
2026-08-15T23:31:04+00:00,4782,19.36,91.02,5,5,1017.8,,,,
2026-08-15T23:41:04+00:00,4783,19.21,91.22,1,1,1017.8,,,,
2026-08-15T23:51:04+00:00,4784,19.08,91.87,1,1,1017.9,,,,
2026-08-16T00:01:04+00:00,4785,18.88,92.11,2,2,1017.9,,,,
2026-08-16T00:11:04+00:00,4786,18.8,92.41,3,3,1017.9,,,,
2026-08-16T00:21:04+00:00,4787,18.81,92.22,4,4,1017.8,,,,
2026-08-16T00:31:04+00:00,4788,18.65,92.96,2,2,1017.7,,,,
2026-08-16T00:41:04+00:00,4789,18.47,92.76,0,0,1017.8,,,,
2026-08-16T00:51:04+00:00,4790,18.38,93.21,2,2,1017.8,,,,
2026-08-16T01:01:04+00:00,4791,18.59,92.96,2,2,1017.8,,,,
2026-08-16T01:11:04+00:00,4792,18.45,92.91,3,3,1017.9,,,,
2026-08-16T01:21:04+00:00,4793,18.4,93.11,5,5,1017.7,,,,
2026-08-16T01:31:04+00:00,4794,18.23,93.96,5,5,1017.6,,,,
2026-08-16T01:41:04+00:00,4795,18.22,93.96,5,5,1017.7,,,,
2026-08-16T01:51:04+00:00,4796,18.51,92.96,1,1,1017.6,,,,
2026-08-16T02:01:04+00:00,4797,18.6,92.26,0,0,1017.7,,,,
2026-08-16T02:11:04+00:00,4798,18.7,91.41,1,1,1017.6,,,,
2026-08-16T02:21:04+00:00,4799,18.73,90.61,2,2,1017.6,,,,
2026-08-16T02:31:04+00:00,4800,18.67,90.85,0,0,1017.6,,,,
2026-08-16T02:41:04+00:00,4801,18.58,90.34,3,3,1017.6,,,,
2026-08-16T02:51:04+00:00,4802,18.42,90.69,3,3,1017.6,,,,
2026-08-16T03:01:04+00:00,4803,18.23,91.14,0,0,1017.5,,,,
2026-08-16T03:11:04+00:00,4804,18.1,91.94,1,1,1017.4,,,,
2026-08-16T03:21:04+00:00,4805,18.08,92.05,0,0,1017.4,,,,
2026-08-16T03:31:04+00:00,4806,18.11,91.24,1,1,1017.4,,,,
2026-08-16T03:41:04+00:00,4807,18.1,91.44,1,1,1017.4,,,,
2026-08-16T03:51:04+00:00,4808,18.05,91.85,1,1,1017.5,,,,
2026-08-16T04:01:04+00:00,4809,17.97,91.78,4,4,1017.4,,,,
2026-08-16T04:11:04+00:00,4810,17.86,91.58,3,3,1017.5,,,,
2026-08-16T04:21:05+00:00,4811,17.71,91.83,2,2,1017.4,,,,
2026-08-16T04:31:05+00:00,4812,17.63,92.03,1,1,1017.3,,,,
2026-08-16T04:41:04+00:00,4813,17.54,92.23,2,2,1017.3,,,,
2026-08-16T04:51:04+00:00,4814,17.51,92.47,3,3,1017.2,,,,
2026-08-16T05:01:04+00:00,4815,17.38,92.78,2,2,1017.4,,,,
2026-08-16T05:11:04+00:00,4816,17.34,93.08,4,4,1017.4,,,,
2026-08-16T05:21:04+00:00,4817,17.51,92.68,5,5,1017.4,,,,
2026-08-16T05:31:04+00:00,4818,17.56,92.33,0,0,1017.5,,,,
2026-08-16T05:41:04+00:00,4819,17.67,91.42,0,0,1017.6,,,,
2026-08-16T05:51:04+00:00,4820,17.74,91.02,2,2,1017.6,,,,
2026-08-16T06:01:04+00:00,4821,17.97,89.37,1,1,1017.6,,,,
2026-08-16T06:11:04+00:00,4822,18.1,88.22,1,1,1017.7,,,,
2026-08-16T06:21:04+00:00,4823,18.14,88.02,5,5,1017.7,,,,
2026-08-16T06:31:04+00:00,4824,18.45,87.57,0,0,1017.7,,,,
2026-08-16T06:41:04+00:00,4825,19.66,83.61,4,4,1017.6,,,,
2026-08-16T06:51:04+00:00,4826,19.31,83.89,4,4,1017.7,,,,
2026-08-16T07:01:04+00:00,4827,19.58,83.65,2,2,1017.8,,,,
2026-08-16T07:11:04+00:00,4828,19.51,83.35,0,0,1017.8,,,,
2026-08-16T07:21:04+00:00,4829,19.78,83.01,0,0,1017.7,,,,
2026-08-16T07:31:04+00:00,4830,20.03,82.46,1,1,1017.9,,,,
2026-08-16T07:41:04+00:00,4831,20.69,81.15,0,0,1017.8,,,,
2026-08-16T07:51:04+00:00,4832,21.19,79.67,0,0,1017.6,,,,
2026-08-16T08:01:04+00:00,4833,21.8,76.95,0,0,1017.5,,,,
2026-08-16T08:11:04+00:00,4834,22.36,75.68,0,0,1017.6,,,,
2026-08-16T08:21:04+00:00,4835,21.83,77.66,1,1,1017.5,,,,
2026-08-16T08:31:04+00:00,4836,22.24,76.08,1,1,1017.7,,,,
2026-08-16T08:41:04+00:00,4837,21.62,77.99,1,1,1017.6,,,,
2026-08-16T08:51:04+00:00,4838,21.62,78.09,2,2,1017.7,,,,
2026-08-16T09:01:04+00:00,4839,22.36,76.08,1,1,1017.5,,,,
2026-08-16T09:11:04+00:00,4840,23.91,70.45,0,0,1017.5,,,,
2026-08-16T09:21:04+00:00,4841,23.48,70.42,1,1,1017.6,,,,
2026-08-16T09:31:04+00:00,4842,22.87,73.02,1,1,1017.6,,,,
2026-08-16T09:41:04+00:00,4843,23.13,71.89,2,2,1017.5,,,,
2026-08-16T09:51:04+00:00,4844,23.88,69.66,1,1,1017.4,,,,
2026-08-16T10:01:04+00:00,4845,24.35,67.4,1,1,1017.4,,,,
2026-08-16T10:11:04+00:00,4846,23.65,67.7,0,0,1017.5,,,,
2026-08-16T10:21:04+00:00,4847,24.29,67.33,3,3,1017.5,,,,
2026-08-16T10:31:04+00:00,4848,25.52,65.09,0,0,1017.5,,,,
2026-08-16T10:41:04+00:00,4849,28,57.45,2,2,1017.4,,,,
2026-08-16T10:51:04+00:00,4850,26.2,61.13,3,3,1017.3,,,,
2026-08-16T11:01:04+00:00,4851,23.62,67.43,4,4,1017.2,,,,
2026-08-16T11:11:04+00:00,4852,23.68,68.99,1,1,1017.3,,,,
2026-08-16T11:21:04+00:00,4853,23.69,68.4,2,2,1017.2,,,,
2026-08-16T11:31:04+00:00,4854,24.52,66.41,7,7,1017.2,,,,
2026-08-16T11:41:04+00:00,4855,26.36,62.29,7,7,1017.1,,,,
2026-08-16T11:51:04+00:00,4856,26.22,62.52,6,6,1017.2,,,,
2026-08-16T12:01:04+00:00,4857,25.57,63.97,5,5,1017,,,,
2026-08-16T12:11:04+00:00,4858,27.34,58.22,5,5,1017,,,,
2026-08-16T12:21:04+00:00,4859,26.87,59.46,2,2,1016.8,,,,
2026-08-16T12:31:04+00:00,4860,27.96,56.68,5,5,1016.7,,,,
2026-08-16T12:41:04+00:00,4861,28.87,52.92,4,4,1016.5,,,,
2026-08-16T12:51:04+00:00,4862,28.85,53.61,4,4,1016.5,,,,
2026-08-16T13:01:04+00:00,4863,29.58,53.05,2,2,1016.4,,,,
2026-08-16T13:11:04+00:00,4864,28.24,54.36,1,1,1016.4,,,,
2026-08-16T13:21:04+00:00,4865,27.47,55.82,5,5,1016.2,,,,
2026-08-16T13:31:04+00:00,4866,27.31,56.34,2,2,1016.3,,,,
2026-08-16T13:41:04+00:00,4867,28.36,53.47,4,4,1016.1,,,,
2026-08-16T13:51:04+00:00,4868,27,56.57,5,5,1016.1,,,,
2026-08-16T14:01:04+00:00,4869,27.62,56.12,3,3,1016,,,,
2026-08-16T14:11:04+00:00,4870,28.5,53.44,4,4,1015.8,,,,
2026-08-16T14:21:04+00:00,4871,29.83,51.05,3,3,1015.7,,,,
2026-08-16T14:31:04+00:00,4872,28.09,53.5,3,3,1015.8,,,,
2026-08-16T14:41:04+00:00,4873,27.47,54.83,2,2,1015.8,,,,
2026-08-16T14:51:04+00:00,4874,27.04,56.07,5,5,1015.8,,,,
2026-08-16T15:01:04+00:00,4875,26.99,55.97,1,1,1015.7,,,,
2026-08-16T15:11:04+00:00,4876,26.78,56.4,5,5,1015.6,,,,
2026-08-16T15:21:04+00:00,4877,26.94,55.7,3,3,1015.6,,,,
2026-08-16T15:31:04+00:00,4878,27.1,55.08,2,2,1015.4,,,,
2026-08-16T15:41:04+00:00,4879,27.04,54.69,2,2,1015.4,,,,
2026-08-16T15:51:04+00:00,4880,26.64,55.73,3,3,1015.3,,,,
2026-08-16T16:01:04+00:00,4881,26.57,55.83,1,1,1015.3,,,,
2026-08-16T16:11:04+00:00,4882,26.84,56,4,4,1015.1,,,,
2026-08-16T16:21:04+00:00,4883,27.04,55.58,3,3,1015.1,,,,
2026-08-16T16:31:04+00:00,4884,27,55.47,3,3,1015.1,,,,
2026-08-16T16:41:04+00:00,4885,26.82,56,7,7,1014.9,,,,
2026-08-16T16:51:04+00:00,4886,26.85,56,3,3,1015,,,,
2026-08-16T17:01:04+00:00,4887,26.66,56.92,3,3,1015,,,,
2026-08-16T17:11:04+00:00,4888,26.45,57.24,2,2,1015.1,,,,
2026-08-16T17:21:04+00:00,4889,26.3,58.23,1,1,1015.1,,,,
2026-08-16T17:31:04+00:00,4890,26.25,57.97,5,5,1014.8,,,,
2026-08-16T17:41:04+00:00,4891,26.3,58.33,7,7,1014.7,,,,
2026-08-16T17:51:03+00:00,4892,25.99,58.59,5,5,1014.7,,,,
2026-08-16T18:01:03+00:00,4893,25.92,59.18,2,2,1014.9,,,,
2026-08-16T18:11:03+00:00,4894,25.65,59.7,2,2,1014.6,,,,
2026-08-16T18:21:04+00:00,4895,25.48,59.83,5,5,1014.6,,,,
2026-08-16T18:31:03+00:00,4896,25.33,60.43,2,2,1014.7,,,,
2026-08-16T18:41:03+00:00,4897,25.2,61.25,5,5,1014.7,,,,
2026-08-16T18:51:03+00:00,4898,25.07,61.05,4,4,1014.6,,,,
2026-08-16T19:01:03+00:00,4899,24.93,60.88,3,3,1014.5,,,,
2026-08-16T19:11:03+00:00,4900,24.88,61.08,5,5,1014.5,,,,
2026-08-16T19:21:03+00:00,4901,24.73,61.31,5,5,1014.4,,,,
2026-08-16T19:31:03+00:00,4902,24.68,61.11,7,7,1014.5,,,,
2026-08-16T19:41:03+00:00,4903,24.62,61.21,11,11,1014.7,,,,
2026-08-16T19:51:03+00:00,4904,24.49,61.44,1,1,1014.6,,,,
2026-08-16T20:01:03+00:00,4905,24.4,61.54,2,2,1014.6,,,,
2026-08-16T20:11:03+00:00,4906,24.29,61.96,6,6,1014.7,,,,
2026-08-16T20:21:03+00:00,4907,24.22,61.96,6,6,1014.7,,,,
2026-08-16T20:31:03+00:00,4908,24.05,67.37,2,2,1014.9,,,,
2026-08-16T20:41:03+00:00,4909,23.73,68.79,3,3,1014.9,,,,
2026-08-16T20:51:03+00:00,4910,23.57,70.03,7,7,1014.9,,,,
2026-08-16T21:01:03+00:00,4911,23.33,70.86,7,7,1014.8,,,,
2026-08-16T21:11:03+00:00,4912,23.25,71.45,2,2,1014.8,,,,
2026-08-16T21:21:03+00:00,4913,23.19,72.05,5,5,1014.8,,,,
2026-08-16T21:31:03+00:00,4914,23.09,72.28,2,2,1014.9,,,,
2026-08-16T21:41:03+00:00,4915,23.07,72.68,0,0,1014.8,,,,
2026-08-16T21:51:03+00:00,4916,23.07,72.78,6,6,1014.6,,,,
2026-08-16T22:01:03+00:00,4917,23.01,73.08,4,4,1014.8,,,,
2026-08-16T22:11:03+00:00,4918,22.94,73.38,1,1,1014.4,,,,
2026-08-16T22:21:03+00:00,4919,22.8,74.21,3,3,1014.6,,,,
2026-08-16T22:31:03+00:00,4920,22.79,75.31,2,2,1014.6,,,,
2026-08-16T22:41:03+00:00,4921,22.65,76.84,4,4,1014.6,,,,
2026-08-16T22:51:03+00:00,4922,21.39,71.33,3,3,1014.9,,,,
2026-08-16T23:01:03+00:00,4923,21.39,71.12,5,5,1014.8,,,,
2026-08-16T23:11:03+00:00,4924,21.76,66.66,3,3,1014.8,,,,
2026-08-16T23:21:03+00:00,4925,21.73,67.79,0,0,1014.9,,,,
2026-08-16T23:31:03+00:00,4926,21.76,65.66,4,4,1014.8,,,,
2026-08-16T23:41:03+00:00,4927,21.8,66.06,2,2,1014.8,,,,
2026-08-16T23:51:03+00:00,4928,21.77,66.36,1,1,1014.6,,,,
2026-08-17T00:01:03+00:00,4929,21.66,65.49,2,2,1014.5,,,,
2026-08-17T00:11:03+00:00,4930,21.71,65.09,1,1,1014.4,,,,
2026-08-17T00:21:03+00:00,4931,21.9,63.76,2,2,1014.5,,,,
2026-08-17T00:31:03+00:00,4932,21.81,62.66,1,1,1014.3,,,,
2026-08-17T00:41:03+00:00,4933,21.18,65.45,1,1,1014.5,,,,
2026-08-17T00:51:03+00:00,4934,21.16,62.75,4,4,1014.4,,,,
2026-08-17T01:01:03+00:00,4935,21.59,60.49,3,3,1014.3,,,,
2026-08-17T01:11:03+00:00,4936,21.53,62.19,3,3,1014.4,,,,
2026-08-17T01:21:03+00:00,4937,21.64,62.09,2,2,1014.2,,,,
2026-08-17T01:31:03+00:00,4938,21.61,63.29,1,1,1014.3,,,,
2026-08-17T01:41:03+00:00,4939,21.39,65.72,4,4,1014.3,,,,
2026-08-17T01:51:03+00:00,4940,21.25,66.16,1,1,1014.3,,,,
2026-08-17T02:01:03+00:00,4941,21.22,65.66,1,1,1014.3,,,,
2026-08-17T02:11:03+00:00,4942,21.18,65.36,3,3,1014.4,,,,
2026-08-17T02:21:03+00:00,4943,21.06,64.55,6,6,1014.3,,,,
2026-08-17T02:31:03+00:00,4944,21.03,64.39,3,3,1014.3,,,,
2026-08-17T02:41:03+00:00,4945,20.87,64.18,7,7,1014.3,,,,
2026-08-17T02:51:03+00:00,4946,20.74,61.81,4,4,1014.2,,,,
2026-08-17T03:01:03+00:00,4947,20.54,61.54,0,0,1014.3,,,,
2026-08-17T03:11:03+00:00,4948,20.31,61.87,2,2,1014.5,,,,
2026-08-17T03:21:03+00:00,4949,20.29,61.97,0,0,1014.4,,,,
2026-08-17T03:31:03+00:00,4950,20.17,62.47,3,3,1014.4,,,,
2026-08-17T03:41:03+00:00,4951,20.14,62.87,0,0,1014.5,,,,
2026-08-17T03:51:03+00:00,4952,20.16,62.27,0,0,1014.5,,,,
2026-08-17T04:01:03+00:00,4953,20.06,62.7,2,2,1014.6,,,,
2026-08-17T04:11:03+00:00,4954,19.99,62.9,1,1,1014.5,,,,
2026-08-17T04:21:03+00:00,4955,19.83,63.23,2,2,1014.3,,,,
2026-08-17T04:31:03+00:00,4956,19.83,63.43,1,1,1014.4,,,,
2026-08-17T04:41:03+00:00,4957,19.84,62.73,2,2,1014.4,,,,
2026-08-17T04:51:03+00:00,4958,19.83,62.53,0,0,1014.4,,,,
2026-08-17T05:01:03+00:00,4959,19.83,62.43,3,3,1014.4,,,,
2026-08-17T05:11:03+00:00,4960,19.78,62.83,1,1,1014.5,,,,
2026-08-17T05:21:03+00:00,4961,19.8,63.03,1,1,1014.6,,,,
